,a,b
afrimgsm_amh_0,0.79315966,-0.3160993
afrimgsm_amh_1,0.681165,1.1876816
afrimgsm_amh_10,0.79315966,-0.3160993
afrimgsm_amh_100,0.681165,1.1876816
afrimgsm_amh_101,0.79315966,-0.3160993
afrimgsm_amh_102,0.79315966,-0.3160993
afrimgsm_amh_103,0.79315966,-0.3160993
afrimgsm_amh_104,0.79315966,-0.3160993
afrimgsm_amh_105,0.79315966,-0.3160993
afrimgsm_amh_106,0.69851464,0.20161274
afrimgsm_amh_107,0.681165,1.1876816
afrimgsm_amh_108,0.79315966,-0.3160993
afrimgsm_amh_109,0.681165,1.1876816
afrimgsm_amh_11,0.68251354,0.694715
afrimgsm_amh_110,0.79315966,-0.3160993
afrimgsm_amh_111,0.681165,1.1876816
afrimgsm_amh_112,0.79315966,-0.3160993
afrimgsm_amh_113,0.79315966,-0.3160993
afrimgsm_amh_114,0.79315966,-0.3160993
afrimgsm_amh_115,0.79315966,-0.3160993
afrimgsm_amh_116,0.79315966,-0.3160993
afrimgsm_amh_117,0.72505677,0.21326363
afrimgsm_amh_118,0.79315966,-0.3160993
afrimgsm_amh_119,0.681165,1.1876816
afrimgsm_amh_12,0.681165,1.1876816
afrimgsm_amh_120,0.681165,1.1876816
afrimgsm_amh_121,0.79315966,-0.3160993
afrimgsm_amh_122,0.79315966,-0.3160993
afrimgsm_amh_123,0.72505677,0.21326363
afrimgsm_amh_124,0.79315966,-0.3160993
afrimgsm_amh_125,0.79315966,-0.3160993
afrimgsm_amh_126,0.79315966,-0.3160993
afrimgsm_amh_127,0.79315966,-0.3160993
afrimgsm_amh_128,0.79315966,-0.3160993
afrimgsm_amh_129,0.72505677,0.21326363
afrimgsm_amh_13,0.72505677,0.21326363
afrimgsm_amh_130,0.79315966,-0.3160993
afrimgsm_amh_131,0.79315966,-0.3160993
afrimgsm_amh_132,0.79315966,-0.3160993
afrimgsm_amh_133,0.79315966,-0.3160993
afrimgsm_amh_134,0.79315966,-0.3160993
afrimgsm_amh_135,0.72505677,0.21326363
afrimgsm_amh_136,0.79315966,-0.3160993
afrimgsm_amh_137,0.681165,1.1876816
afrimgsm_amh_138,0.79315966,-0.3160993
afrimgsm_amh_139,0.79315966,-0.3160993
afrimgsm_amh_14,0.681165,1.1876816
afrimgsm_amh_140,0.79315966,-0.3160993
afrimgsm_amh_141,0.79315966,-0.3160993
afrimgsm_amh_142,0.79315966,-0.3160993
afrimgsm_amh_143,0.79315966,-0.3160993
afrimgsm_amh_144,0.79315966,-0.3160993
afrimgsm_amh_145,0.79315966,-0.3160993
afrimgsm_amh_146,0.79315966,-0.3160993
afrimgsm_amh_147,0.65456736,0.67088765
afrimgsm_amh_148,0.79315966,-0.3160993
afrimgsm_amh_149,0.79315966,-0.3160993
afrimgsm_amh_15,0.79315966,-0.3160993
afrimgsm_amh_150,0.79315966,-0.3160993
afrimgsm_amh_151,0.68251354,0.694715
afrimgsm_amh_152,0.681165,1.1876816
afrimgsm_amh_153,0.6794138,0.69208974
afrimgsm_amh_154,0.79315966,-0.3160993
afrimgsm_amh_155,0.79315966,-0.3160993
afrimgsm_amh_156,0.72505677,0.21326363
afrimgsm_amh_157,0.79315966,-0.3160993
afrimgsm_amh_158,0.79315966,-0.3160993
afrimgsm_amh_159,0.681165,1.1876816
afrimgsm_amh_16,0.79315966,-0.3160993
afrimgsm_amh_160,0.79315966,-0.3160993
afrimgsm_amh_161,0.79315966,-0.3160993
afrimgsm_amh_162,0.6794138,0.69208974
afrimgsm_amh_163,0.72505677,0.21326363
afrimgsm_amh_164,0.79315966,-0.3160993
afrimgsm_amh_165,0.7054685,-0.8489991
afrimgsm_amh_166,0.79315966,-0.3160993
afrimgsm_amh_167,0.79315966,-0.3160993
afrimgsm_amh_168,0.79315966,-0.3160993
afrimgsm_amh_169,0.79315966,-0.3160993
afrimgsm_amh_17,0.7054685,-0.8489991
afrimgsm_amh_170,0.69548357,0.2002947
afrimgsm_amh_171,0.79315966,-0.3160993
afrimgsm_amh_172,0.79315966,-0.3160993
afrimgsm_amh_173,0.79315966,-0.3160993
afrimgsm_amh_174,0.65456736,0.67088765
afrimgsm_amh_175,0.79315966,-0.3160993
afrimgsm_amh_176,0.79315966,-0.3160993
afrimgsm_amh_177,0.72505677,0.21326363
afrimgsm_amh_178,0.72505677,0.21326363
afrimgsm_amh_179,0.79315966,-0.3160993
afrimgsm_amh_18,0.7054685,-0.8489991
afrimgsm_amh_180,0.79315966,-0.3160993
afrimgsm_amh_181,0.681165,1.1876816
afrimgsm_amh_182,0.72505677,0.21326363
afrimgsm_amh_183,0.79315966,-0.3160993
afrimgsm_amh_184,0.681165,1.1876816
afrimgsm_amh_185,0.681165,1.1876816
afrimgsm_amh_186,0.79315966,-0.3160993
afrimgsm_amh_187,0.69548357,0.2002947
afrimgsm_amh_188,0.79315966,-0.3160993
afrimgsm_amh_189,0.65456736,0.67088765
afrimgsm_amh_19,0.79315966,-0.3160993
afrimgsm_amh_190,0.79315966,-0.3160993
afrimgsm_amh_191,0.79315966,-0.3160993
afrimgsm_amh_192,0.79315966,-0.3160993
afrimgsm_amh_193,0.69548357,0.2002947
afrimgsm_amh_194,0.7054685,-0.8489991
afrimgsm_amh_195,0.681165,1.1876816
afrimgsm_amh_196,0.79315966,-0.3160993
afrimgsm_amh_197,0.79315966,-0.3160993
afrimgsm_amh_198,0.79315966,-0.3160993
afrimgsm_amh_199,0.69851464,0.20161274
afrimgsm_amh_2,0.72505677,0.21326363
afrimgsm_amh_20,0.79315966,-0.3160993
afrimgsm_amh_200,0.7054685,-0.8489991
afrimgsm_amh_201,0.79315966,-0.3160993
afrimgsm_amh_202,0.79315966,-0.3160993
afrimgsm_amh_203,0.6794138,0.69208974
afrimgsm_amh_204,0.79315966,-0.3160993
afrimgsm_amh_205,0.72505677,0.21326363
afrimgsm_amh_206,0.79315966,-0.3160993
afrimgsm_amh_207,0.69548357,0.2002947
afrimgsm_amh_208,0.79315966,-0.3160993
afrimgsm_amh_209,0.79315966,-0.3160993
afrimgsm_amh_21,0.79315966,-0.3160993
afrimgsm_amh_210,0.79315966,-0.3160993
afrimgsm_amh_211,0.69851464,0.20161274
afrimgsm_amh_212,0.79315966,-0.3160993
afrimgsm_amh_213,0.79315966,-0.3160993
afrimgsm_amh_214,0.79315966,-0.3160993
afrimgsm_amh_215,0.7054685,-0.8489991
afrimgsm_amh_216,0.79315966,-0.3160993
afrimgsm_amh_217,0.79315966,-0.3160993
afrimgsm_amh_218,0.79315966,-0.3160993
afrimgsm_amh_219,0.69548357,0.2002947
afrimgsm_amh_22,0.79315966,-0.3160993
afrimgsm_amh_220,0.681165,1.1876816
afrimgsm_amh_221,0.79315966,-0.3160993
afrimgsm_amh_222,0.68251354,0.694715
afrimgsm_amh_223,0.69548357,0.2002947
afrimgsm_amh_224,0.79315966,-0.3160993
afrimgsm_amh_225,0.681165,1.1876816
afrimgsm_amh_226,0.79315966,-0.3160993
afrimgsm_amh_227,0.5167476,0.5484656
afrimgsm_amh_228,0.7054685,-0.8489991
afrimgsm_amh_229,0.79315966,-0.3160993
afrimgsm_amh_23,0.79315966,-0.3160993
afrimgsm_amh_230,0.69548357,0.2002947
afrimgsm_amh_231,0.72505677,0.21326363
afrimgsm_amh_232,0.681165,1.1876816
afrimgsm_amh_233,0.79315966,-0.3160993
afrimgsm_amh_234,0.79315966,-0.3160993
afrimgsm_amh_235,0.79315966,-0.3160993
afrimgsm_amh_236,0.72505677,0.21326363
afrimgsm_amh_237,0.7054685,-0.8489991
afrimgsm_amh_238,0.6794138,0.69208974
afrimgsm_amh_239,0.79315966,-0.3160993
afrimgsm_amh_24,0.69548357,0.2002947
afrimgsm_amh_240,0.79315966,-0.3160993
afrimgsm_amh_241,0.6794138,0.69208974
afrimgsm_amh_242,0.79315966,-0.3160993
afrimgsm_amh_243,0.79315966,-0.3160993
afrimgsm_amh_244,0.72505677,0.21326363
afrimgsm_amh_245,0.72505677,0.21326363
afrimgsm_amh_246,0.79315966,-0.3160993
afrimgsm_amh_247,0.79315966,-0.3160993
afrimgsm_amh_248,0.79315966,-0.3160993
afrimgsm_amh_249,0.79315966,-0.3160993
afrimgsm_amh_25,0.79315966,-0.3160993
afrimgsm_amh_26,0.79315966,-0.3160993
afrimgsm_amh_27,0.681165,1.1876816
afrimgsm_amh_28,0.79315966,-0.3160993
afrimgsm_amh_29,0.79315966,-0.3160993
afrimgsm_amh_3,0.79315966,-0.3160993
afrimgsm_amh_30,0.79315966,-0.3160993
afrimgsm_amh_31,0.79315966,-0.3160993
afrimgsm_amh_32,0.69548357,0.2002947
afrimgsm_amh_33,0.79315966,-0.3160993
afrimgsm_amh_34,0.79315966,-0.3160993
afrimgsm_amh_35,0.7054685,-0.8489991
afrimgsm_amh_36,0.681165,1.1876816
afrimgsm_amh_37,0.72505677,0.21326363
afrimgsm_amh_38,0.79315966,-0.3160993
afrimgsm_amh_39,0.681165,1.1876816
afrimgsm_amh_4,0.79315966,-0.3160993
afrimgsm_amh_40,0.79315966,-0.3160993
afrimgsm_amh_41,0.79315966,-0.3160993
afrimgsm_amh_42,0.79315966,-0.3160993
afrimgsm_amh_43,0.79315966,-0.3160993
afrimgsm_amh_44,0.5489363,0.14049777
afrimgsm_amh_45,0.79315966,-0.3160993
afrimgsm_amh_46,0.79315966,-0.3160993
afrimgsm_amh_47,0.79315966,-0.3160993
afrimgsm_amh_48,0.79315966,-0.3160993
afrimgsm_amh_49,0.681165,1.1876816
afrimgsm_amh_5,0.79315966,-0.3160993
afrimgsm_amh_50,0.79315966,-0.3160993
afrimgsm_amh_51,0.79315966,-0.3160993
afrimgsm_amh_52,0.7054685,-0.8489991
afrimgsm_amh_53,0.681165,1.1876816
afrimgsm_amh_54,0.681165,1.1876816
afrimgsm_amh_55,0.79315966,-0.3160993
afrimgsm_amh_56,0.79315966,-0.3160993
afrimgsm_amh_57,0.681165,1.1876816
afrimgsm_amh_58,0.6794138,0.69208974
afrimgsm_amh_59,0.69851464,0.20161274
afrimgsm_amh_6,0.79315966,-0.3160993
afrimgsm_amh_60,0.79315966,-0.3160993
afrimgsm_amh_61,0.79315966,-0.3160993
afrimgsm_amh_62,0.72505677,0.21326363
afrimgsm_amh_63,0.79315966,-0.3160993
afrimgsm_amh_64,0.681165,1.1876816
afrimgsm_amh_65,0.79315966,-0.3160993
afrimgsm_amh_66,0.79315966,-0.3160993
afrimgsm_amh_67,0.79315966,-0.3160993
afrimgsm_amh_68,0.79315966,-0.3160993
afrimgsm_amh_69,0.79315966,-0.3160993
afrimgsm_amh_7,0.681165,1.1876816
afrimgsm_amh_70,0.79315966,-0.3160993
afrimgsm_amh_71,0.79315966,-0.3160993
afrimgsm_amh_72,0.79315966,-0.3160993
afrimgsm_amh_73,0.72505677,0.21326363
afrimgsm_amh_74,0.69548357,0.2002947
afrimgsm_amh_75,0.69548357,0.2002947
afrimgsm_amh_76,0.7054685,-0.8489991
afrimgsm_amh_77,0.681165,1.1876816
afrimgsm_amh_78,0.79315966,-0.3160993
afrimgsm_amh_79,0.79315966,-0.3160993
afrimgsm_amh_8,0.72505677,0.21326363
afrimgsm_amh_80,0.79315966,-0.3160993
afrimgsm_amh_81,0.79315966,-0.3160993
afrimgsm_amh_82,0.72505677,0.21326363
afrimgsm_amh_83,0.79315966,-0.3160993
afrimgsm_amh_84,0.79315966,-0.3160993
afrimgsm_amh_85,0.79315966,-0.3160993
afrimgsm_amh_86,0.79315966,-0.3160993
afrimgsm_amh_87,0.681165,1.1876816
afrimgsm_amh_88,0.7054685,-0.8489991
afrimgsm_amh_89,0.68251354,0.694715
afrimgsm_amh_9,0.79315966,-0.3160993
afrimgsm_amh_90,0.79315966,-0.3160993
afrimgsm_amh_91,0.79315966,-0.3160993
afrimgsm_amh_92,0.79315966,-0.3160993
afrimgsm_amh_93,0.69548357,0.2002947
afrimgsm_amh_94,0.79315966,-0.3160993
afrimgsm_amh_95,0.79315966,-0.3160993
afrimgsm_amh_96,0.79315966,-0.3160993
afrimgsm_amh_97,0.79315966,-0.3160993
afrimgsm_amh_98,0.6794138,0.69208974
afrimgsm_amh_99,0.6794138,0.69208974
afrimgsm_eng_0,0.7054685,-0.8489991
afrimgsm_eng_1,0.7054685,-0.8489991
afrimgsm_eng_10,0.7054685,-0.8489991
afrimgsm_eng_100,0.69851464,0.20161274
afrimgsm_eng_101,0.7054685,-0.8489991
afrimgsm_eng_102,0.79315966,-0.3160993
afrimgsm_eng_103,0.79315966,-0.3160993
afrimgsm_eng_104,0.69851464,0.20161274
afrimgsm_eng_105,0.69851464,0.20161274
afrimgsm_eng_106,0.7054685,-0.8489991
afrimgsm_eng_107,0.79315966,-0.3160993
afrimgsm_eng_108,0.7054685,-0.8489991
afrimgsm_eng_109,0.681165,1.1876816
afrimgsm_eng_11,0.7054685,-0.8489991
afrimgsm_eng_110,0.7054685,-0.8489991
afrimgsm_eng_111,0.69851464,0.20161274
afrimgsm_eng_112,0.7054685,-0.8489991
afrimgsm_eng_113,0.7054685,-0.8489991
afrimgsm_eng_114,0.79315966,-0.3160993
afrimgsm_eng_115,0.79315966,-0.3160993
afrimgsm_eng_116,0.79315966,-0.3160993
afrimgsm_eng_117,0.7054685,-0.8489991
afrimgsm_eng_118,0.7054685,-0.8489991
afrimgsm_eng_119,0.681165,1.1876816
afrimgsm_eng_12,0.68251354,0.694715
afrimgsm_eng_120,0.69851464,0.20161274
afrimgsm_eng_121,0.79315966,-0.3160993
afrimgsm_eng_122,0.79315966,-0.3160993
afrimgsm_eng_123,0.6104306,-0.30883098
afrimgsm_eng_124,0.79315966,-0.3160993
afrimgsm_eng_125,0.7054685,-0.8489991
afrimgsm_eng_126,0.69851464,0.20161274
afrimgsm_eng_127,0.59232324,-0.3066153
afrimgsm_eng_128,0.79315966,-0.3160993
afrimgsm_eng_129,0.79315966,-0.3160993
afrimgsm_eng_13,0.79315966,-0.3160993
afrimgsm_eng_130,0.7054685,-0.8489991
afrimgsm_eng_131,0.7054685,-0.8489991
afrimgsm_eng_132,0.79315966,-0.3160993
afrimgsm_eng_133,0.7054685,-0.8489991
afrimgsm_eng_134,0.7054685,-0.8489991
afrimgsm_eng_135,0.79315966,-0.3160993
afrimgsm_eng_136,0.7054685,-0.8489991
afrimgsm_eng_137,0.681165,1.1876816
afrimgsm_eng_138,0.7054685,-0.8489991
afrimgsm_eng_139,0.79315966,-0.3160993
afrimgsm_eng_14,0.69851464,0.20161274
afrimgsm_eng_140,0.7054685,-0.8489991
afrimgsm_eng_141,0.7054685,-0.8489991
afrimgsm_eng_142,0.79315966,-0.3160993
afrimgsm_eng_143,0.6104306,-0.30883098
afrimgsm_eng_144,0.7054685,-0.8489991
afrimgsm_eng_145,0.59232324,-0.3066153
afrimgsm_eng_146,0.59232324,-0.3066153
afrimgsm_eng_147,0.72505677,0.21326363
afrimgsm_eng_148,0.7054685,-0.8489991
afrimgsm_eng_149,0.79315966,-0.3160993
afrimgsm_eng_15,0.79315966,-0.3160993
afrimgsm_eng_150,0.79315966,-0.3160993
afrimgsm_eng_151,0.68251354,0.694715
afrimgsm_eng_152,0.681165,1.1876816
afrimgsm_eng_153,0.7054685,-0.8489991
afrimgsm_eng_154,0.79315966,-0.3160993
afrimgsm_eng_155,0.79315966,-0.3160993
afrimgsm_eng_156,0.79315966,-0.3160993
afrimgsm_eng_157,0.79315966,-0.3160993
afrimgsm_eng_158,0.79315966,-0.3160993
afrimgsm_eng_159,0.7054685,-0.8489991
afrimgsm_eng_16,0.79315966,-0.3160993
afrimgsm_eng_160,0.59232324,-0.3066153
afrimgsm_eng_161,0.6104306,-0.30883098
afrimgsm_eng_162,0.72505677,0.21326363
afrimgsm_eng_163,0.72505677,0.21326363
afrimgsm_eng_164,0.79315966,-0.3160993
afrimgsm_eng_165,0.79315966,-0.3160993
afrimgsm_eng_166,0.79315966,-0.3160993
afrimgsm_eng_167,0.7054685,-0.8489991
afrimgsm_eng_168,0.7054685,-0.8489991
afrimgsm_eng_169,0.79315966,-0.3160993
afrimgsm_eng_17,0.79315966,-0.3160993
afrimgsm_eng_170,0.79315966,-0.3160993
afrimgsm_eng_171,0.7054685,-0.8489991
afrimgsm_eng_172,0.7054685,-0.8489991
afrimgsm_eng_173,0.7054685,-0.8489991
afrimgsm_eng_174,0.65456736,0.67088765
afrimgsm_eng_175,0.79315966,-0.3160993
afrimgsm_eng_176,0.69851464,0.20161274
afrimgsm_eng_177,0.7054685,-0.8489991
afrimgsm_eng_178,0.79315966,-0.3160993
afrimgsm_eng_179,0.7054685,-0.8489991
afrimgsm_eng_18,0.6104306,-0.30883098
afrimgsm_eng_180,0.79315966,-0.3160993
afrimgsm_eng_181,0.72505677,0.21326363
afrimgsm_eng_182,0.7054685,-0.8489991
afrimgsm_eng_183,0.7054685,-0.8489991
afrimgsm_eng_184,0.68251354,0.694715
afrimgsm_eng_185,0.79315966,-0.3160993
afrimgsm_eng_186,0.7054685,-0.8489991
afrimgsm_eng_187,0.5471161,0.13981448
afrimgsm_eng_188,0.79315966,-0.3160993
afrimgsm_eng_189,0.6794138,0.69208974
afrimgsm_eng_19,0.79315966,-0.3160993
afrimgsm_eng_190,0.59232324,-0.3066153
afrimgsm_eng_191,0.7054685,-0.8489991
afrimgsm_eng_192,0.7054685,-0.8489991
afrimgsm_eng_193,0.79315966,-0.3160993
afrimgsm_eng_194,0.7054685,-0.8489991
afrimgsm_eng_195,0.681165,1.1876816
afrimgsm_eng_196,0.59232324,-0.3066153
afrimgsm_eng_197,0.59232324,-0.3066153
afrimgsm_eng_198,0.79315966,-0.3160993
afrimgsm_eng_199,0.79315966,-0.3160993
afrimgsm_eng_2,0.79315966,-0.3160993
afrimgsm_eng_20,0.68251354,0.694715
afrimgsm_eng_200,0.79315966,-0.3160993
afrimgsm_eng_201,0.79315966,-0.3160993
afrimgsm_eng_202,0.7054685,-0.8489991
afrimgsm_eng_203,0.79315966,-0.3160993
afrimgsm_eng_204,0.79315966,-0.3160993
afrimgsm_eng_205,0.79315966,-0.3160993
afrimgsm_eng_206,0.79315966,-0.3160993
afrimgsm_eng_207,0.69851464,0.20161274
afrimgsm_eng_208,0.7054685,-0.8489991
afrimgsm_eng_209,0.72505677,0.21326363
afrimgsm_eng_21,0.7054685,-0.8489991
afrimgsm_eng_210,0.7054685,-0.8489991
afrimgsm_eng_211,0.7054685,-0.8489991
afrimgsm_eng_212,0.7054685,-0.8489991
afrimgsm_eng_213,0.7054685,-0.8489991
afrimgsm_eng_214,0.79315966,-0.3160993
afrimgsm_eng_215,0.7054685,-0.8489991
afrimgsm_eng_216,0.7054685,-0.8489991
afrimgsm_eng_217,0.7054685,-0.8489991
afrimgsm_eng_218,0.79315966,-0.3160993
afrimgsm_eng_219,0.79315966,-0.3160993
afrimgsm_eng_22,0.7054685,-0.8489991
afrimgsm_eng_220,0.5902392,-0.30633837
afrimgsm_eng_221,0.7054685,-0.8489991
afrimgsm_eng_222,0.7054685,-0.8489991
afrimgsm_eng_223,0.79315966,-0.3160993
afrimgsm_eng_224,0.7054685,-0.8489991
afrimgsm_eng_225,0.7054685,-0.8489991
afrimgsm_eng_226,0.79315966,-0.3160993
afrimgsm_eng_227,0.681165,1.1876816
afrimgsm_eng_228,0.7054685,-0.8489991
afrimgsm_eng_229,0.79315966,-0.3160993
afrimgsm_eng_23,0.7054685,-0.8489991
afrimgsm_eng_230,0.79315966,-0.3160993
afrimgsm_eng_231,0.79315966,-0.3160993
afrimgsm_eng_232,0.7054685,-0.8489991
afrimgsm_eng_233,0.7054685,-0.8489991
afrimgsm_eng_234,0.7054685,-0.8489991
afrimgsm_eng_235,0.7054685,-0.8489991
afrimgsm_eng_236,0.6104306,-0.30883098
afrimgsm_eng_237,0.7054685,-0.8489991
afrimgsm_eng_238,0.79315966,-0.3160993
afrimgsm_eng_239,0.79315966,-0.3160993
afrimgsm_eng_24,0.681165,1.1876816
afrimgsm_eng_240,0.79315966,-0.3160993
afrimgsm_eng_241,0.5902392,-0.30633837
afrimgsm_eng_242,0.72505677,0.21326363
afrimgsm_eng_243,0.7054685,-0.8489991
afrimgsm_eng_244,0.72505677,0.21326363
afrimgsm_eng_245,0.79315966,-0.3160993
afrimgsm_eng_246,0.79315966,-0.3160993
afrimgsm_eng_247,0.79315966,-0.3160993
afrimgsm_eng_248,0.59232324,-0.3066153
afrimgsm_eng_249,0.79315966,-0.3160993
afrimgsm_eng_25,0.79315966,-0.3160993
afrimgsm_eng_26,0.79315966,-0.3160993
afrimgsm_eng_27,0.6794138,0.69208974
afrimgsm_eng_28,0.7054685,-0.8489991
afrimgsm_eng_29,0.79315966,-0.3160993
afrimgsm_eng_3,0.7054685,-0.8489991
afrimgsm_eng_30,0.79315966,-0.3160993
afrimgsm_eng_31,0.79315966,-0.3160993
afrimgsm_eng_32,0.79315966,-0.3160993
afrimgsm_eng_33,0.79315966,-0.3160993
afrimgsm_eng_34,0.79315966,-0.3160993
afrimgsm_eng_35,0.7054685,-0.8489991
afrimgsm_eng_36,0.681165,1.1876816
afrimgsm_eng_37,0.72505677,0.21326363
afrimgsm_eng_38,0.59232324,-0.3066153
afrimgsm_eng_39,0.69851464,0.20161274
afrimgsm_eng_4,0.7054685,-0.8489991
afrimgsm_eng_40,0.7054685,-0.8489991
afrimgsm_eng_41,0.79315966,-0.3160993
afrimgsm_eng_42,0.7054685,-0.8489991
afrimgsm_eng_43,0.7054685,-0.8489991
afrimgsm_eng_44,0.681165,1.1876816
afrimgsm_eng_45,0.79315966,-0.3160993
afrimgsm_eng_46,0.7054685,-0.8489991
afrimgsm_eng_47,0.79315966,-0.3160993
afrimgsm_eng_48,0.7054685,-0.8489991
afrimgsm_eng_49,0.79315966,-0.3160993
afrimgsm_eng_5,0.7054685,-0.8489991
afrimgsm_eng_50,0.7054685,-0.8489991
afrimgsm_eng_51,0.7054685,-0.8489991
afrimgsm_eng_52,0.79315966,-0.3160993
afrimgsm_eng_53,0.79315966,-0.3160993
afrimgsm_eng_54,0.79315966,-0.3160993
afrimgsm_eng_55,0.79315966,-0.3160993
afrimgsm_eng_56,0.7054685,-0.8489991
afrimgsm_eng_57,0.79315966,-0.3160993
afrimgsm_eng_58,0.6794138,0.69208974
afrimgsm_eng_59,0.79315966,-0.3160993
afrimgsm_eng_6,0.7054685,-0.8489991
afrimgsm_eng_60,0.79315966,-0.3160993
afrimgsm_eng_61,0.7054685,-0.8489991
afrimgsm_eng_62,0.79315966,-0.3160993
afrimgsm_eng_63,0.79315966,-0.3160993
afrimgsm_eng_64,0.7054685,-0.8489991
afrimgsm_eng_65,0.5489363,0.14049777
afrimgsm_eng_66,0.79315966,-0.3160993
afrimgsm_eng_67,0.69851464,0.20161274
afrimgsm_eng_68,0.69851464,0.20161274
afrimgsm_eng_69,0.79315966,-0.3160993
afrimgsm_eng_7,0.5902392,-0.30633837
afrimgsm_eng_70,0.69548357,0.2002947
afrimgsm_eng_71,0.7054685,-0.8489991
afrimgsm_eng_72,0.7054685,-0.8489991
afrimgsm_eng_73,0.72505677,0.21326363
afrimgsm_eng_74,0.79315966,-0.3160993
afrimgsm_eng_75,0.79315966,-0.3160993
afrimgsm_eng_76,0.7054685,-0.8489991
afrimgsm_eng_77,0.79315966,-0.3160993
afrimgsm_eng_78,0.72505677,0.21326363
afrimgsm_eng_79,0.7054685,-0.8489991
afrimgsm_eng_8,0.69851464,0.20161274
afrimgsm_eng_80,0.79315966,-0.3160993
afrimgsm_eng_81,0.79315966,-0.3160993
afrimgsm_eng_82,0.79315966,-0.3160993
afrimgsm_eng_83,0.7054685,-0.8489991
afrimgsm_eng_84,0.7054685,-0.8489991
afrimgsm_eng_85,0.69851464,0.20161274
afrimgsm_eng_86,0.79315966,-0.3160993
afrimgsm_eng_87,0.72505677,0.21326363
afrimgsm_eng_88,0.79315966,-0.3160993
afrimgsm_eng_89,0.72505677,0.21326363
afrimgsm_eng_9,0.79315966,-0.3160993
afrimgsm_eng_90,0.7054685,-0.8489991
afrimgsm_eng_91,0.59232324,-0.3066153
afrimgsm_eng_92,0.79315966,-0.3160993
afrimgsm_eng_93,0.69548357,0.2002947
afrimgsm_eng_94,0.79315966,-0.3160993
afrimgsm_eng_95,0.79315966,-0.3160993
afrimgsm_eng_96,0.79315966,-0.3160993
afrimgsm_eng_97,0.7054685,-0.8489991
afrimgsm_eng_98,0.72505677,0.21326363
afrimgsm_eng_99,0.79315966,-0.3160993
afrimgsm_hau_0,0.79315966,-0.3160993
afrimgsm_hau_1,0.7054685,-0.8489991
afrimgsm_hau_10,0.69851464,0.20161274
afrimgsm_hau_100,0.79315966,-0.3160993
afrimgsm_hau_101,0.72505677,0.21326363
afrimgsm_hau_102,0.69851464,0.20161274
afrimgsm_hau_103,0.7054685,-0.8489991
afrimgsm_hau_104,0.79315966,-0.3160993
afrimgsm_hau_105,0.7054685,-0.8489991
afrimgsm_hau_106,0.72505677,0.21326363
afrimgsm_hau_107,0.681165,1.1876816
afrimgsm_hau_108,0.69851464,0.20161274
afrimgsm_hau_109,0.681165,1.1876816
afrimgsm_hau_11,0.7054685,-0.8489991
afrimgsm_hau_110,0.79315966,-0.3160993
afrimgsm_hau_111,0.79315966,-0.3160993
afrimgsm_hau_112,0.7054685,-0.8489991
afrimgsm_hau_113,0.79315966,-0.3160993
afrimgsm_hau_114,0.79315966,-0.3160993
afrimgsm_hau_115,0.79315966,-0.3160993
afrimgsm_hau_116,0.79315966,-0.3160993
afrimgsm_hau_117,0.53234434,0.13433552
afrimgsm_hau_118,0.79315966,-0.3160993
afrimgsm_hau_119,0.681165,1.1876816
afrimgsm_hau_12,0.681165,1.1876816
afrimgsm_hau_120,0.7054685,-0.8489991
afrimgsm_hau_121,0.7054685,-0.8489991
afrimgsm_hau_122,0.79315966,-0.3160993
afrimgsm_hau_123,0.5489363,0.14049777
afrimgsm_hau_124,0.72505677,0.21326363
afrimgsm_hau_125,0.7054685,-0.8489991
afrimgsm_hau_126,0.79315966,-0.3160993
afrimgsm_hau_127,0.7054685,-0.8489991
afrimgsm_hau_128,0.6794138,0.69208974
afrimgsm_hau_129,0.79315966,-0.3160993
afrimgsm_hau_13,0.72505677,0.21326363
afrimgsm_hau_130,0.79315966,-0.3160993
afrimgsm_hau_131,0.681165,1.1876816
afrimgsm_hau_132,0.7054685,-0.8489991
afrimgsm_hau_133,0.7054685,-0.8489991
afrimgsm_hau_134,0.7054685,-0.8489991
afrimgsm_hau_135,0.69548357,0.2002947
afrimgsm_hau_136,0.7054685,-0.8489991
afrimgsm_hau_137,0.681165,1.1876816
afrimgsm_hau_138,0.79315966,-0.3160993
afrimgsm_hau_139,0.681165,1.1876816
afrimgsm_hau_14,0.68251354,0.694715
afrimgsm_hau_140,0.681165,1.1876816
afrimgsm_hau_141,0.79315966,-0.3160993
afrimgsm_hau_142,0.7054685,-0.8489991
afrimgsm_hau_143,0.79315966,-0.3160993
afrimgsm_hau_144,0.79315966,-0.3160993
afrimgsm_hau_145,0.79315966,-0.3160993
afrimgsm_hau_146,0.681165,1.1876816
afrimgsm_hau_147,0.68251354,0.694715
afrimgsm_hau_148,0.79315966,-0.3160993
afrimgsm_hau_149,0.7054685,-0.8489991
afrimgsm_hau_15,0.79315966,-0.3160993
afrimgsm_hau_150,0.79315966,-0.3160993
afrimgsm_hau_151,0.681165,1.1876816
afrimgsm_hau_152,0.681165,1.1876816
afrimgsm_hau_153,0.681165,1.1876816
afrimgsm_hau_154,0.681165,1.1876816
afrimgsm_hau_155,0.79315966,-0.3160993
afrimgsm_hau_156,0.6104306,-0.30883098
afrimgsm_hau_157,0.72505677,0.21326363
afrimgsm_hau_158,0.7054685,-0.8489991
afrimgsm_hau_159,0.681165,1.1876816
afrimgsm_hau_16,0.79315966,-0.3160993
afrimgsm_hau_160,0.7054685,-0.8489991
afrimgsm_hau_161,0.79315966,-0.3160993
afrimgsm_hau_162,0.68251354,0.694715
afrimgsm_hau_163,0.681165,1.1876816
afrimgsm_hau_164,0.7054685,-0.8489991
afrimgsm_hau_165,0.7054685,-0.8489991
afrimgsm_hau_166,0.7054685,-0.8489991
afrimgsm_hau_167,0.79315966,-0.3160993
afrimgsm_hau_168,0.7054685,-0.8489991
afrimgsm_hau_169,0.72505677,0.21326363
afrimgsm_hau_17,0.7054685,-0.8489991
afrimgsm_hau_170,0.79315966,-0.3160993
afrimgsm_hau_171,0.7054685,-0.8489991
afrimgsm_hau_172,0.72505677,0.21326363
afrimgsm_hau_173,0.79315966,-0.3160993
afrimgsm_hau_174,0.65456736,0.67088765
afrimgsm_hau_175,0.79315966,-0.3160993
afrimgsm_hau_176,0.7054685,-0.8489991
afrimgsm_hau_177,0.79315966,-0.3160993
afrimgsm_hau_178,0.79315966,-0.3160993
afrimgsm_hau_179,0.7054685,-0.8489991
afrimgsm_hau_18,0.6104306,-0.30883098
afrimgsm_hau_180,0.79315966,-0.3160993
afrimgsm_hau_181,0.72505677,0.21326363
afrimgsm_hau_182,0.681165,1.1876816
afrimgsm_hau_183,0.681165,1.1876816
afrimgsm_hau_184,0.65456736,0.67088765
afrimgsm_hau_185,0.79315966,-0.3160993
afrimgsm_hau_186,0.681165,1.1876816
afrimgsm_hau_187,0.5471161,0.13981448
afrimgsm_hau_188,0.7054685,-0.8489991
afrimgsm_hau_189,0.681165,1.1876816
afrimgsm_hau_19,0.69851464,0.20161274
afrimgsm_hau_190,0.59232324,-0.3066153
afrimgsm_hau_191,0.79315966,-0.3160993
afrimgsm_hau_192,0.79315966,-0.3160993
afrimgsm_hau_193,0.79315966,-0.3160993
afrimgsm_hau_194,0.79315966,-0.3160993
afrimgsm_hau_195,0.681165,1.1876816
afrimgsm_hau_196,0.7054685,-0.8489991
afrimgsm_hau_197,0.7054685,-0.8489991
afrimgsm_hau_198,0.79315966,-0.3160993
afrimgsm_hau_199,0.79315966,-0.3160993
afrimgsm_hau_2,0.79315966,-0.3160993
afrimgsm_hau_20,0.68251354,0.694715
afrimgsm_hau_200,0.7054685,-0.8489991
afrimgsm_hau_201,0.7054685,-0.8489991
afrimgsm_hau_202,0.7054685,-0.8489991
afrimgsm_hau_203,0.69851464,0.20161274
afrimgsm_hau_204,0.7054685,-0.8489991
afrimgsm_hau_205,0.72505677,0.21326363
afrimgsm_hau_206,0.7054685,-0.8489991
afrimgsm_hau_207,0.79315966,-0.3160993
afrimgsm_hau_208,0.7054685,-0.8489991
afrimgsm_hau_209,0.681165,1.1876816
afrimgsm_hau_21,0.681165,1.1876816
afrimgsm_hau_210,0.79315966,-0.3160993
afrimgsm_hau_211,0.681165,1.1876816
afrimgsm_hau_212,0.681165,1.1876816
afrimgsm_hau_213,0.79315966,-0.3160993
afrimgsm_hau_214,0.79315966,-0.3160993
afrimgsm_hau_215,0.7054685,-0.8489991
afrimgsm_hau_216,0.79315966,-0.3160993
afrimgsm_hau_217,0.7054685,-0.8489991
afrimgsm_hau_218,0.79315966,-0.3160993
afrimgsm_hau_219,0.79315966,-0.3160993
afrimgsm_hau_22,0.79315966,-0.3160993
afrimgsm_hau_220,0.5902392,-0.30633837
afrimgsm_hau_221,0.5471161,0.13981448
afrimgsm_hau_222,0.7054685,-0.8489991
afrimgsm_hau_223,0.72505677,0.21326363
afrimgsm_hau_224,0.7054685,-0.8489991
afrimgsm_hau_225,0.5902392,-0.30633837
afrimgsm_hau_226,0.681165,1.1876816
afrimgsm_hau_227,0.681165,1.1876816
afrimgsm_hau_228,0.69851464,0.20161274
afrimgsm_hau_229,0.79315966,-0.3160993
afrimgsm_hau_23,0.7054685,-0.8489991
afrimgsm_hau_230,0.79315966,-0.3160993
afrimgsm_hau_231,0.79315966,-0.3160993
afrimgsm_hau_232,0.681165,1.1876816
afrimgsm_hau_233,0.79315966,-0.3160993
afrimgsm_hau_234,0.65456736,0.67088765
afrimgsm_hau_235,0.7054685,-0.8489991
afrimgsm_hau_236,0.72505677,0.21326363
afrimgsm_hau_237,0.7054685,-0.8489991
afrimgsm_hau_238,0.79315966,-0.3160993
afrimgsm_hau_239,0.79315966,-0.3160993
afrimgsm_hau_24,0.65456736,0.67088765
afrimgsm_hau_240,0.7054685,-0.8489991
afrimgsm_hau_241,0.7054685,-0.8489991
afrimgsm_hau_242,0.79315966,-0.3160993
afrimgsm_hau_243,0.7054685,-0.8489991
afrimgsm_hau_244,0.6794138,0.69208974
afrimgsm_hau_245,0.72505677,0.21326363
afrimgsm_hau_246,0.79315966,-0.3160993
afrimgsm_hau_247,0.7054685,-0.8489991
afrimgsm_hau_248,0.681165,1.1876816
afrimgsm_hau_249,0.79315966,-0.3160993
afrimgsm_hau_25,0.7054685,-0.8489991
afrimgsm_hau_26,0.65456736,0.67088765
afrimgsm_hau_27,0.6794138,0.69208974
afrimgsm_hau_28,0.7054685,-0.8489991
afrimgsm_hau_29,0.79315966,-0.3160993
afrimgsm_hau_3,0.681165,1.1876816
afrimgsm_hau_30,0.79315966,-0.3160993
afrimgsm_hau_31,0.79315966,-0.3160993
afrimgsm_hau_32,0.7054685,-0.8489991
afrimgsm_hau_33,0.7054685,-0.8489991
afrimgsm_hau_34,0.7054685,-0.8489991
afrimgsm_hau_35,0.79315966,-0.3160993
afrimgsm_hau_36,0.68251354,0.694715
afrimgsm_hau_37,0.6794138,0.69208974
afrimgsm_hau_38,0.79315966,-0.3160993
afrimgsm_hau_39,0.79315966,-0.3160993
afrimgsm_hau_4,0.7054685,-0.8489991
afrimgsm_hau_40,0.7054685,-0.8489991
afrimgsm_hau_41,0.681165,1.1876816
afrimgsm_hau_42,0.79315966,-0.3160993
afrimgsm_hau_43,0.72505677,0.21326363
afrimgsm_hau_44,0.681165,1.1876816
afrimgsm_hau_45,0.681165,1.1876816
afrimgsm_hau_46,0.72505677,0.21326363
afrimgsm_hau_47,0.79315966,-0.3160993
afrimgsm_hau_48,0.7054685,-0.8489991
afrimgsm_hau_49,0.7054685,-0.8489991
afrimgsm_hau_5,0.681165,1.1876816
afrimgsm_hau_50,0.7054685,-0.8489991
afrimgsm_hau_51,0.7054685,-0.8489991
afrimgsm_hau_52,0.79315966,-0.3160993
afrimgsm_hau_53,0.79315966,-0.3160993
afrimgsm_hau_54,0.681165,1.1876816
afrimgsm_hau_55,0.7054685,-0.8489991
afrimgsm_hau_56,0.7054685,-0.8489991
afrimgsm_hau_57,0.79315966,-0.3160993
afrimgsm_hau_58,0.681165,1.1876816
afrimgsm_hau_59,0.79315966,-0.3160993
afrimgsm_hau_6,0.65456736,0.67088765
afrimgsm_hau_60,0.7054685,-0.8489991
afrimgsm_hau_61,0.7054685,-0.8489991
afrimgsm_hau_62,0.72505677,0.21326363
afrimgsm_hau_63,0.681165,1.1876816
afrimgsm_hau_64,0.7054685,-0.8489991
afrimgsm_hau_65,0.6104306,-0.30883098
afrimgsm_hau_66,0.7054685,-0.8489991
afrimgsm_hau_67,0.6794138,0.69208974
afrimgsm_hau_68,0.681165,1.1876816
afrimgsm_hau_69,0.79315966,-0.3160993
afrimgsm_hau_7,0.65456736,0.67088765
afrimgsm_hau_70,0.6794138,0.69208974
afrimgsm_hau_71,0.79315966,-0.3160993
afrimgsm_hau_72,0.7054685,-0.8489991
afrimgsm_hau_73,0.72505677,0.21326363
afrimgsm_hau_74,0.681165,1.1876816
afrimgsm_hau_75,0.79315966,-0.3160993
afrimgsm_hau_76,0.79315966,-0.3160993
afrimgsm_hau_77,0.79315966,-0.3160993
afrimgsm_hau_78,0.72505677,0.21326363
afrimgsm_hau_79,0.7054685,-0.8489991
afrimgsm_hau_8,0.72505677,0.21326363
afrimgsm_hau_80,0.69851464,0.20161274
afrimgsm_hau_81,0.7054685,-0.8489991
afrimgsm_hau_82,0.681165,1.1876816
afrimgsm_hau_83,0.7054685,-0.8489991
afrimgsm_hau_84,0.7054685,-0.8489991
afrimgsm_hau_85,0.69548357,0.2002947
afrimgsm_hau_86,0.79315966,-0.3160993
afrimgsm_hau_87,0.72505677,0.21326363
afrimgsm_hau_88,0.72505677,0.21326363
afrimgsm_hau_89,0.72505677,0.21326363
afrimgsm_hau_9,0.79315966,-0.3160993
afrimgsm_hau_90,0.79315966,-0.3160993
afrimgsm_hau_91,0.79315966,-0.3160993
afrimgsm_hau_92,0.681165,1.1876816
afrimgsm_hau_93,0.69548357,0.2002947
afrimgsm_hau_94,0.79315966,-0.3160993
afrimgsm_hau_95,0.79315966,-0.3160993
afrimgsm_hau_96,0.7054685,-0.8489991
afrimgsm_hau_97,0.72505677,0.21326363
afrimgsm_hau_98,0.72505677,0.21326363
afrimgsm_hau_99,0.79315966,-0.3160993
afrimgsm_ibo_0,0.79315966,-0.3160993
afrimgsm_ibo_1,0.7054685,-0.8489991
afrimgsm_ibo_10,0.79315966,-0.3160993
afrimgsm_ibo_100,0.69548357,0.2002947
afrimgsm_ibo_101,0.79315966,-0.3160993
afrimgsm_ibo_102,0.79315966,-0.3160993
afrimgsm_ibo_103,0.79315966,-0.3160993
afrimgsm_ibo_104,0.79315966,-0.3160993
afrimgsm_ibo_105,0.69851464,0.20161274
afrimgsm_ibo_106,0.68251354,0.694715
afrimgsm_ibo_107,0.79315966,-0.3160993
afrimgsm_ibo_108,0.79315966,-0.3160993
afrimgsm_ibo_109,0.681165,1.1876816
afrimgsm_ibo_11,0.79315966,-0.3160993
afrimgsm_ibo_110,0.69851464,0.20161274
afrimgsm_ibo_111,0.79315966,-0.3160993
afrimgsm_ibo_112,0.79315966,-0.3160993
afrimgsm_ibo_113,0.68251354,0.694715
afrimgsm_ibo_114,0.79315966,-0.3160993
afrimgsm_ibo_115,0.72505677,0.21326363
afrimgsm_ibo_116,0.72505677,0.21326363
afrimgsm_ibo_117,0.79315966,-0.3160993
afrimgsm_ibo_118,0.79315966,-0.3160993
afrimgsm_ibo_119,0.681165,1.1876816
afrimgsm_ibo_12,0.681165,1.1876816
afrimgsm_ibo_120,0.681165,1.1876816
afrimgsm_ibo_121,0.72505677,0.21326363
afrimgsm_ibo_122,0.72505677,0.21326363
afrimgsm_ibo_123,0.79315966,-0.3160993
afrimgsm_ibo_124,0.72505677,0.21326363
afrimgsm_ibo_125,0.72505677,0.21326363
afrimgsm_ibo_126,0.681165,1.1876816
afrimgsm_ibo_127,0.79315966,-0.3160993
afrimgsm_ibo_128,0.79315966,-0.3160993
afrimgsm_ibo_129,0.79315966,-0.3160993
afrimgsm_ibo_13,0.681165,1.1876816
afrimgsm_ibo_130,0.69548357,0.2002947
afrimgsm_ibo_131,0.69548357,0.2002947
afrimgsm_ibo_132,0.72505677,0.21326363
afrimgsm_ibo_133,0.79315966,-0.3160993
afrimgsm_ibo_134,0.79315966,-0.3160993
afrimgsm_ibo_135,0.72505677,0.21326363
afrimgsm_ibo_136,0.79315966,-0.3160993
afrimgsm_ibo_137,0.681165,1.1876816
afrimgsm_ibo_138,0.79315966,-0.3160993
afrimgsm_ibo_139,0.79315966,-0.3160993
afrimgsm_ibo_14,0.681165,1.1876816
afrimgsm_ibo_140,0.79315966,-0.3160993
afrimgsm_ibo_141,0.79315966,-0.3160993
afrimgsm_ibo_142,0.59232324,-0.3066153
afrimgsm_ibo_143,0.79315966,-0.3160993
afrimgsm_ibo_144,0.79315966,-0.3160993
afrimgsm_ibo_145,0.79315966,-0.3160993
afrimgsm_ibo_146,0.72505677,0.21326363
afrimgsm_ibo_147,0.79315966,-0.3160993
afrimgsm_ibo_148,0.79315966,-0.3160993
afrimgsm_ibo_149,0.79315966,-0.3160993
afrimgsm_ibo_15,0.79315966,-0.3160993
afrimgsm_ibo_150,0.79315966,-0.3160993
afrimgsm_ibo_151,0.6794138,0.69208974
afrimgsm_ibo_152,0.5167476,0.5484656
afrimgsm_ibo_153,0.6794138,0.69208974
afrimgsm_ibo_154,0.65456736,0.67088765
afrimgsm_ibo_155,0.69548357,0.2002947
afrimgsm_ibo_156,0.79315966,-0.3160993
afrimgsm_ibo_157,0.79315966,-0.3160993
afrimgsm_ibo_158,0.7054685,-0.8489991
afrimgsm_ibo_159,0.681165,1.1876816
afrimgsm_ibo_16,0.5902392,-0.30633837
afrimgsm_ibo_160,0.79315966,-0.3160993
afrimgsm_ibo_161,0.6794138,0.69208974
afrimgsm_ibo_162,0.72505677,0.21326363
afrimgsm_ibo_163,0.681165,1.1876816
afrimgsm_ibo_164,0.7054685,-0.8489991
afrimgsm_ibo_165,0.79315966,-0.3160993
afrimgsm_ibo_166,0.79315966,-0.3160993
afrimgsm_ibo_167,0.79315966,-0.3160993
afrimgsm_ibo_168,0.79315966,-0.3160993
afrimgsm_ibo_169,0.79315966,-0.3160993
afrimgsm_ibo_17,0.6794138,0.69208974
afrimgsm_ibo_170,0.7054685,-0.8489991
afrimgsm_ibo_171,0.69548357,0.2002947
afrimgsm_ibo_172,0.79315966,-0.3160993
afrimgsm_ibo_173,0.79315966,-0.3160993
afrimgsm_ibo_174,0.69548357,0.2002947
afrimgsm_ibo_175,0.79315966,-0.3160993
afrimgsm_ibo_176,0.69548357,0.2002947
afrimgsm_ibo_177,0.79315966,-0.3160993
afrimgsm_ibo_178,0.79315966,-0.3160993
afrimgsm_ibo_179,0.7054685,-0.8489991
afrimgsm_ibo_18,0.72505677,0.21326363
afrimgsm_ibo_180,0.79315966,-0.3160993
afrimgsm_ibo_181,0.72505677,0.21326363
afrimgsm_ibo_182,0.6794138,0.69208974
afrimgsm_ibo_183,0.681165,1.1876816
afrimgsm_ibo_184,0.681165,1.1876816
afrimgsm_ibo_185,0.79315966,-0.3160993
afrimgsm_ibo_186,0.68251354,0.694715
afrimgsm_ibo_187,0.6794138,0.69208974
afrimgsm_ibo_188,0.79315966,-0.3160993
afrimgsm_ibo_189,0.681165,1.1876816
afrimgsm_ibo_19,0.79315966,-0.3160993
afrimgsm_ibo_190,0.79315966,-0.3160993
afrimgsm_ibo_191,0.7054685,-0.8489991
afrimgsm_ibo_192,0.79315966,-0.3160993
afrimgsm_ibo_193,0.79315966,-0.3160993
afrimgsm_ibo_194,0.79315966,-0.3160993
afrimgsm_ibo_195,0.681165,1.1876816
afrimgsm_ibo_196,0.79315966,-0.3160993
afrimgsm_ibo_197,0.79315966,-0.3160993
afrimgsm_ibo_198,0.79315966,-0.3160993
afrimgsm_ibo_199,0.72505677,0.21326363
afrimgsm_ibo_2,0.681165,1.1876816
afrimgsm_ibo_20,0.6794138,0.69208974
afrimgsm_ibo_200,0.7054685,-0.8489991
afrimgsm_ibo_201,0.79315966,-0.3160993
afrimgsm_ibo_202,0.79315966,-0.3160993
afrimgsm_ibo_203,0.79315966,-0.3160993
afrimgsm_ibo_204,0.681165,1.1876816
afrimgsm_ibo_205,0.72505677,0.21326363
afrimgsm_ibo_206,0.79315966,-0.3160993
afrimgsm_ibo_207,0.72505677,0.21326363
afrimgsm_ibo_208,0.79315966,-0.3160993
afrimgsm_ibo_209,0.68251354,0.694715
afrimgsm_ibo_21,0.7054685,-0.8489991
afrimgsm_ibo_210,0.6794138,0.69208974
afrimgsm_ibo_211,0.79315966,-0.3160993
afrimgsm_ibo_212,0.6794138,0.69208974
afrimgsm_ibo_213,0.79315966,-0.3160993
afrimgsm_ibo_214,0.72505677,0.21326363
afrimgsm_ibo_215,0.7054685,-0.8489991
afrimgsm_ibo_216,0.69548357,0.2002947
afrimgsm_ibo_217,0.79315966,-0.3160993
afrimgsm_ibo_218,0.79315966,-0.3160993
afrimgsm_ibo_219,0.79315966,-0.3160993
afrimgsm_ibo_22,0.79315966,-0.3160993
afrimgsm_ibo_220,0.79315966,-0.3160993
afrimgsm_ibo_221,0.72505677,0.21326363
afrimgsm_ibo_222,0.68251354,0.694715
afrimgsm_ibo_223,0.681165,1.1876816
afrimgsm_ibo_224,0.7054685,-0.8489991
afrimgsm_ibo_225,0.79315966,-0.3160993
afrimgsm_ibo_226,0.79315966,-0.3160993
afrimgsm_ibo_227,0.681165,1.1876816
afrimgsm_ibo_228,0.79315966,-0.3160993
afrimgsm_ibo_229,0.79315966,-0.3160993
afrimgsm_ibo_23,0.79315966,-0.3160993
afrimgsm_ibo_230,0.69548357,0.2002947
afrimgsm_ibo_231,0.79315966,-0.3160993
afrimgsm_ibo_232,0.681165,1.1876816
afrimgsm_ibo_233,0.79315966,-0.3160993
afrimgsm_ibo_234,0.6794138,0.69208974
afrimgsm_ibo_235,0.79315966,-0.3160993
afrimgsm_ibo_236,0.68251354,0.694715
afrimgsm_ibo_237,0.79315966,-0.3160993
afrimgsm_ibo_238,0.79315966,-0.3160993
afrimgsm_ibo_239,0.79315966,-0.3160993
afrimgsm_ibo_24,0.69548357,0.2002947
afrimgsm_ibo_240,0.79315966,-0.3160993
afrimgsm_ibo_241,0.79315966,-0.3160993
afrimgsm_ibo_242,0.681165,1.1876816
afrimgsm_ibo_243,0.7054685,-0.8489991
afrimgsm_ibo_244,0.79315966,-0.3160993
afrimgsm_ibo_245,0.72505677,0.21326363
afrimgsm_ibo_246,0.72505677,0.21326363
afrimgsm_ibo_247,0.79315966,-0.3160993
afrimgsm_ibo_248,0.79315966,-0.3160993
afrimgsm_ibo_249,0.69851464,0.20161274
afrimgsm_ibo_25,0.7054685,-0.8489991
afrimgsm_ibo_26,0.5167476,0.5484656
afrimgsm_ibo_27,0.681165,1.1876816
afrimgsm_ibo_28,0.79315966,-0.3160993
afrimgsm_ibo_29,0.6794138,0.69208974
afrimgsm_ibo_3,0.69548357,0.2002947
afrimgsm_ibo_30,0.79315966,-0.3160993
afrimgsm_ibo_31,0.79315966,-0.3160993
afrimgsm_ibo_32,0.681165,1.1876816
afrimgsm_ibo_33,0.6794138,0.69208974
afrimgsm_ibo_34,0.79315966,-0.3160993
afrimgsm_ibo_35,0.79315966,-0.3160993
afrimgsm_ibo_36,0.681165,1.1876816
afrimgsm_ibo_37,0.72505677,0.21326363
afrimgsm_ibo_38,0.6794138,0.69208974
afrimgsm_ibo_39,0.69851464,0.20161274
afrimgsm_ibo_4,0.7054685,-0.8489991
afrimgsm_ibo_40,0.79315966,-0.3160993
afrimgsm_ibo_41,0.681165,1.1876816
afrimgsm_ibo_42,0.79315966,-0.3160993
afrimgsm_ibo_43,0.681165,1.1876816
afrimgsm_ibo_44,0.68251354,0.694715
afrimgsm_ibo_45,0.69851464,0.20161274
afrimgsm_ibo_46,0.69548357,0.2002947
afrimgsm_ibo_47,0.681165,1.1876816
afrimgsm_ibo_48,0.79315966,-0.3160993
afrimgsm_ibo_49,0.5489363,0.14049777
afrimgsm_ibo_5,0.6794138,0.69208974
afrimgsm_ibo_50,0.79315966,-0.3160993
afrimgsm_ibo_51,0.79315966,-0.3160993
afrimgsm_ibo_52,0.79315966,-0.3160993
afrimgsm_ibo_53,0.79315966,-0.3160993
afrimgsm_ibo_54,0.681165,1.1876816
afrimgsm_ibo_55,0.79315966,-0.3160993
afrimgsm_ibo_56,0.72505677,0.21326363
afrimgsm_ibo_57,0.79315966,-0.3160993
afrimgsm_ibo_58,0.681165,1.1876816
afrimgsm_ibo_59,0.72505677,0.21326363
afrimgsm_ibo_6,0.79315966,-0.3160993
afrimgsm_ibo_60,0.79315966,-0.3160993
afrimgsm_ibo_61,0.7054685,-0.8489991
afrimgsm_ibo_62,0.6794138,0.69208974
afrimgsm_ibo_63,0.69548357,0.2002947
afrimgsm_ibo_64,0.681165,1.1876816
afrimgsm_ibo_65,0.79315966,-0.3160993
afrimgsm_ibo_66,0.7054685,-0.8489991
afrimgsm_ibo_67,0.79315966,-0.3160993
afrimgsm_ibo_68,0.79315966,-0.3160993
afrimgsm_ibo_69,0.7054685,-0.8489991
afrimgsm_ibo_7,0.69548357,0.2002947
afrimgsm_ibo_70,0.6794138,0.69208974
afrimgsm_ibo_71,0.79315966,-0.3160993
afrimgsm_ibo_72,0.79315966,-0.3160993
afrimgsm_ibo_73,0.65456736,0.67088765
afrimgsm_ibo_74,0.72505677,0.21326363
afrimgsm_ibo_75,0.79315966,-0.3160993
afrimgsm_ibo_76,0.79315966,-0.3160993
afrimgsm_ibo_77,0.79315966,-0.3160993
afrimgsm_ibo_78,0.6794138,0.69208974
afrimgsm_ibo_79,0.79315966,-0.3160993
afrimgsm_ibo_8,0.6794138,0.69208974
afrimgsm_ibo_80,0.79315966,-0.3160993
afrimgsm_ibo_81,0.79315966,-0.3160993
afrimgsm_ibo_82,0.79315966,-0.3160993
afrimgsm_ibo_83,0.69851464,0.20161274
afrimgsm_ibo_84,0.79315966,-0.3160993
afrimgsm_ibo_85,0.79315966,-0.3160993
afrimgsm_ibo_86,0.79315966,-0.3160993
afrimgsm_ibo_87,0.72505677,0.21326363
afrimgsm_ibo_88,0.79315966,-0.3160993
afrimgsm_ibo_89,0.72505677,0.21326363
afrimgsm_ibo_9,0.79315966,-0.3160993
afrimgsm_ibo_90,0.79315966,-0.3160993
afrimgsm_ibo_91,0.79315966,-0.3160993
afrimgsm_ibo_92,0.79315966,-0.3160993
afrimgsm_ibo_93,0.69548357,0.2002947
afrimgsm_ibo_94,0.5902392,-0.30633837
afrimgsm_ibo_95,0.79315966,-0.3160993
afrimgsm_ibo_96,0.7054685,-0.8489991
afrimgsm_ibo_97,0.79315966,-0.3160993
afrimgsm_ibo_98,0.79315966,-0.3160993
afrimgsm_ibo_99,0.72505677,0.21326363
afrimgsm_kin_0,0.79315966,-0.3160993
afrimgsm_kin_1,0.681165,1.1876816
afrimgsm_kin_10,0.79315966,-0.3160993
afrimgsm_kin_100,0.681165,1.1876816
afrimgsm_kin_101,0.681165,1.1876816
afrimgsm_kin_102,0.79315966,-0.3160993
afrimgsm_kin_103,0.79315966,-0.3160993
afrimgsm_kin_104,0.69851464,0.20161274
afrimgsm_kin_105,0.79315966,-0.3160993
afrimgsm_kin_106,0.69851464,0.20161274
afrimgsm_kin_107,0.72505677,0.21326363
afrimgsm_kin_108,0.79315966,-0.3160993
afrimgsm_kin_109,0.6794138,0.69208974
afrimgsm_kin_11,0.79315966,-0.3160993
afrimgsm_kin_110,0.65456736,0.67088765
afrimgsm_kin_111,0.68251354,0.694715
afrimgsm_kin_112,0.79315966,-0.3160993
afrimgsm_kin_113,0.79315966,-0.3160993
afrimgsm_kin_114,0.7054685,-0.8489991
afrimgsm_kin_115,0.79315966,-0.3160993
afrimgsm_kin_116,0.79315966,-0.3160993
afrimgsm_kin_117,0.79315966,-0.3160993
afrimgsm_kin_118,0.79315966,-0.3160993
afrimgsm_kin_119,0.681165,1.1876816
afrimgsm_kin_12,0.68251354,0.694715
afrimgsm_kin_120,0.681165,1.1876816
afrimgsm_kin_121,0.69548357,0.2002947
afrimgsm_kin_122,0.79315966,-0.3160993
afrimgsm_kin_123,0.72505677,0.21326363
afrimgsm_kin_124,0.79315966,-0.3160993
afrimgsm_kin_125,0.79315966,-0.3160993
afrimgsm_kin_126,0.79315966,-0.3160993
afrimgsm_kin_127,0.79315966,-0.3160993
afrimgsm_kin_128,0.79315966,-0.3160993
afrimgsm_kin_129,0.69851464,0.20161274
afrimgsm_kin_13,0.6794138,0.69208974
afrimgsm_kin_130,0.79315966,-0.3160993
afrimgsm_kin_131,0.7054685,-0.8489991
afrimgsm_kin_132,0.79315966,-0.3160993
afrimgsm_kin_133,0.7054685,-0.8489991
afrimgsm_kin_134,0.7054685,-0.8489991
afrimgsm_kin_135,0.72505677,0.21326363
afrimgsm_kin_136,0.7054685,-0.8489991
afrimgsm_kin_137,0.681165,1.1876816
afrimgsm_kin_138,0.79315966,-0.3160993
afrimgsm_kin_139,0.79315966,-0.3160993
afrimgsm_kin_14,0.69851464,0.20161274
afrimgsm_kin_140,0.79315966,-0.3160993
afrimgsm_kin_141,0.79315966,-0.3160993
afrimgsm_kin_142,0.79315966,-0.3160993
afrimgsm_kin_143,0.79315966,-0.3160993
afrimgsm_kin_144,0.79315966,-0.3160993
afrimgsm_kin_145,0.79315966,-0.3160993
afrimgsm_kin_146,0.681165,1.1876816
afrimgsm_kin_147,0.72505677,0.21326363
afrimgsm_kin_148,0.79315966,-0.3160993
afrimgsm_kin_149,0.79315966,-0.3160993
afrimgsm_kin_15,0.79315966,-0.3160993
afrimgsm_kin_150,0.5167476,0.5484656
afrimgsm_kin_151,0.681165,1.1876816
afrimgsm_kin_152,0.6794138,0.69208974
afrimgsm_kin_153,0.6794138,0.69208974
afrimgsm_kin_154,0.79315966,-0.3160993
afrimgsm_kin_155,0.681165,1.1876816
afrimgsm_kin_156,0.72505677,0.21326363
afrimgsm_kin_157,0.681165,1.1876816
afrimgsm_kin_158,0.79315966,-0.3160993
afrimgsm_kin_159,0.681165,1.1876816
afrimgsm_kin_16,0.53234434,0.13433552
afrimgsm_kin_160,0.79315966,-0.3160993
afrimgsm_kin_161,0.681165,1.1876816
afrimgsm_kin_162,0.72505677,0.21326363
afrimgsm_kin_163,0.72505677,0.21326363
afrimgsm_kin_164,0.79315966,-0.3160993
afrimgsm_kin_165,0.79315966,-0.3160993
afrimgsm_kin_166,0.7054685,-0.8489991
afrimgsm_kin_167,0.79315966,-0.3160993
afrimgsm_kin_168,0.72505677,0.21326363
afrimgsm_kin_169,0.79315966,-0.3160993
afrimgsm_kin_17,0.79315966,-0.3160993
afrimgsm_kin_170,0.79315966,-0.3160993
afrimgsm_kin_171,0.79315966,-0.3160993
afrimgsm_kin_172,0.79315966,-0.3160993
afrimgsm_kin_173,0.72505677,0.21326363
afrimgsm_kin_174,0.65456736,0.67088765
afrimgsm_kin_175,0.79315966,-0.3160993
afrimgsm_kin_176,0.69851464,0.20161274
afrimgsm_kin_177,0.79315966,-0.3160993
afrimgsm_kin_178,0.79315966,-0.3160993
afrimgsm_kin_179,0.7054685,-0.8489991
afrimgsm_kin_18,0.681165,1.1876816
afrimgsm_kin_180,0.79315966,-0.3160993
afrimgsm_kin_181,0.72505677,0.21326363
afrimgsm_kin_182,0.681165,1.1876816
afrimgsm_kin_183,0.7054685,-0.8489991
afrimgsm_kin_184,0.681165,1.1876816
afrimgsm_kin_185,0.7054685,-0.8489991
afrimgsm_kin_186,0.7054685,-0.8489991
afrimgsm_kin_187,0.79315966,-0.3160993
afrimgsm_kin_188,0.79315966,-0.3160993
afrimgsm_kin_189,0.681165,1.1876816
afrimgsm_kin_19,0.69851464,0.20161274
afrimgsm_kin_190,0.79315966,-0.3160993
afrimgsm_kin_191,0.79315966,-0.3160993
afrimgsm_kin_192,0.79315966,-0.3160993
afrimgsm_kin_193,0.681165,1.1876816
afrimgsm_kin_194,0.79315966,-0.3160993
afrimgsm_kin_195,0.6794138,0.69208974
afrimgsm_kin_196,0.59232324,-0.3066153
afrimgsm_kin_197,0.7054685,-0.8489991
afrimgsm_kin_198,0.79315966,-0.3160993
afrimgsm_kin_199,0.6794138,0.69208974
afrimgsm_kin_2,0.681165,1.1876816
afrimgsm_kin_20,0.681165,1.1876816
afrimgsm_kin_200,0.59232324,-0.3066153
afrimgsm_kin_201,0.79315966,-0.3160993
afrimgsm_kin_202,0.79315966,-0.3160993
afrimgsm_kin_203,0.69548357,0.2002947
afrimgsm_kin_204,0.79315966,-0.3160993
afrimgsm_kin_205,0.72505677,0.21326363
afrimgsm_kin_206,0.79315966,-0.3160993
afrimgsm_kin_207,0.69851464,0.20161274
afrimgsm_kin_208,0.7054685,-0.8489991
afrimgsm_kin_209,0.6794138,0.69208974
afrimgsm_kin_21,0.79315966,-0.3160993
afrimgsm_kin_210,0.79315966,-0.3160993
afrimgsm_kin_211,0.7054685,-0.8489991
afrimgsm_kin_212,0.681165,1.1876816
afrimgsm_kin_213,0.69851464,0.20161274
afrimgsm_kin_214,0.72505677,0.21326363
afrimgsm_kin_215,0.79315966,-0.3160993
afrimgsm_kin_216,0.79315966,-0.3160993
afrimgsm_kin_217,0.79315966,-0.3160993
afrimgsm_kin_218,0.79315966,-0.3160993
afrimgsm_kin_219,0.79315966,-0.3160993
afrimgsm_kin_22,0.79315966,-0.3160993
afrimgsm_kin_220,0.7054685,-0.8489991
afrimgsm_kin_221,0.59232324,-0.3066153
afrimgsm_kin_222,0.79315966,-0.3160993
afrimgsm_kin_223,0.79315966,-0.3160993
afrimgsm_kin_224,0.7054685,-0.8489991
afrimgsm_kin_225,0.79315966,-0.3160993
afrimgsm_kin_226,0.79315966,-0.3160993
afrimgsm_kin_227,0.6794138,0.69208974
afrimgsm_kin_228,0.59232324,-0.3066153
afrimgsm_kin_229,0.69851464,0.20161274
afrimgsm_kin_23,0.79315966,-0.3160993
afrimgsm_kin_230,0.72505677,0.21326363
afrimgsm_kin_231,0.79315966,-0.3160993
afrimgsm_kin_232,0.681165,1.1876816
afrimgsm_kin_233,0.79315966,-0.3160993
afrimgsm_kin_234,0.681165,1.1876816
afrimgsm_kin_235,0.7054685,-0.8489991
afrimgsm_kin_236,0.72505677,0.21326363
afrimgsm_kin_237,0.7054685,-0.8489991
afrimgsm_kin_238,0.79315966,-0.3160993
afrimgsm_kin_239,0.79315966,-0.3160993
afrimgsm_kin_24,0.69548357,0.2002947
afrimgsm_kin_240,0.79315966,-0.3160993
afrimgsm_kin_241,0.65456736,0.67088765
afrimgsm_kin_242,0.79315966,-0.3160993
afrimgsm_kin_243,0.65456736,0.67088765
afrimgsm_kin_244,0.72505677,0.21326363
afrimgsm_kin_245,0.72505677,0.21326363
afrimgsm_kin_246,0.79315966,-0.3160993
afrimgsm_kin_247,0.79315966,-0.3160993
afrimgsm_kin_248,0.7054685,-0.8489991
afrimgsm_kin_249,0.79315966,-0.3160993
afrimgsm_kin_25,0.79315966,-0.3160993
afrimgsm_kin_26,0.65456736,0.67088765
afrimgsm_kin_27,0.681165,1.1876816
afrimgsm_kin_28,0.7054685,-0.8489991
afrimgsm_kin_29,0.681165,1.1876816
afrimgsm_kin_3,0.681165,1.1876816
afrimgsm_kin_30,0.7054685,-0.8489991
afrimgsm_kin_31,0.79315966,-0.3160993
afrimgsm_kin_32,0.65456736,0.67088765
afrimgsm_kin_33,0.79315966,-0.3160993
afrimgsm_kin_34,0.681165,1.1876816
afrimgsm_kin_35,0.68251354,0.694715
afrimgsm_kin_36,0.6794138,0.69208974
afrimgsm_kin_37,0.72505677,0.21326363
afrimgsm_kin_38,0.68251354,0.694715
afrimgsm_kin_39,0.79315966,-0.3160993
afrimgsm_kin_4,0.7054685,-0.8489991
afrimgsm_kin_40,0.69851464,0.20161274
afrimgsm_kin_41,0.72505677,0.21326363
afrimgsm_kin_42,0.79315966,-0.3160993
afrimgsm_kin_43,0.69851464,0.20161274
afrimgsm_kin_44,0.6104306,-0.30883098
afrimgsm_kin_45,0.681165,1.1876816
afrimgsm_kin_46,0.6794138,0.69208974
afrimgsm_kin_47,0.79315966,-0.3160993
afrimgsm_kin_48,0.681165,1.1876816
afrimgsm_kin_49,0.79315966,-0.3160993
afrimgsm_kin_5,0.681165,1.1876816
afrimgsm_kin_50,0.79315966,-0.3160993
afrimgsm_kin_51,0.79315966,-0.3160993
afrimgsm_kin_52,0.79315966,-0.3160993
afrimgsm_kin_53,0.681165,1.1876816
afrimgsm_kin_54,0.79315966,-0.3160993
afrimgsm_kin_55,0.79315966,-0.3160993
afrimgsm_kin_56,0.7054685,-0.8489991
afrimgsm_kin_57,0.79315966,-0.3160993
afrimgsm_kin_58,0.68251354,0.694715
afrimgsm_kin_59,0.79315966,-0.3160993
afrimgsm_kin_6,0.69851464,0.20161274
afrimgsm_kin_60,0.79315966,-0.3160993
afrimgsm_kin_61,0.7054685,-0.8489991
afrimgsm_kin_62,0.68251354,0.694715
afrimgsm_kin_63,0.79315966,-0.3160993
afrimgsm_kin_64,0.79315966,-0.3160993
afrimgsm_kin_65,0.6794138,0.69208974
afrimgsm_kin_66,0.79315966,-0.3160993
afrimgsm_kin_67,0.79315966,-0.3160993
afrimgsm_kin_68,0.69851464,0.20161274
afrimgsm_kin_69,0.79315966,-0.3160993
afrimgsm_kin_7,0.6794138,0.69208974
afrimgsm_kin_70,0.6794138,0.69208974
afrimgsm_kin_71,0.7054685,-0.8489991
afrimgsm_kin_72,0.7054685,-0.8489991
afrimgsm_kin_73,0.69548357,0.2002947
afrimgsm_kin_74,0.79315966,-0.3160993
afrimgsm_kin_75,0.681165,1.1876816
afrimgsm_kin_76,0.79315966,-0.3160993
afrimgsm_kin_77,0.7054685,-0.8489991
afrimgsm_kin_78,0.68251354,0.694715
afrimgsm_kin_79,0.7054685,-0.8489991
afrimgsm_kin_8,0.681165,1.1876816
afrimgsm_kin_80,0.79315966,-0.3160993
afrimgsm_kin_81,0.7054685,-0.8489991
afrimgsm_kin_82,0.79315966,-0.3160993
afrimgsm_kin_83,0.79315966,-0.3160993
afrimgsm_kin_84,0.79315966,-0.3160993
afrimgsm_kin_85,0.681165,1.1876816
afrimgsm_kin_86,0.69851464,0.20161274
afrimgsm_kin_87,0.68251354,0.694715
afrimgsm_kin_88,0.7054685,-0.8489991
afrimgsm_kin_89,0.72505677,0.21326363
afrimgsm_kin_9,0.79315966,-0.3160993
afrimgsm_kin_90,0.79315966,-0.3160993
afrimgsm_kin_91,0.79315966,-0.3160993
afrimgsm_kin_92,0.79315966,-0.3160993
afrimgsm_kin_93,0.681165,1.1876816
afrimgsm_kin_94,0.68251354,0.694715
afrimgsm_kin_95,0.72505677,0.21326363
afrimgsm_kin_96,0.79315966,-0.3160993
afrimgsm_kin_97,0.65456736,0.67088765
afrimgsm_kin_98,0.72505677,0.21326363
afrimgsm_kin_99,0.681165,1.1876816
afrimgsm_lin_0,0.79315966,-0.3160993
afrimgsm_lin_1,0.681165,1.1876816
afrimgsm_lin_10,0.7054685,-0.8489991
afrimgsm_lin_100,0.79315966,-0.3160993
afrimgsm_lin_101,0.79315966,-0.3160993
afrimgsm_lin_102,0.681165,1.1876816
afrimgsm_lin_103,0.7054685,-0.8489991
afrimgsm_lin_104,0.69851464,0.20161274
afrimgsm_lin_105,0.79315966,-0.3160993
afrimgsm_lin_106,0.79315966,-0.3160993
afrimgsm_lin_107,0.72505677,0.21326363
afrimgsm_lin_108,0.79315966,-0.3160993
afrimgsm_lin_109,0.681165,1.1876816
afrimgsm_lin_11,0.681165,1.1876816
afrimgsm_lin_110,0.681165,1.1876816
afrimgsm_lin_111,0.72505677,0.21326363
afrimgsm_lin_112,0.79315966,-0.3160993
afrimgsm_lin_113,0.79315966,-0.3160993
afrimgsm_lin_114,0.72505677,0.21326363
afrimgsm_lin_115,0.79315966,-0.3160993
afrimgsm_lin_116,0.79315966,-0.3160993
afrimgsm_lin_117,0.681165,1.1876816
afrimgsm_lin_118,0.79315966,-0.3160993
afrimgsm_lin_119,0.681165,1.1876816
afrimgsm_lin_12,0.681165,1.1876816
afrimgsm_lin_120,0.681165,1.1876816
afrimgsm_lin_121,0.79315966,-0.3160993
afrimgsm_lin_122,0.79315966,-0.3160993
afrimgsm_lin_123,0.681165,1.1876816
afrimgsm_lin_124,0.72505677,0.21326363
afrimgsm_lin_125,0.79315966,-0.3160993
afrimgsm_lin_126,0.7054685,-0.8489991
afrimgsm_lin_127,0.7054685,-0.8489991
afrimgsm_lin_128,0.681165,1.1876816
afrimgsm_lin_129,0.681165,1.1876816
afrimgsm_lin_13,0.7054685,-0.8489991
afrimgsm_lin_130,0.7054685,-0.8489991
afrimgsm_lin_131,0.6794138,0.69208974
afrimgsm_lin_132,0.68251354,0.694715
afrimgsm_lin_133,0.72505677,0.21326363
afrimgsm_lin_134,0.79315966,-0.3160993
afrimgsm_lin_135,0.79315966,-0.3160993
afrimgsm_lin_136,0.68251354,0.694715
afrimgsm_lin_137,0.681165,1.1876816
afrimgsm_lin_138,0.79315966,-0.3160993
afrimgsm_lin_139,0.6794138,0.69208974
afrimgsm_lin_14,0.681165,1.1876816
afrimgsm_lin_140,0.79315966,-0.3160993
afrimgsm_lin_141,0.681165,1.1876816
afrimgsm_lin_142,0.79315966,-0.3160993
afrimgsm_lin_143,0.79315966,-0.3160993
afrimgsm_lin_144,0.68251354,0.694715
afrimgsm_lin_145,0.69851464,0.20161274
afrimgsm_lin_146,0.79315966,-0.3160993
afrimgsm_lin_147,0.79315966,-0.3160993
afrimgsm_lin_148,0.79315966,-0.3160993
afrimgsm_lin_149,0.79315966,-0.3160993
afrimgsm_lin_15,0.79315966,-0.3160993
afrimgsm_lin_150,0.79315966,-0.3160993
afrimgsm_lin_151,0.65456736,0.67088765
afrimgsm_lin_152,0.681165,1.1876816
afrimgsm_lin_153,0.79315966,-0.3160993
afrimgsm_lin_154,0.681165,1.1876816
afrimgsm_lin_155,0.79315966,-0.3160993
afrimgsm_lin_156,0.68251354,0.694715
afrimgsm_lin_157,0.681165,1.1876816
afrimgsm_lin_158,0.79315966,-0.3160993
afrimgsm_lin_159,0.681165,1.1876816
afrimgsm_lin_16,0.53234434,0.13433552
afrimgsm_lin_160,0.7054685,-0.8489991
afrimgsm_lin_161,0.79315966,-0.3160993
afrimgsm_lin_162,0.681165,1.1876816
afrimgsm_lin_163,0.68251354,0.694715
afrimgsm_lin_164,0.79315966,-0.3160993
afrimgsm_lin_165,0.79315966,-0.3160993
afrimgsm_lin_166,0.79315966,-0.3160993
afrimgsm_lin_167,0.79315966,-0.3160993
afrimgsm_lin_168,0.69851464,0.20161274
afrimgsm_lin_169,0.681165,1.1876816
afrimgsm_lin_17,0.79315966,-0.3160993
afrimgsm_lin_170,0.72505677,0.21326363
afrimgsm_lin_171,0.79315966,-0.3160993
afrimgsm_lin_172,0.7054685,-0.8489991
afrimgsm_lin_173,0.79315966,-0.3160993
afrimgsm_lin_174,0.681165,1.1876816
afrimgsm_lin_175,0.72505677,0.21326363
afrimgsm_lin_176,0.7054685,-0.8489991
afrimgsm_lin_177,0.72505677,0.21326363
afrimgsm_lin_178,0.65456736,0.67088765
afrimgsm_lin_179,0.79315966,-0.3160993
afrimgsm_lin_18,0.72505677,0.21326363
afrimgsm_lin_180,0.7054685,-0.8489991
afrimgsm_lin_181,0.72505677,0.21326363
afrimgsm_lin_182,0.6794138,0.69208974
afrimgsm_lin_183,0.681165,1.1876816
afrimgsm_lin_184,0.68251354,0.694715
afrimgsm_lin_185,0.7054685,-0.8489991
afrimgsm_lin_186,0.68251354,0.694715
afrimgsm_lin_187,0.681165,1.1876816
afrimgsm_lin_188,0.79315966,-0.3160993
afrimgsm_lin_189,0.68251354,0.694715
afrimgsm_lin_19,0.79315966,-0.3160993
afrimgsm_lin_190,0.69851464,0.20161274
afrimgsm_lin_191,0.79315966,-0.3160993
afrimgsm_lin_192,0.79315966,-0.3160993
afrimgsm_lin_193,0.79315966,-0.3160993
afrimgsm_lin_194,0.79315966,-0.3160993
afrimgsm_lin_195,0.681165,1.1876816
afrimgsm_lin_196,0.79315966,-0.3160993
afrimgsm_lin_197,0.5471161,0.13981448
afrimgsm_lin_198,0.79315966,-0.3160993
afrimgsm_lin_199,0.681165,1.1876816
afrimgsm_lin_2,0.69851464,0.20161274
afrimgsm_lin_20,0.681165,1.1876816
afrimgsm_lin_200,0.59232324,-0.3066153
afrimgsm_lin_201,0.69851464,0.20161274
afrimgsm_lin_202,0.69851464,0.20161274
afrimgsm_lin_203,0.681165,1.1876816
afrimgsm_lin_204,0.79315966,-0.3160993
afrimgsm_lin_205,0.6794138,0.69208974
afrimgsm_lin_206,0.69851464,0.20161274
afrimgsm_lin_207,0.79315966,-0.3160993
afrimgsm_lin_208,0.72505677,0.21326363
afrimgsm_lin_209,0.681165,1.1876816
afrimgsm_lin_21,0.72505677,0.21326363
afrimgsm_lin_210,0.681165,1.1876816
afrimgsm_lin_211,0.7054685,-0.8489991
afrimgsm_lin_212,0.79315966,-0.3160993
afrimgsm_lin_213,0.68251354,0.694715
afrimgsm_lin_214,0.69851464,0.20161274
afrimgsm_lin_215,0.7054685,-0.8489991
afrimgsm_lin_216,0.681165,1.1876816
afrimgsm_lin_217,0.79315966,-0.3160993
afrimgsm_lin_218,0.6794138,0.69208974
afrimgsm_lin_219,0.79315966,-0.3160993
afrimgsm_lin_22,0.79315966,-0.3160993
afrimgsm_lin_220,0.65456736,0.67088765
afrimgsm_lin_221,0.79315966,-0.3160993
afrimgsm_lin_222,0.72505677,0.21326363
afrimgsm_lin_223,0.681165,1.1876816
afrimgsm_lin_224,0.69851464,0.20161274
afrimgsm_lin_225,0.7054685,-0.8489991
afrimgsm_lin_226,0.79315966,-0.3160993
afrimgsm_lin_227,0.681165,1.1876816
afrimgsm_lin_228,0.681165,1.1876816
afrimgsm_lin_229,0.79315966,-0.3160993
afrimgsm_lin_23,0.7054685,-0.8489991
afrimgsm_lin_230,0.69851464,0.20161274
afrimgsm_lin_231,0.72505677,0.21326363
afrimgsm_lin_232,0.681165,1.1876816
afrimgsm_lin_233,0.79315966,-0.3160993
afrimgsm_lin_234,0.681165,1.1876816
afrimgsm_lin_235,0.72505677,0.21326363
afrimgsm_lin_236,0.72505677,0.21326363
afrimgsm_lin_237,0.69851464,0.20161274
afrimgsm_lin_238,0.69548357,0.2002947
afrimgsm_lin_239,0.681165,1.1876816
afrimgsm_lin_24,0.79315966,-0.3160993
afrimgsm_lin_240,0.79315966,-0.3160993
afrimgsm_lin_241,0.681165,1.1876816
afrimgsm_lin_242,0.79315966,-0.3160993
afrimgsm_lin_243,0.79315966,-0.3160993
afrimgsm_lin_244,0.72505677,0.21326363
afrimgsm_lin_245,0.72505677,0.21326363
afrimgsm_lin_246,0.72505677,0.21326363
afrimgsm_lin_247,0.79315966,-0.3160993
afrimgsm_lin_248,0.79315966,-0.3160993
afrimgsm_lin_249,0.681165,1.1876816
afrimgsm_lin_25,0.79315966,-0.3160993
afrimgsm_lin_26,0.5902392,-0.30633837
afrimgsm_lin_27,0.6794138,0.69208974
afrimgsm_lin_28,0.7054685,-0.8489991
afrimgsm_lin_29,0.79315966,-0.3160993
afrimgsm_lin_3,0.79315966,-0.3160993
afrimgsm_lin_30,0.6104306,-0.30883098
afrimgsm_lin_31,0.79315966,-0.3160993
afrimgsm_lin_32,0.68251354,0.694715
afrimgsm_lin_33,0.79315966,-0.3160993
afrimgsm_lin_34,0.79315966,-0.3160993
afrimgsm_lin_35,0.72505677,0.21326363
afrimgsm_lin_36,0.6794138,0.69208974
afrimgsm_lin_37,0.72505677,0.21326363
afrimgsm_lin_38,0.681165,1.1876816
afrimgsm_lin_39,0.69851464,0.20161274
afrimgsm_lin_4,0.7054685,-0.8489991
afrimgsm_lin_40,0.79315966,-0.3160993
afrimgsm_lin_41,0.681165,1.1876816
afrimgsm_lin_42,0.79315966,-0.3160993
afrimgsm_lin_43,0.681165,1.1876816
afrimgsm_lin_44,0.681165,1.1876816
afrimgsm_lin_45,0.69851464,0.20161274
afrimgsm_lin_46,0.72505677,0.21326363
afrimgsm_lin_47,0.69851464,0.20161274
afrimgsm_lin_48,0.79315966,-0.3160993
afrimgsm_lin_49,0.79315966,-0.3160993
afrimgsm_lin_5,0.681165,1.1876816
afrimgsm_lin_50,0.79315966,-0.3160993
afrimgsm_lin_51,0.59232324,-0.3066153
afrimgsm_lin_52,0.79315966,-0.3160993
afrimgsm_lin_53,0.79315966,-0.3160993
afrimgsm_lin_54,0.681165,1.1876816
afrimgsm_lin_55,0.7054685,-0.8489991
afrimgsm_lin_56,0.7054685,-0.8489991
afrimgsm_lin_57,0.7054685,-0.8489991
afrimgsm_lin_58,0.681165,1.1876816
afrimgsm_lin_59,0.79315966,-0.3160993
afrimgsm_lin_6,0.69548357,0.2002947
afrimgsm_lin_60,0.7054685,-0.8489991
afrimgsm_lin_61,0.7054685,-0.8489991
afrimgsm_lin_62,0.68251354,0.694715
afrimgsm_lin_63,0.6794138,0.69208974
afrimgsm_lin_64,0.79315966,-0.3160993
afrimgsm_lin_65,0.681165,1.1876816
afrimgsm_lin_66,0.6794138,0.69208974
afrimgsm_lin_67,0.7054685,-0.8489991
afrimgsm_lin_68,0.79315966,-0.3160993
afrimgsm_lin_69,0.72505677,0.21326363
afrimgsm_lin_7,0.65456736,0.67088765
afrimgsm_lin_70,0.6794138,0.69208974
afrimgsm_lin_71,0.79315966,-0.3160993
afrimgsm_lin_72,0.79315966,-0.3160993
afrimgsm_lin_73,0.6794138,0.69208974
afrimgsm_lin_74,0.72505677,0.21326363
afrimgsm_lin_75,0.79315966,-0.3160993
afrimgsm_lin_76,0.79315966,-0.3160993
afrimgsm_lin_77,0.72505677,0.21326363
afrimgsm_lin_78,0.72505677,0.21326363
afrimgsm_lin_79,0.69851464,0.20161274
afrimgsm_lin_8,0.65456736,0.67088765
afrimgsm_lin_80,0.72505677,0.21326363
afrimgsm_lin_81,0.7054685,-0.8489991
afrimgsm_lin_82,0.79315966,-0.3160993
afrimgsm_lin_83,0.59232324,-0.3066153
afrimgsm_lin_84,0.681165,1.1876816
afrimgsm_lin_85,0.69851464,0.20161274
afrimgsm_lin_86,0.681165,1.1876816
afrimgsm_lin_87,0.68251354,0.694715
afrimgsm_lin_88,0.79315966,-0.3160993
afrimgsm_lin_89,0.6794138,0.69208974
afrimgsm_lin_9,0.79315966,-0.3160993
afrimgsm_lin_90,0.6794138,0.69208974
afrimgsm_lin_91,0.79315966,-0.3160993
afrimgsm_lin_92,0.79315966,-0.3160993
afrimgsm_lin_93,0.681165,1.1876816
afrimgsm_lin_94,0.79315966,-0.3160993
afrimgsm_lin_95,0.79315966,-0.3160993
afrimgsm_lin_96,0.59232324,-0.3066153
afrimgsm_lin_97,0.68251354,0.694715
afrimgsm_lin_98,0.6104306,-0.30883098
afrimgsm_lin_99,0.681165,1.1876816
afrimgsm_lug_0,0.7054685,-0.8489991
afrimgsm_lug_1,0.681165,1.1876816
afrimgsm_lug_10,0.7054685,-0.8489991
afrimgsm_lug_100,0.79315966,-0.3160993
afrimgsm_lug_101,0.79315966,-0.3160993
afrimgsm_lug_102,0.69548357,0.2002947
afrimgsm_lug_103,0.7054685,-0.8489991
afrimgsm_lug_104,0.79315966,-0.3160993
afrimgsm_lug_105,0.79315966,-0.3160993
afrimgsm_lug_106,0.68251354,0.694715
afrimgsm_lug_107,0.72505677,0.21326363
afrimgsm_lug_108,0.72505677,0.21326363
afrimgsm_lug_109,0.681165,1.1876816
afrimgsm_lug_11,0.7054685,-0.8489991
afrimgsm_lug_110,0.79315966,-0.3160993
afrimgsm_lug_111,0.72505677,0.21326363
afrimgsm_lug_112,0.7054685,-0.8489991
afrimgsm_lug_113,0.681165,1.1876816
afrimgsm_lug_114,0.79315966,-0.3160993
afrimgsm_lug_115,0.79315966,-0.3160993
afrimgsm_lug_116,0.681165,1.1876816
afrimgsm_lug_117,0.79315966,-0.3160993
afrimgsm_lug_118,0.69548357,0.2002947
afrimgsm_lug_119,0.681165,1.1876816
afrimgsm_lug_12,0.68251354,0.694715
afrimgsm_lug_120,0.79315966,-0.3160993
afrimgsm_lug_121,0.79315966,-0.3160993
afrimgsm_lug_122,0.69548357,0.2002947
afrimgsm_lug_123,0.681165,1.1876816
afrimgsm_lug_124,0.681165,1.1876816
afrimgsm_lug_125,0.681165,1.1876816
afrimgsm_lug_126,0.7054685,-0.8489991
afrimgsm_lug_127,0.7054685,-0.8489991
afrimgsm_lug_128,0.681165,1.1876816
afrimgsm_lug_129,0.79315966,-0.3160993
afrimgsm_lug_13,0.79315966,-0.3160993
afrimgsm_lug_130,0.79315966,-0.3160993
afrimgsm_lug_131,0.7054685,-0.8489991
afrimgsm_lug_132,0.79315966,-0.3160993
afrimgsm_lug_133,0.79315966,-0.3160993
afrimgsm_lug_134,0.79315966,-0.3160993
afrimgsm_lug_135,0.79315966,-0.3160993
afrimgsm_lug_136,0.72505677,0.21326363
afrimgsm_lug_137,0.681165,1.1876816
afrimgsm_lug_138,0.79315966,-0.3160993
afrimgsm_lug_139,0.6794138,0.69208974
afrimgsm_lug_14,0.681165,1.1876816
afrimgsm_lug_140,0.69851464,0.20161274
afrimgsm_lug_141,0.69851464,0.20161274
afrimgsm_lug_142,0.79315966,-0.3160993
afrimgsm_lug_143,0.65456736,0.67088765
afrimgsm_lug_144,0.79315966,-0.3160993
afrimgsm_lug_145,0.79315966,-0.3160993
afrimgsm_lug_146,0.79315966,-0.3160993
afrimgsm_lug_147,0.69548357,0.2002947
afrimgsm_lug_148,0.79315966,-0.3160993
afrimgsm_lug_149,0.7054685,-0.8489991
afrimgsm_lug_15,0.79315966,-0.3160993
afrimgsm_lug_150,0.79315966,-0.3160993
afrimgsm_lug_151,0.681165,1.1876816
afrimgsm_lug_152,0.6794138,0.69208974
afrimgsm_lug_153,0.72505677,0.21326363
afrimgsm_lug_154,0.681165,1.1876816
afrimgsm_lug_155,0.72505677,0.21326363
afrimgsm_lug_156,0.6104306,-0.30883098
afrimgsm_lug_157,0.68251354,0.694715
afrimgsm_lug_158,0.69548357,0.2002947
afrimgsm_lug_159,0.68251354,0.694715
afrimgsm_lug_16,0.65456736,0.67088765
afrimgsm_lug_160,0.69851464,0.20161274
afrimgsm_lug_161,0.681165,1.1876816
afrimgsm_lug_162,0.681165,1.1876816
afrimgsm_lug_163,0.72505677,0.21326363
afrimgsm_lug_164,0.79315966,-0.3160993
afrimgsm_lug_165,0.79315966,-0.3160993
afrimgsm_lug_166,0.59232324,-0.3066153
afrimgsm_lug_167,0.79315966,-0.3160993
afrimgsm_lug_168,0.79315966,-0.3160993
afrimgsm_lug_169,0.79315966,-0.3160993
afrimgsm_lug_17,0.79315966,-0.3160993
afrimgsm_lug_170,0.79315966,-0.3160993
afrimgsm_lug_171,0.681165,1.1876816
afrimgsm_lug_172,0.79315966,-0.3160993
afrimgsm_lug_173,0.79315966,-0.3160993
afrimgsm_lug_174,0.69548357,0.2002947
afrimgsm_lug_175,0.7054685,-0.8489991
afrimgsm_lug_176,0.681165,1.1876816
afrimgsm_lug_177,0.79315966,-0.3160993
afrimgsm_lug_178,0.79315966,-0.3160993
afrimgsm_lug_179,0.79315966,-0.3160993
afrimgsm_lug_18,0.6794138,0.69208974
afrimgsm_lug_180,0.6794138,0.69208974
afrimgsm_lug_181,0.79315966,-0.3160993
afrimgsm_lug_182,0.72505677,0.21326363
afrimgsm_lug_183,0.681165,1.1876816
afrimgsm_lug_184,0.681165,1.1876816
afrimgsm_lug_185,0.79315966,-0.3160993
afrimgsm_lug_186,0.79315966,-0.3160993
afrimgsm_lug_187,0.72505677,0.21326363
afrimgsm_lug_188,0.7054685,-0.8489991
afrimgsm_lug_189,0.681165,1.1876816
afrimgsm_lug_19,0.681165,1.1876816
afrimgsm_lug_190,0.7054685,-0.8489991
afrimgsm_lug_191,0.6104306,-0.30883098
afrimgsm_lug_192,0.79315966,-0.3160993
afrimgsm_lug_193,0.681165,1.1876816
afrimgsm_lug_194,0.79315966,-0.3160993
afrimgsm_lug_195,0.681165,1.1876816
afrimgsm_lug_196,0.7054685,-0.8489991
afrimgsm_lug_197,0.79315966,-0.3160993
afrimgsm_lug_198,0.79315966,-0.3160993
afrimgsm_lug_199,0.72505677,0.21326363
afrimgsm_lug_2,0.69851464,0.20161274
afrimgsm_lug_20,0.6104306,-0.30883098
afrimgsm_lug_200,0.79315966,-0.3160993
afrimgsm_lug_201,0.69548357,0.2002947
afrimgsm_lug_202,0.79315966,-0.3160993
afrimgsm_lug_203,0.72505677,0.21326363
afrimgsm_lug_204,0.79315966,-0.3160993
afrimgsm_lug_205,0.72505677,0.21326363
afrimgsm_lug_206,0.79315966,-0.3160993
afrimgsm_lug_207,0.69851464,0.20161274
afrimgsm_lug_208,0.79315966,-0.3160993
afrimgsm_lug_209,0.72505677,0.21326363
afrimgsm_lug_21,0.7054685,-0.8489991
afrimgsm_lug_210,0.79315966,-0.3160993
afrimgsm_lug_211,0.79315966,-0.3160993
afrimgsm_lug_212,0.7054685,-0.8489991
afrimgsm_lug_213,0.79315966,-0.3160993
afrimgsm_lug_214,0.681165,1.1876816
afrimgsm_lug_215,0.79315966,-0.3160993
afrimgsm_lug_216,0.7054685,-0.8489991
afrimgsm_lug_217,0.79315966,-0.3160993
afrimgsm_lug_218,0.681165,1.1876816
afrimgsm_lug_219,0.79315966,-0.3160993
afrimgsm_lug_22,0.681165,1.1876816
afrimgsm_lug_220,0.65456736,0.67088765
afrimgsm_lug_221,0.79315966,-0.3160993
afrimgsm_lug_222,0.79315966,-0.3160993
afrimgsm_lug_223,0.7054685,-0.8489991
afrimgsm_lug_224,0.7054685,-0.8489991
afrimgsm_lug_225,0.681165,1.1876816
afrimgsm_lug_226,0.681165,1.1876816
afrimgsm_lug_227,0.681165,1.1876816
afrimgsm_lug_228,0.681165,1.1876816
afrimgsm_lug_229,0.681165,1.1876816
afrimgsm_lug_23,0.681165,1.1876816
afrimgsm_lug_230,0.681165,1.1876816
afrimgsm_lug_231,0.681165,1.1876816
afrimgsm_lug_232,0.681165,1.1876816
afrimgsm_lug_233,0.681165,1.1876816
afrimgsm_lug_234,0.681165,1.1876816
afrimgsm_lug_235,0.681165,1.1876816
afrimgsm_lug_236,0.681165,1.1876816
afrimgsm_lug_237,0.681165,1.1876816
afrimgsm_lug_238,0.681165,1.1876816
afrimgsm_lug_239,0.681165,1.1876816
afrimgsm_lug_24,0.68251354,0.694715
afrimgsm_lug_240,0.681165,1.1876816
afrimgsm_lug_241,0.5167476,0.5484656
afrimgsm_lug_242,0.681165,1.1876816
afrimgsm_lug_243,0.681165,1.1876816
afrimgsm_lug_244,0.681165,1.1876816
afrimgsm_lug_245,0.681165,1.1876816
afrimgsm_lug_246,0.681165,1.1876816
afrimgsm_lug_247,0.681165,1.1876816
afrimgsm_lug_248,0.681165,1.1876816
afrimgsm_lug_249,0.79315966,-0.3160993
afrimgsm_lug_25,0.7054685,-0.8489991
afrimgsm_lug_26,0.65456736,0.67088765
afrimgsm_lug_27,0.6794138,0.69208974
afrimgsm_lug_28,0.69851464,0.20161274
afrimgsm_lug_29,0.6794138,0.69208974
afrimgsm_lug_3,0.7054685,-0.8489991
afrimgsm_lug_30,0.72505677,0.21326363
afrimgsm_lug_31,0.72505677,0.21326363
afrimgsm_lug_32,0.681165,1.1876816
afrimgsm_lug_33,0.79315966,-0.3160993
afrimgsm_lug_34,0.79315966,-0.3160993
afrimgsm_lug_35,0.65456736,0.67088765
afrimgsm_lug_36,0.681165,1.1876816
afrimgsm_lug_37,0.79315966,-0.3160993
afrimgsm_lug_38,0.681165,1.1876816
afrimgsm_lug_39,0.681165,1.1876816
afrimgsm_lug_4,0.79315966,-0.3160993
afrimgsm_lug_40,0.7054685,-0.8489991
afrimgsm_lug_41,0.79315966,-0.3160993
afrimgsm_lug_42,0.79315966,-0.3160993
afrimgsm_lug_43,0.79315966,-0.3160993
afrimgsm_lug_44,0.79315966,-0.3160993
afrimgsm_lug_45,0.681165,1.1876816
afrimgsm_lug_46,0.79315966,-0.3160993
afrimgsm_lug_47,0.79315966,-0.3160993
afrimgsm_lug_48,0.79315966,-0.3160993
afrimgsm_lug_49,0.79315966,-0.3160993
afrimgsm_lug_5,0.79315966,-0.3160993
afrimgsm_lug_50,0.7054685,-0.8489991
afrimgsm_lug_51,0.79315966,-0.3160993
afrimgsm_lug_52,0.79315966,-0.3160993
afrimgsm_lug_53,0.681165,1.1876816
afrimgsm_lug_54,0.79315966,-0.3160993
afrimgsm_lug_55,0.79315966,-0.3160993
afrimgsm_lug_56,0.7054685,-0.8489991
afrimgsm_lug_57,0.79315966,-0.3160993
afrimgsm_lug_58,0.681165,1.1876816
afrimgsm_lug_59,0.5471161,0.13981448
afrimgsm_lug_6,0.79315966,-0.3160993
afrimgsm_lug_60,0.79315966,-0.3160993
afrimgsm_lug_61,0.7054685,-0.8489991
afrimgsm_lug_62,0.72505677,0.21326363
afrimgsm_lug_63,0.72505677,0.21326363
afrimgsm_lug_64,0.72505677,0.21326363
afrimgsm_lug_65,0.68251354,0.694715
afrimgsm_lug_66,0.79315966,-0.3160993
afrimgsm_lug_67,0.72505677,0.21326363
afrimgsm_lug_68,0.69851464,0.20161274
afrimgsm_lug_69,0.7054685,-0.8489991
afrimgsm_lug_7,0.72505677,0.21326363
afrimgsm_lug_70,0.681165,1.1876816
afrimgsm_lug_71,0.7054685,-0.8489991
afrimgsm_lug_72,0.7054685,-0.8489991
afrimgsm_lug_73,0.7054685,-0.8489991
afrimgsm_lug_74,0.72505677,0.21326363
afrimgsm_lug_75,0.681165,1.1876816
afrimgsm_lug_76,0.79315966,-0.3160993
afrimgsm_lug_77,0.68251354,0.694715
afrimgsm_lug_78,0.6794138,0.69208974
afrimgsm_lug_79,0.79315966,-0.3160993
afrimgsm_lug_8,0.72505677,0.21326363
afrimgsm_lug_80,0.69851464,0.20161274
afrimgsm_lug_81,0.7054685,-0.8489991
afrimgsm_lug_82,0.65456736,0.67088765
afrimgsm_lug_83,0.7054685,-0.8489991
afrimgsm_lug_84,0.79315966,-0.3160993
afrimgsm_lug_85,0.69548357,0.2002947
afrimgsm_lug_86,0.79315966,-0.3160993
afrimgsm_lug_87,0.72505677,0.21326363
afrimgsm_lug_88,0.79315966,-0.3160993
afrimgsm_lug_89,0.72505677,0.21326363
afrimgsm_lug_9,0.79315966,-0.3160993
afrimgsm_lug_90,0.79315966,-0.3160993
afrimgsm_lug_91,0.79315966,-0.3160993
afrimgsm_lug_92,0.681165,1.1876816
afrimgsm_lug_93,0.681165,1.1876816
afrimgsm_lug_94,0.6794138,0.69208974
afrimgsm_lug_95,0.79315966,-0.3160993
afrimgsm_lug_96,0.79315966,-0.3160993
afrimgsm_lug_97,0.72505677,0.21326363
afrimgsm_lug_98,0.72505677,0.21326363
afrimgsm_lug_99,0.79315966,-0.3160993
afrimgsm_orm_0,0.69548357,0.2002947
afrimgsm_orm_1,0.7054685,-0.8489991
afrimgsm_orm_10,0.79315966,-0.3160993
afrimgsm_orm_100,0.681165,1.1876816
afrimgsm_orm_101,0.79315966,-0.3160993
afrimgsm_orm_102,0.681165,1.1876816
afrimgsm_orm_103,0.79315966,-0.3160993
afrimgsm_orm_104,0.681165,1.1876816
afrimgsm_orm_105,0.79315966,-0.3160993
afrimgsm_orm_106,0.72505677,0.21326363
afrimgsm_orm_107,0.72505677,0.21326363
afrimgsm_orm_108,0.79315966,-0.3160993
afrimgsm_orm_109,0.6794138,0.69208974
afrimgsm_orm_11,0.7054685,-0.8489991
afrimgsm_orm_110,0.79315966,-0.3160993
afrimgsm_orm_111,0.79315966,-0.3160993
afrimgsm_orm_112,0.79315966,-0.3160993
afrimgsm_orm_113,0.72505677,0.21326363
afrimgsm_orm_114,0.7054685,-0.8489991
afrimgsm_orm_115,0.79315966,-0.3160993
afrimgsm_orm_116,0.79315966,-0.3160993
afrimgsm_orm_117,0.69851464,0.20161274
afrimgsm_orm_118,0.79315966,-0.3160993
afrimgsm_orm_119,0.681165,1.1876816
afrimgsm_orm_12,0.681165,1.1876816
afrimgsm_orm_120,0.681165,1.1876816
afrimgsm_orm_121,0.79315966,-0.3160993
afrimgsm_orm_122,0.79315966,-0.3160993
afrimgsm_orm_123,0.79315966,-0.3160993
afrimgsm_orm_124,0.79315966,-0.3160993
afrimgsm_orm_125,0.79315966,-0.3160993
afrimgsm_orm_126,0.7054685,-0.8489991
afrimgsm_orm_127,0.79315966,-0.3160993
afrimgsm_orm_128,0.79315966,-0.3160993
afrimgsm_orm_129,0.79315966,-0.3160993
afrimgsm_orm_13,0.72505677,0.21326363
afrimgsm_orm_130,0.59232324,-0.3066153
afrimgsm_orm_131,0.79315966,-0.3160993
afrimgsm_orm_132,0.79315966,-0.3160993
afrimgsm_orm_133,0.79315966,-0.3160993
afrimgsm_orm_134,0.7054685,-0.8489991
afrimgsm_orm_135,0.6794138,0.69208974
afrimgsm_orm_136,0.79315966,-0.3160993
afrimgsm_orm_137,0.681165,1.1876816
afrimgsm_orm_138,0.79315966,-0.3160993
afrimgsm_orm_139,0.72505677,0.21326363
afrimgsm_orm_14,0.69851464,0.20161274
afrimgsm_orm_140,0.79315966,-0.3160993
afrimgsm_orm_141,0.79315966,-0.3160993
afrimgsm_orm_142,0.79315966,-0.3160993
afrimgsm_orm_143,0.79315966,-0.3160993
afrimgsm_orm_144,0.69548357,0.2002947
afrimgsm_orm_145,0.69851464,0.20161274
afrimgsm_orm_146,0.79315966,-0.3160993
afrimgsm_orm_147,0.79315966,-0.3160993
afrimgsm_orm_148,0.79315966,-0.3160993
afrimgsm_orm_149,0.79315966,-0.3160993
afrimgsm_orm_15,0.79315966,-0.3160993
afrimgsm_orm_150,0.79315966,-0.3160993
afrimgsm_orm_151,0.68251354,0.694715
afrimgsm_orm_152,0.6794138,0.69208974
afrimgsm_orm_153,0.69548357,0.2002947
afrimgsm_orm_154,0.79315966,-0.3160993
afrimgsm_orm_155,0.6794138,0.69208974
afrimgsm_orm_156,0.79315966,-0.3160993
afrimgsm_orm_157,0.79315966,-0.3160993
afrimgsm_orm_158,0.79315966,-0.3160993
afrimgsm_orm_159,0.681165,1.1876816
afrimgsm_orm_16,0.79315966,-0.3160993
afrimgsm_orm_160,0.69548357,0.2002947
afrimgsm_orm_161,0.79315966,-0.3160993
afrimgsm_orm_162,0.72505677,0.21326363
afrimgsm_orm_163,0.79315966,-0.3160993
afrimgsm_orm_164,0.79315966,-0.3160993
afrimgsm_orm_165,0.7054685,-0.8489991
afrimgsm_orm_166,0.7054685,-0.8489991
afrimgsm_orm_167,0.79315966,-0.3160993
afrimgsm_orm_168,0.7054685,-0.8489991
afrimgsm_orm_169,0.68251354,0.694715
afrimgsm_orm_17,0.79315966,-0.3160993
afrimgsm_orm_170,0.79315966,-0.3160993
afrimgsm_orm_171,0.7054685,-0.8489991
afrimgsm_orm_172,0.72505677,0.21326363
afrimgsm_orm_173,0.79315966,-0.3160993
afrimgsm_orm_174,0.65456736,0.67088765
afrimgsm_orm_175,0.72505677,0.21326363
afrimgsm_orm_176,0.79315966,-0.3160993
afrimgsm_orm_177,0.681165,1.1876816
afrimgsm_orm_178,0.72505677,0.21326363
afrimgsm_orm_179,0.7054685,-0.8489991
afrimgsm_orm_18,0.79315966,-0.3160993
afrimgsm_orm_180,0.69548357,0.2002947
afrimgsm_orm_181,0.72505677,0.21326363
afrimgsm_orm_182,0.72505677,0.21326363
afrimgsm_orm_183,0.79315966,-0.3160993
afrimgsm_orm_184,0.681165,1.1876816
afrimgsm_orm_185,0.79315966,-0.3160993
afrimgsm_orm_186,0.72505677,0.21326363
afrimgsm_orm_187,0.69548357,0.2002947
afrimgsm_orm_188,0.79315966,-0.3160993
afrimgsm_orm_189,0.69851464,0.20161274
afrimgsm_orm_19,0.79315966,-0.3160993
afrimgsm_orm_190,0.79315966,-0.3160993
afrimgsm_orm_191,0.79315966,-0.3160993
afrimgsm_orm_192,0.79315966,-0.3160993
afrimgsm_orm_193,0.69851464,0.20161274
afrimgsm_orm_194,0.79315966,-0.3160993
afrimgsm_orm_195,0.6794138,0.69208974
afrimgsm_orm_196,0.79315966,-0.3160993
afrimgsm_orm_197,0.79315966,-0.3160993
afrimgsm_orm_198,0.79315966,-0.3160993
afrimgsm_orm_199,0.79315966,-0.3160993
afrimgsm_orm_2,0.79315966,-0.3160993
afrimgsm_orm_20,0.79315966,-0.3160993
afrimgsm_orm_200,0.79315966,-0.3160993
afrimgsm_orm_201,0.79315966,-0.3160993
afrimgsm_orm_202,0.79315966,-0.3160993
afrimgsm_orm_203,0.72505677,0.21326363
afrimgsm_orm_204,0.79315966,-0.3160993
afrimgsm_orm_205,0.72505677,0.21326363
afrimgsm_orm_206,0.79315966,-0.3160993
afrimgsm_orm_207,0.69851464,0.20161274
afrimgsm_orm_208,0.79315966,-0.3160993
afrimgsm_orm_209,0.681165,1.1876816
afrimgsm_orm_21,0.79315966,-0.3160993
afrimgsm_orm_210,0.79315966,-0.3160993
afrimgsm_orm_211,0.69851464,0.20161274
afrimgsm_orm_212,0.79315966,-0.3160993
afrimgsm_orm_213,0.79315966,-0.3160993
afrimgsm_orm_214,0.79315966,-0.3160993
afrimgsm_orm_215,0.7054685,-0.8489991
afrimgsm_orm_216,0.79315966,-0.3160993
afrimgsm_orm_217,0.69851464,0.20161274
afrimgsm_orm_218,0.69851464,0.20161274
afrimgsm_orm_219,0.79315966,-0.3160993
afrimgsm_orm_22,0.79315966,-0.3160993
afrimgsm_orm_220,0.7054685,-0.8489991
afrimgsm_orm_221,0.79315966,-0.3160993
afrimgsm_orm_222,0.79315966,-0.3160993
afrimgsm_orm_223,0.69851464,0.20161274
afrimgsm_orm_224,0.7054685,-0.8489991
afrimgsm_orm_225,0.69851464,0.20161274
afrimgsm_orm_226,0.79315966,-0.3160993
afrimgsm_orm_227,0.6794138,0.69208974
afrimgsm_orm_228,0.59232324,-0.3066153
afrimgsm_orm_229,0.79315966,-0.3160993
afrimgsm_orm_23,0.79315966,-0.3160993
afrimgsm_orm_230,0.79315966,-0.3160993
afrimgsm_orm_231,0.79315966,-0.3160993
afrimgsm_orm_232,0.681165,1.1876816
afrimgsm_orm_233,0.79315966,-0.3160993
afrimgsm_orm_234,0.6794138,0.69208974
afrimgsm_orm_235,0.79315966,-0.3160993
afrimgsm_orm_236,0.72505677,0.21326363
afrimgsm_orm_237,0.79315966,-0.3160993
afrimgsm_orm_238,0.72505677,0.21326363
afrimgsm_orm_239,0.79315966,-0.3160993
afrimgsm_orm_24,0.69548357,0.2002947
afrimgsm_orm_240,0.72505677,0.21326363
afrimgsm_orm_241,0.79315966,-0.3160993
afrimgsm_orm_242,0.72505677,0.21326363
afrimgsm_orm_243,0.79315966,-0.3160993
afrimgsm_orm_244,0.79315966,-0.3160993
afrimgsm_orm_245,0.72505677,0.21326363
afrimgsm_orm_246,0.79315966,-0.3160993
afrimgsm_orm_247,0.7054685,-0.8489991
afrimgsm_orm_248,0.79315966,-0.3160993
afrimgsm_orm_249,0.79315966,-0.3160993
afrimgsm_orm_25,0.79315966,-0.3160993
afrimgsm_orm_26,0.53234434,0.13433552
afrimgsm_orm_27,0.681165,1.1876816
afrimgsm_orm_28,0.79315966,-0.3160993
afrimgsm_orm_29,0.79315966,-0.3160993
afrimgsm_orm_3,0.5471161,0.13981448
afrimgsm_orm_30,0.79315966,-0.3160993
afrimgsm_orm_31,0.79315966,-0.3160993
afrimgsm_orm_32,0.681165,1.1876816
afrimgsm_orm_33,0.79315966,-0.3160993
afrimgsm_orm_34,0.79315966,-0.3160993
afrimgsm_orm_35,0.79315966,-0.3160993
afrimgsm_orm_36,0.681165,1.1876816
afrimgsm_orm_37,0.72505677,0.21326363
afrimgsm_orm_38,0.79315966,-0.3160993
afrimgsm_orm_39,0.681165,1.1876816
afrimgsm_orm_4,0.79315966,-0.3160993
afrimgsm_orm_40,0.79315966,-0.3160993
afrimgsm_orm_41,0.79315966,-0.3160993
afrimgsm_orm_42,0.6794138,0.69208974
afrimgsm_orm_43,0.72505677,0.21326363
afrimgsm_orm_44,0.6794138,0.69208974
afrimgsm_orm_45,0.79315966,-0.3160993
afrimgsm_orm_46,0.79315966,-0.3160993
afrimgsm_orm_47,0.79315966,-0.3160993
afrimgsm_orm_48,0.79315966,-0.3160993
afrimgsm_orm_49,0.79315966,-0.3160993
afrimgsm_orm_5,0.72505677,0.21326363
afrimgsm_orm_50,0.68251354,0.694715
afrimgsm_orm_51,0.79315966,-0.3160993
afrimgsm_orm_52,0.79315966,-0.3160993
afrimgsm_orm_53,0.79315966,-0.3160993
afrimgsm_orm_54,0.79315966,-0.3160993
afrimgsm_orm_55,0.79315966,-0.3160993
afrimgsm_orm_56,0.79315966,-0.3160993
afrimgsm_orm_57,0.79315966,-0.3160993
afrimgsm_orm_58,0.681165,1.1876816
afrimgsm_orm_59,0.79315966,-0.3160993
afrimgsm_orm_6,0.69851464,0.20161274
afrimgsm_orm_60,0.79315966,-0.3160993
afrimgsm_orm_61,0.7054685,-0.8489991
afrimgsm_orm_62,0.68251354,0.694715
afrimgsm_orm_63,0.79315966,-0.3160993
afrimgsm_orm_64,0.79315966,-0.3160993
afrimgsm_orm_65,0.681165,1.1876816
afrimgsm_orm_66,0.72505677,0.21326363
afrimgsm_orm_67,0.79315966,-0.3160993
afrimgsm_orm_68,0.79315966,-0.3160993
afrimgsm_orm_69,0.79315966,-0.3160993
afrimgsm_orm_7,0.6794138,0.69208974
afrimgsm_orm_70,0.6794138,0.69208974
afrimgsm_orm_71,0.79315966,-0.3160993
afrimgsm_orm_72,0.79315966,-0.3160993
afrimgsm_orm_73,0.69548357,0.2002947
afrimgsm_orm_74,0.79315966,-0.3160993
afrimgsm_orm_75,0.79315966,-0.3160993
afrimgsm_orm_76,0.79315966,-0.3160993
afrimgsm_orm_77,0.79315966,-0.3160993
afrimgsm_orm_78,0.69851464,0.20161274
afrimgsm_orm_79,0.79315966,-0.3160993
afrimgsm_orm_8,0.79315966,-0.3160993
afrimgsm_orm_80,0.79315966,-0.3160993
afrimgsm_orm_81,0.79315966,-0.3160993
afrimgsm_orm_82,0.72505677,0.21326363
afrimgsm_orm_83,0.79315966,-0.3160993
afrimgsm_orm_84,0.79315966,-0.3160993
afrimgsm_orm_85,0.79315966,-0.3160993
afrimgsm_orm_86,0.79315966,-0.3160993
afrimgsm_orm_87,0.72505677,0.21326363
afrimgsm_orm_88,0.79315966,-0.3160993
afrimgsm_orm_89,0.72505677,0.21326363
afrimgsm_orm_9,0.79315966,-0.3160993
afrimgsm_orm_90,0.79315966,-0.3160993
afrimgsm_orm_91,0.79315966,-0.3160993
afrimgsm_orm_92,0.69851464,0.20161274
afrimgsm_orm_93,0.65456736,0.67088765
afrimgsm_orm_94,0.69548357,0.2002947
afrimgsm_orm_95,0.79315966,-0.3160993
afrimgsm_orm_96,0.7054685,-0.8489991
afrimgsm_orm_97,0.72505677,0.21326363
afrimgsm_orm_98,0.72505677,0.21326363
afrimgsm_orm_99,0.79315966,-0.3160993
afrimgsm_sna_0,0.69548357,0.2002947
afrimgsm_sna_1,0.69851464,0.20161274
afrimgsm_sna_10,0.7054685,-0.8489991
afrimgsm_sna_100,0.681165,1.1876816
afrimgsm_sna_101,0.7054685,-0.8489991
afrimgsm_sna_102,0.72505677,0.21326363
afrimgsm_sna_103,0.7054685,-0.8489991
afrimgsm_sna_104,0.79315966,-0.3160993
afrimgsm_sna_105,0.681165,1.1876816
afrimgsm_sna_106,0.79315966,-0.3160993
afrimgsm_sna_107,0.72505677,0.21326363
afrimgsm_sna_108,0.79315966,-0.3160993
afrimgsm_sna_109,0.681165,1.1876816
afrimgsm_sna_11,0.79315966,-0.3160993
afrimgsm_sna_110,0.79315966,-0.3160993
afrimgsm_sna_111,0.69851464,0.20161274
afrimgsm_sna_112,0.79315966,-0.3160993
afrimgsm_sna_113,0.7054685,-0.8489991
afrimgsm_sna_114,0.79315966,-0.3160993
afrimgsm_sna_115,0.79315966,-0.3160993
afrimgsm_sna_116,0.72505677,0.21326363
afrimgsm_sna_117,0.72505677,0.21326363
afrimgsm_sna_118,0.79315966,-0.3160993
afrimgsm_sna_119,0.681165,1.1876816
afrimgsm_sna_12,0.68251354,0.694715
afrimgsm_sna_120,0.681165,1.1876816
afrimgsm_sna_121,0.6794138,0.69208974
afrimgsm_sna_122,0.79315966,-0.3160993
afrimgsm_sna_123,0.72505677,0.21326363
afrimgsm_sna_124,0.79315966,-0.3160993
afrimgsm_sna_125,0.79315966,-0.3160993
afrimgsm_sna_126,0.7054685,-0.8489991
afrimgsm_sna_127,0.7054685,-0.8489991
afrimgsm_sna_128,0.79315966,-0.3160993
afrimgsm_sna_129,0.79315966,-0.3160993
afrimgsm_sna_13,0.69851464,0.20161274
afrimgsm_sna_130,0.79315966,-0.3160993
afrimgsm_sna_131,0.7054685,-0.8489991
afrimgsm_sna_132,0.7054685,-0.8489991
afrimgsm_sna_133,0.79315966,-0.3160993
afrimgsm_sna_134,0.7054685,-0.8489991
afrimgsm_sna_135,0.79315966,-0.3160993
afrimgsm_sna_136,0.7054685,-0.8489991
afrimgsm_sna_137,0.681165,1.1876816
afrimgsm_sna_138,0.79315966,-0.3160993
afrimgsm_sna_139,0.6794138,0.69208974
afrimgsm_sna_14,0.69851464,0.20161274
afrimgsm_sna_140,0.79315966,-0.3160993
afrimgsm_sna_141,0.69548357,0.2002947
afrimgsm_sna_142,0.7054685,-0.8489991
afrimgsm_sna_143,0.79315966,-0.3160993
afrimgsm_sna_144,0.72505677,0.21326363
afrimgsm_sna_145,0.59232324,-0.3066153
afrimgsm_sna_146,0.69548357,0.2002947
afrimgsm_sna_147,0.6794138,0.69208974
afrimgsm_sna_148,0.79315966,-0.3160993
afrimgsm_sna_149,0.79315966,-0.3160993
afrimgsm_sna_15,0.79315966,-0.3160993
afrimgsm_sna_150,0.79315966,-0.3160993
afrimgsm_sna_151,0.72505677,0.21326363
afrimgsm_sna_152,0.681165,1.1876816
afrimgsm_sna_153,0.68251354,0.694715
afrimgsm_sna_154,0.681165,1.1876816
afrimgsm_sna_155,0.79315966,-0.3160993
afrimgsm_sna_156,0.7054685,-0.8489991
afrimgsm_sna_157,0.79315966,-0.3160993
afrimgsm_sna_158,0.681165,1.1876816
afrimgsm_sna_159,0.68251354,0.694715
afrimgsm_sna_16,0.69548357,0.2002947
afrimgsm_sna_160,0.7054685,-0.8489991
afrimgsm_sna_161,0.681165,1.1876816
afrimgsm_sna_162,0.72505677,0.21326363
afrimgsm_sna_163,0.79315966,-0.3160993
afrimgsm_sna_164,0.7054685,-0.8489991
afrimgsm_sna_165,0.7054685,-0.8489991
afrimgsm_sna_166,0.79315966,-0.3160993
afrimgsm_sna_167,0.79315966,-0.3160993
afrimgsm_sna_168,0.79315966,-0.3160993
afrimgsm_sna_169,0.79315966,-0.3160993
afrimgsm_sna_17,0.7054685,-0.8489991
afrimgsm_sna_170,0.79315966,-0.3160993
afrimgsm_sna_171,0.7054685,-0.8489991
afrimgsm_sna_172,0.79315966,-0.3160993
afrimgsm_sna_173,0.7054685,-0.8489991
afrimgsm_sna_174,0.65456736,0.67088765
afrimgsm_sna_175,0.79315966,-0.3160993
afrimgsm_sna_176,0.79315966,-0.3160993
afrimgsm_sna_177,0.681165,1.1876816
afrimgsm_sna_178,0.681165,1.1876816
afrimgsm_sna_179,0.7054685,-0.8489991
afrimgsm_sna_18,0.72505677,0.21326363
afrimgsm_sna_180,0.7054685,-0.8489991
afrimgsm_sna_181,0.6794138,0.69208974
afrimgsm_sna_182,0.681165,1.1876816
afrimgsm_sna_183,0.72505677,0.21326363
afrimgsm_sna_184,0.681165,1.1876816
afrimgsm_sna_185,0.6794138,0.69208974
afrimgsm_sna_186,0.68251354,0.694715
afrimgsm_sna_187,0.681165,1.1876816
afrimgsm_sna_188,0.79315966,-0.3160993
afrimgsm_sna_189,0.681165,1.1876816
afrimgsm_sna_19,0.69851464,0.20161274
afrimgsm_sna_190,0.79315966,-0.3160993
afrimgsm_sna_191,0.79315966,-0.3160993
afrimgsm_sna_192,0.79315966,-0.3160993
afrimgsm_sna_193,0.681165,1.1876816
afrimgsm_sna_194,0.79315966,-0.3160993
afrimgsm_sna_195,0.681165,1.1876816
afrimgsm_sna_196,0.59232324,-0.3066153
afrimgsm_sna_197,0.79315966,-0.3160993
afrimgsm_sna_198,0.79315966,-0.3160993
afrimgsm_sna_199,0.681165,1.1876816
afrimgsm_sna_2,0.79315966,-0.3160993
afrimgsm_sna_20,0.72505677,0.21326363
afrimgsm_sna_200,0.69851464,0.20161274
afrimgsm_sna_201,0.79315966,-0.3160993
afrimgsm_sna_202,0.79315966,-0.3160993
afrimgsm_sna_203,0.72505677,0.21326363
afrimgsm_sna_204,0.79315966,-0.3160993
afrimgsm_sna_205,0.69548357,0.2002947
afrimgsm_sna_206,0.79315966,-0.3160993
afrimgsm_sna_207,0.79315966,-0.3160993
afrimgsm_sna_208,0.7054685,-0.8489991
afrimgsm_sna_209,0.681165,1.1876816
afrimgsm_sna_21,0.681165,1.1876816
afrimgsm_sna_210,0.79315966,-0.3160993
afrimgsm_sna_211,0.79315966,-0.3160993
afrimgsm_sna_212,0.7054685,-0.8489991
afrimgsm_sna_213,0.681165,1.1876816
afrimgsm_sna_214,0.79315966,-0.3160993
afrimgsm_sna_215,0.7054685,-0.8489991
afrimgsm_sna_216,0.7054685,-0.8489991
afrimgsm_sna_217,0.79315966,-0.3160993
afrimgsm_sna_218,0.72505677,0.21326363
afrimgsm_sna_219,0.79315966,-0.3160993
afrimgsm_sna_22,0.7054685,-0.8489991
afrimgsm_sna_220,0.5902392,-0.30633837
afrimgsm_sna_221,0.7054685,-0.8489991
afrimgsm_sna_222,0.69851464,0.20161274
afrimgsm_sna_223,0.79315966,-0.3160993
afrimgsm_sna_224,0.7054685,-0.8489991
afrimgsm_sna_225,0.79315966,-0.3160993
afrimgsm_sna_226,0.79315966,-0.3160993
afrimgsm_sna_227,0.6794138,0.69208974
afrimgsm_sna_228,0.5902392,-0.30633837
afrimgsm_sna_229,0.79315966,-0.3160993
afrimgsm_sna_23,0.69851464,0.20161274
afrimgsm_sna_230,0.7054685,-0.8489991
afrimgsm_sna_231,0.79315966,-0.3160993
afrimgsm_sna_232,0.6794138,0.69208974
afrimgsm_sna_233,0.7054685,-0.8489991
afrimgsm_sna_234,0.6794138,0.69208974
afrimgsm_sna_235,0.79315966,-0.3160993
afrimgsm_sna_236,0.72505677,0.21326363
afrimgsm_sna_237,0.79315966,-0.3160993
afrimgsm_sna_238,0.69548357,0.2002947
afrimgsm_sna_239,0.681165,1.1876816
afrimgsm_sna_24,0.681165,1.1876816
afrimgsm_sna_240,0.79315966,-0.3160993
afrimgsm_sna_241,0.6794138,0.69208974
afrimgsm_sna_242,0.79315966,-0.3160993
afrimgsm_sna_243,0.7054685,-0.8489991
afrimgsm_sna_244,0.79315966,-0.3160993
afrimgsm_sna_245,0.72505677,0.21326363
afrimgsm_sna_246,0.79315966,-0.3160993
afrimgsm_sna_247,0.7054685,-0.8489991
afrimgsm_sna_248,0.72505677,0.21326363
afrimgsm_sna_249,0.79315966,-0.3160993
afrimgsm_sna_25,0.79315966,-0.3160993
afrimgsm_sna_26,0.65456736,0.67088765
afrimgsm_sna_27,0.681165,1.1876816
afrimgsm_sna_28,0.7054685,-0.8489991
afrimgsm_sna_29,0.681165,1.1876816
afrimgsm_sna_3,0.79315966,-0.3160993
afrimgsm_sna_30,0.79315966,-0.3160993
afrimgsm_sna_31,0.6794138,0.69208974
afrimgsm_sna_32,0.7054685,-0.8489991
afrimgsm_sna_33,0.6794138,0.69208974
afrimgsm_sna_34,0.79315966,-0.3160993
afrimgsm_sna_35,0.7054685,-0.8489991
afrimgsm_sna_36,0.72505677,0.21326363
afrimgsm_sna_37,0.79315966,-0.3160993
afrimgsm_sna_38,0.68251354,0.694715
afrimgsm_sna_39,0.6794138,0.69208974
afrimgsm_sna_4,0.79315966,-0.3160993
afrimgsm_sna_40,0.72505677,0.21326363
afrimgsm_sna_41,0.65456736,0.67088765
afrimgsm_sna_42,0.59232324,-0.3066153
afrimgsm_sna_43,0.79315966,-0.3160993
afrimgsm_sna_44,0.69548357,0.2002947
afrimgsm_sna_45,0.72505677,0.21326363
afrimgsm_sna_46,0.79315966,-0.3160993
afrimgsm_sna_47,0.79315966,-0.3160993
afrimgsm_sna_48,0.79315966,-0.3160993
afrimgsm_sna_49,0.7054685,-0.8489991
afrimgsm_sna_5,0.79315966,-0.3160993
afrimgsm_sna_50,0.79315966,-0.3160993
afrimgsm_sna_51,0.69851464,0.20161274
afrimgsm_sna_52,0.681165,1.1876816
afrimgsm_sna_53,0.68251354,0.694715
afrimgsm_sna_54,0.681165,1.1876816
afrimgsm_sna_55,0.7054685,-0.8489991
afrimgsm_sna_56,0.7054685,-0.8489991
afrimgsm_sna_57,0.69548357,0.2002947
afrimgsm_sna_58,0.7054685,-0.8489991
afrimgsm_sna_59,0.7054685,-0.8489991
afrimgsm_sna_6,0.681165,1.1876816
afrimgsm_sna_60,0.79315966,-0.3160993
afrimgsm_sna_61,0.79315966,-0.3160993
afrimgsm_sna_62,0.68251354,0.694715
afrimgsm_sna_63,0.79315966,-0.3160993
afrimgsm_sna_64,0.72505677,0.21326363
afrimgsm_sna_65,0.681165,1.1876816
afrimgsm_sna_66,0.79315966,-0.3160993
afrimgsm_sna_67,0.79315966,-0.3160993
afrimgsm_sna_68,0.69851464,0.20161274
afrimgsm_sna_69,0.7054685,-0.8489991
afrimgsm_sna_7,0.69548357,0.2002947
afrimgsm_sna_70,0.79315966,-0.3160993
afrimgsm_sna_71,0.79315966,-0.3160993
afrimgsm_sna_72,0.7054685,-0.8489991
afrimgsm_sna_73,0.79315966,-0.3160993
afrimgsm_sna_74,0.72505677,0.21326363
afrimgsm_sna_75,0.6794138,0.69208974
afrimgsm_sna_76,0.79315966,-0.3160993
afrimgsm_sna_77,0.72505677,0.21326363
afrimgsm_sna_78,0.681165,1.1876816
afrimgsm_sna_79,0.7054685,-0.8489991
afrimgsm_sna_8,0.72505677,0.21326363
afrimgsm_sna_80,0.681165,1.1876816
afrimgsm_sna_81,0.79315966,-0.3160993
afrimgsm_sna_82,0.79315966,-0.3160993
afrimgsm_sna_83,0.79315966,-0.3160993
afrimgsm_sna_84,0.79315966,-0.3160993
afrimgsm_sna_85,0.681165,1.1876816
afrimgsm_sna_86,0.79315966,-0.3160993
afrimgsm_sna_87,0.68251354,0.694715
afrimgsm_sna_88,0.79315966,-0.3160993
afrimgsm_sna_89,0.72505677,0.21326363
afrimgsm_sna_9,0.7054685,-0.8489991
afrimgsm_sna_90,0.79315966,-0.3160993
afrimgsm_sna_91,0.79315966,-0.3160993
afrimgsm_sna_92,0.7054685,-0.8489991
afrimgsm_sna_93,0.6794138,0.69208974
afrimgsm_sna_94,0.79315966,-0.3160993
afrimgsm_sna_95,0.79315966,-0.3160993
afrimgsm_sna_96,0.7054685,-0.8489991
afrimgsm_sna_97,0.79315966,-0.3160993
afrimgsm_sna_98,0.681165,1.1876816
afrimgsm_sna_99,0.681165,1.1876816
afrimgsm_sot_0,0.79315966,-0.3160993
afrimgsm_sot_1,0.681165,1.1876816
afrimgsm_sot_10,0.79315966,-0.3160993
afrimgsm_sot_100,0.65456736,0.67088765
afrimgsm_sot_101,0.79315966,-0.3160993
afrimgsm_sot_102,0.79315966,-0.3160993
afrimgsm_sot_103,0.681165,1.1876816
afrimgsm_sot_104,0.79315966,-0.3160993
afrimgsm_sot_105,0.79315966,-0.3160993
afrimgsm_sot_106,0.69548357,0.2002947
afrimgsm_sot_107,0.72505677,0.21326363
afrimgsm_sot_108,0.69851464,0.20161274
afrimgsm_sot_109,0.681165,1.1876816
afrimgsm_sot_11,0.79315966,-0.3160993
afrimgsm_sot_110,0.681165,1.1876816
afrimgsm_sot_111,0.69851464,0.20161274
afrimgsm_sot_112,0.79315966,-0.3160993
afrimgsm_sot_113,0.79315966,-0.3160993
afrimgsm_sot_114,0.72505677,0.21326363
afrimgsm_sot_115,0.79315966,-0.3160993
afrimgsm_sot_116,0.79315966,-0.3160993
afrimgsm_sot_117,0.79315966,-0.3160993
afrimgsm_sot_118,0.7054685,-0.8489991
afrimgsm_sot_119,0.681165,1.1876816
afrimgsm_sot_12,0.68251354,0.694715
afrimgsm_sot_120,0.681165,1.1876816
afrimgsm_sot_121,0.79315966,-0.3160993
afrimgsm_sot_122,0.79315966,-0.3160993
afrimgsm_sot_123,0.72505677,0.21326363
afrimgsm_sot_124,0.681165,1.1876816
afrimgsm_sot_125,0.79315966,-0.3160993
afrimgsm_sot_126,0.79315966,-0.3160993
afrimgsm_sot_127,0.79315966,-0.3160993
afrimgsm_sot_128,0.79315966,-0.3160993
afrimgsm_sot_129,0.65456736,0.67088765
afrimgsm_sot_13,0.68251354,0.694715
afrimgsm_sot_130,0.79315966,-0.3160993
afrimgsm_sot_131,0.79315966,-0.3160993
afrimgsm_sot_132,0.681165,1.1876816
afrimgsm_sot_133,0.72505677,0.21326363
afrimgsm_sot_134,0.79315966,-0.3160993
afrimgsm_sot_135,0.681165,1.1876816
afrimgsm_sot_136,0.69851464,0.20161274
afrimgsm_sot_137,0.681165,1.1876816
afrimgsm_sot_138,0.79315966,-0.3160993
afrimgsm_sot_139,0.681165,1.1876816
afrimgsm_sot_14,0.65456736,0.67088765
afrimgsm_sot_140,0.79315966,-0.3160993
afrimgsm_sot_141,0.79315966,-0.3160993
afrimgsm_sot_142,0.79315966,-0.3160993
afrimgsm_sot_143,0.79315966,-0.3160993
afrimgsm_sot_144,0.79315966,-0.3160993
afrimgsm_sot_145,0.79315966,-0.3160993
afrimgsm_sot_146,0.72505677,0.21326363
afrimgsm_sot_147,0.681165,1.1876816
afrimgsm_sot_148,0.79315966,-0.3160993
afrimgsm_sot_149,0.6104306,-0.30883098
afrimgsm_sot_15,0.79315966,-0.3160993
afrimgsm_sot_150,0.79315966,-0.3160993
afrimgsm_sot_151,0.681165,1.1876816
afrimgsm_sot_152,0.5167476,0.5484656
afrimgsm_sot_153,0.72505677,0.21326363
afrimgsm_sot_154,0.681165,1.1876816
afrimgsm_sot_155,0.69851464,0.20161274
afrimgsm_sot_156,0.6104306,-0.30883098
afrimgsm_sot_157,0.681165,1.1876816
afrimgsm_sot_158,0.681165,1.1876816
afrimgsm_sot_159,0.6794138,0.69208974
afrimgsm_sot_16,0.79315966,-0.3160993
afrimgsm_sot_160,0.79315966,-0.3160993
afrimgsm_sot_161,0.79315966,-0.3160993
afrimgsm_sot_162,0.681165,1.1876816
afrimgsm_sot_163,0.79315966,-0.3160993
afrimgsm_sot_164,0.79315966,-0.3160993
afrimgsm_sot_165,0.79315966,-0.3160993
afrimgsm_sot_166,0.79315966,-0.3160993
afrimgsm_sot_167,0.79315966,-0.3160993
afrimgsm_sot_168,0.681165,1.1876816
afrimgsm_sot_169,0.79315966,-0.3160993
afrimgsm_sot_17,0.79315966,-0.3160993
afrimgsm_sot_170,0.681165,1.1876816
afrimgsm_sot_171,0.7054685,-0.8489991
afrimgsm_sot_172,0.681165,1.1876816
afrimgsm_sot_173,0.68251354,0.694715
afrimgsm_sot_174,0.69851464,0.20161274
afrimgsm_sot_175,0.79315966,-0.3160993
afrimgsm_sot_176,0.7054685,-0.8489991
afrimgsm_sot_177,0.681165,1.1876816
afrimgsm_sot_178,0.7054685,-0.8489991
afrimgsm_sot_179,0.79315966,-0.3160993
afrimgsm_sot_18,0.72505677,0.21326363
afrimgsm_sot_180,0.69548357,0.2002947
afrimgsm_sot_181,0.6794138,0.69208974
afrimgsm_sot_182,0.72505677,0.21326363
afrimgsm_sot_183,0.79315966,-0.3160993
afrimgsm_sot_184,0.681165,1.1876816
afrimgsm_sot_185,0.79315966,-0.3160993
afrimgsm_sot_186,0.79315966,-0.3160993
afrimgsm_sot_187,0.69851464,0.20161274
afrimgsm_sot_188,0.79315966,-0.3160993
afrimgsm_sot_189,0.681165,1.1876816
afrimgsm_sot_19,0.79315966,-0.3160993
afrimgsm_sot_190,0.69851464,0.20161274
afrimgsm_sot_191,0.7054685,-0.8489991
afrimgsm_sot_192,0.69851464,0.20161274
afrimgsm_sot_193,0.681165,1.1876816
afrimgsm_sot_194,0.7054685,-0.8489991
afrimgsm_sot_195,0.681165,1.1876816
afrimgsm_sot_196,0.65456736,0.67088765
afrimgsm_sot_197,0.79315966,-0.3160993
afrimgsm_sot_198,0.79315966,-0.3160993
afrimgsm_sot_199,0.68251354,0.694715
afrimgsm_sot_2,0.69851464,0.20161274
afrimgsm_sot_20,0.68251354,0.694715
afrimgsm_sot_200,0.79315966,-0.3160993
afrimgsm_sot_201,0.69851464,0.20161274
afrimgsm_sot_202,0.79315966,-0.3160993
afrimgsm_sot_203,0.79315966,-0.3160993
afrimgsm_sot_204,0.7054685,-0.8489991
afrimgsm_sot_205,0.79315966,-0.3160993
afrimgsm_sot_206,0.79315966,-0.3160993
afrimgsm_sot_207,0.79315966,-0.3160993
afrimgsm_sot_208,0.7054685,-0.8489991
afrimgsm_sot_209,0.681165,1.1876816
afrimgsm_sot_21,0.79315966,-0.3160993
afrimgsm_sot_210,0.79315966,-0.3160993
afrimgsm_sot_211,0.79315966,-0.3160993
afrimgsm_sot_212,0.7054685,-0.8489991
afrimgsm_sot_213,0.79315966,-0.3160993
afrimgsm_sot_214,0.79315966,-0.3160993
afrimgsm_sot_215,0.79315966,-0.3160993
afrimgsm_sot_216,0.79315966,-0.3160993
afrimgsm_sot_217,0.681165,1.1876816
afrimgsm_sot_218,0.68251354,0.694715
afrimgsm_sot_219,0.681165,1.1876816
afrimgsm_sot_22,0.79315966,-0.3160993
afrimgsm_sot_220,0.5902392,-0.30633837
afrimgsm_sot_221,0.59232324,-0.3066153
afrimgsm_sot_222,0.79315966,-0.3160993
afrimgsm_sot_223,0.68251354,0.694715
afrimgsm_sot_224,0.7054685,-0.8489991
afrimgsm_sot_225,0.681165,1.1876816
afrimgsm_sot_226,0.79315966,-0.3160993
afrimgsm_sot_227,0.681165,1.1876816
afrimgsm_sot_228,0.79315966,-0.3160993
afrimgsm_sot_229,0.79315966,-0.3160993
afrimgsm_sot_23,0.7054685,-0.8489991
afrimgsm_sot_230,0.68251354,0.694715
afrimgsm_sot_231,0.79315966,-0.3160993
afrimgsm_sot_232,0.681165,1.1876816
afrimgsm_sot_233,0.79315966,-0.3160993
afrimgsm_sot_234,0.681165,1.1876816
afrimgsm_sot_235,0.79315966,-0.3160993
afrimgsm_sot_236,0.68251354,0.694715
afrimgsm_sot_237,0.7054685,-0.8489991
afrimgsm_sot_238,0.681165,1.1876816
afrimgsm_sot_239,0.79315966,-0.3160993
afrimgsm_sot_24,0.681165,1.1876816
afrimgsm_sot_240,0.79315966,-0.3160993
afrimgsm_sot_241,0.72505677,0.21326363
afrimgsm_sot_242,0.72505677,0.21326363
afrimgsm_sot_243,0.69851464,0.20161274
afrimgsm_sot_244,0.79315966,-0.3160993
afrimgsm_sot_245,0.6794138,0.69208974
afrimgsm_sot_246,0.79315966,-0.3160993
afrimgsm_sot_247,0.7054685,-0.8489991
afrimgsm_sot_248,0.6794138,0.69208974
afrimgsm_sot_249,0.79315966,-0.3160993
afrimgsm_sot_25,0.7054685,-0.8489991
afrimgsm_sot_26,0.5167476,0.5484656
afrimgsm_sot_27,0.681165,1.1876816
afrimgsm_sot_28,0.7054685,-0.8489991
afrimgsm_sot_29,0.79315966,-0.3160993
afrimgsm_sot_3,0.6794138,0.69208974
afrimgsm_sot_30,0.79315966,-0.3160993
afrimgsm_sot_31,0.5167476,0.5484656
afrimgsm_sot_32,0.681165,1.1876816
afrimgsm_sot_33,0.79315966,-0.3160993
afrimgsm_sot_34,0.79315966,-0.3160993
afrimgsm_sot_35,0.79315966,-0.3160993
afrimgsm_sot_36,0.681165,1.1876816
afrimgsm_sot_37,0.72505677,0.21326363
afrimgsm_sot_38,0.79315966,-0.3160993
afrimgsm_sot_39,0.6794138,0.69208974
afrimgsm_sot_4,0.7054685,-0.8489991
afrimgsm_sot_40,0.6794138,0.69208974
afrimgsm_sot_41,0.72505677,0.21326363
afrimgsm_sot_42,0.7054685,-0.8489991
afrimgsm_sot_43,0.72505677,0.21326363
afrimgsm_sot_44,0.68251354,0.694715
afrimgsm_sot_45,0.7054685,-0.8489991
afrimgsm_sot_46,0.681165,1.1876816
afrimgsm_sot_47,0.79315966,-0.3160993
afrimgsm_sot_48,0.681165,1.1876816
afrimgsm_sot_49,0.7054685,-0.8489991
afrimgsm_sot_5,0.79315966,-0.3160993
afrimgsm_sot_50,0.79315966,-0.3160993
afrimgsm_sot_51,0.7054685,-0.8489991
afrimgsm_sot_52,0.681165,1.1876816
afrimgsm_sot_53,0.79315966,-0.3160993
afrimgsm_sot_54,0.79315966,-0.3160993
afrimgsm_sot_55,0.79315966,-0.3160993
afrimgsm_sot_56,0.79315966,-0.3160993
afrimgsm_sot_57,0.79315966,-0.3160993
afrimgsm_sot_58,0.681165,1.1876816
afrimgsm_sot_59,0.79315966,-0.3160993
afrimgsm_sot_6,0.79315966,-0.3160993
afrimgsm_sot_60,0.7054685,-0.8489991
afrimgsm_sot_61,0.7054685,-0.8489991
afrimgsm_sot_62,0.72505677,0.21326363
afrimgsm_sot_63,0.72505677,0.21326363
afrimgsm_sot_64,0.79315966,-0.3160993
afrimgsm_sot_65,0.681165,1.1876816
afrimgsm_sot_66,0.79315966,-0.3160993
afrimgsm_sot_67,0.79315966,-0.3160993
afrimgsm_sot_68,0.69851464,0.20161274
afrimgsm_sot_69,0.7054685,-0.8489991
afrimgsm_sot_7,0.6794138,0.69208974
afrimgsm_sot_70,0.681165,1.1876816
afrimgsm_sot_71,0.79315966,-0.3160993
afrimgsm_sot_72,0.79315966,-0.3160993
afrimgsm_sot_73,0.79315966,-0.3160993
afrimgsm_sot_74,0.72505677,0.21326363
afrimgsm_sot_75,0.72505677,0.21326363
afrimgsm_sot_76,0.79315966,-0.3160993
afrimgsm_sot_77,0.72505677,0.21326363
afrimgsm_sot_78,0.6794138,0.69208974
afrimgsm_sot_79,0.79315966,-0.3160993
afrimgsm_sot_8,0.79315966,-0.3160993
afrimgsm_sot_80,0.681165,1.1876816
afrimgsm_sot_81,0.7054685,-0.8489991
afrimgsm_sot_82,0.69548357,0.2002947
afrimgsm_sot_83,0.79315966,-0.3160993
afrimgsm_sot_84,0.79315966,-0.3160993
afrimgsm_sot_85,0.69851464,0.20161274
afrimgsm_sot_86,0.72505677,0.21326363
afrimgsm_sot_87,0.681165,1.1876816
afrimgsm_sot_88,0.79315966,-0.3160993
afrimgsm_sot_89,0.72505677,0.21326363
afrimgsm_sot_9,0.79315966,-0.3160993
afrimgsm_sot_90,0.681165,1.1876816
afrimgsm_sot_91,0.79315966,-0.3160993
afrimgsm_sot_92,0.7054685,-0.8489991
afrimgsm_sot_93,0.69548357,0.2002947
afrimgsm_sot_94,0.79315966,-0.3160993
afrimgsm_sot_95,0.69851464,0.20161274
afrimgsm_sot_96,0.79315966,-0.3160993
afrimgsm_sot_97,0.79315966,-0.3160993
afrimgsm_sot_98,0.69851464,0.20161274
afrimgsm_sot_99,0.79315966,-0.3160993
afrimgsm_swa_0,0.79315966,-0.3160993
afrimgsm_swa_1,0.7054685,-0.8489991
afrimgsm_swa_10,0.79315966,-0.3160993
afrimgsm_swa_100,0.79315966,-0.3160993
afrimgsm_swa_101,0.7054685,-0.8489991
afrimgsm_swa_102,0.72505677,0.21326363
afrimgsm_swa_103,0.79315966,-0.3160993
afrimgsm_swa_104,0.79315966,-0.3160993
afrimgsm_swa_105,0.79315966,-0.3160993
afrimgsm_swa_106,0.79315966,-0.3160993
afrimgsm_swa_107,0.72505677,0.21326363
afrimgsm_swa_108,0.79315966,-0.3160993
afrimgsm_swa_109,0.681165,1.1876816
afrimgsm_swa_11,0.7054685,-0.8489991
afrimgsm_swa_110,0.79315966,-0.3160993
afrimgsm_swa_111,0.69851464,0.20161274
afrimgsm_swa_112,0.79315966,-0.3160993
afrimgsm_swa_113,0.79315966,-0.3160993
afrimgsm_swa_114,0.7054685,-0.8489991
afrimgsm_swa_115,0.79315966,-0.3160993
afrimgsm_swa_116,0.7054685,-0.8489991
afrimgsm_swa_117,0.79315966,-0.3160993
afrimgsm_swa_118,0.79315966,-0.3160993
afrimgsm_swa_119,0.681165,1.1876816
afrimgsm_swa_12,0.681165,1.1876816
afrimgsm_swa_120,0.59232324,-0.3066153
afrimgsm_swa_121,0.79315966,-0.3160993
afrimgsm_swa_122,0.79315966,-0.3160993
afrimgsm_swa_123,0.68251354,0.694715
afrimgsm_swa_124,0.79315966,-0.3160993
afrimgsm_swa_125,0.7054685,-0.8489991
afrimgsm_swa_126,0.79315966,-0.3160993
afrimgsm_swa_127,0.79315966,-0.3160993
afrimgsm_swa_128,0.79315966,-0.3160993
afrimgsm_swa_129,0.7054685,-0.8489991
afrimgsm_swa_13,0.79315966,-0.3160993
afrimgsm_swa_130,0.7054685,-0.8489991
afrimgsm_swa_131,0.7054685,-0.8489991
afrimgsm_swa_132,0.79315966,-0.3160993
afrimgsm_swa_133,0.79315966,-0.3160993
afrimgsm_swa_134,0.7054685,-0.8489991
afrimgsm_swa_135,0.79315966,-0.3160993
afrimgsm_swa_136,0.7054685,-0.8489991
afrimgsm_swa_137,0.681165,1.1876816
afrimgsm_swa_138,0.79315966,-0.3160993
afrimgsm_swa_139,0.7054685,-0.8489991
afrimgsm_swa_14,0.69851464,0.20161274
afrimgsm_swa_140,0.7054685,-0.8489991
afrimgsm_swa_141,0.681165,1.1876816
afrimgsm_swa_142,0.7054685,-0.8489991
afrimgsm_swa_143,0.79315966,-0.3160993
afrimgsm_swa_144,0.79315966,-0.3160993
afrimgsm_swa_145,0.79315966,-0.3160993
afrimgsm_swa_146,0.7054685,-0.8489991
afrimgsm_swa_147,0.72505677,0.21326363
afrimgsm_swa_148,0.79315966,-0.3160993
afrimgsm_swa_149,0.79315966,-0.3160993
afrimgsm_swa_15,0.79315966,-0.3160993
afrimgsm_swa_150,0.79315966,-0.3160993
afrimgsm_swa_151,0.72505677,0.21326363
afrimgsm_swa_152,0.681165,1.1876816
afrimgsm_swa_153,0.69548357,0.2002947
afrimgsm_swa_154,0.79315966,-0.3160993
afrimgsm_swa_155,0.79315966,-0.3160993
afrimgsm_swa_156,0.7054685,-0.8489991
afrimgsm_swa_157,0.69851464,0.20161274
afrimgsm_swa_158,0.79315966,-0.3160993
afrimgsm_swa_159,0.7054685,-0.8489991
afrimgsm_swa_16,0.69548357,0.2002947
afrimgsm_swa_160,0.79315966,-0.3160993
afrimgsm_swa_161,0.69548357,0.2002947
afrimgsm_swa_162,0.72505677,0.21326363
afrimgsm_swa_163,0.6104306,-0.30883098
afrimgsm_swa_164,0.79315966,-0.3160993
afrimgsm_swa_165,0.7054685,-0.8489991
afrimgsm_swa_166,0.7054685,-0.8489991
afrimgsm_swa_167,0.79315966,-0.3160993
afrimgsm_swa_168,0.79315966,-0.3160993
afrimgsm_swa_169,0.69851464,0.20161274
afrimgsm_swa_17,0.79315966,-0.3160993
afrimgsm_swa_170,0.79315966,-0.3160993
afrimgsm_swa_171,0.7054685,-0.8489991
afrimgsm_swa_172,0.69851464,0.20161274
afrimgsm_swa_173,0.79315966,-0.3160993
afrimgsm_swa_174,0.65456736,0.67088765
afrimgsm_swa_175,0.79315966,-0.3160993
afrimgsm_swa_176,0.7054685,-0.8489991
afrimgsm_swa_177,0.69548357,0.2002947
afrimgsm_swa_178,0.79315966,-0.3160993
afrimgsm_swa_179,0.7054685,-0.8489991
afrimgsm_swa_18,0.72505677,0.21326363
afrimgsm_swa_180,0.7054685,-0.8489991
afrimgsm_swa_181,0.6104306,-0.30883098
afrimgsm_swa_182,0.69548357,0.2002947
afrimgsm_swa_183,0.681165,1.1876816
afrimgsm_swa_184,0.72505677,0.21326363
afrimgsm_swa_185,0.7054685,-0.8489991
afrimgsm_swa_186,0.7054685,-0.8489991
afrimgsm_swa_187,0.72505677,0.21326363
afrimgsm_swa_188,0.7054685,-0.8489991
afrimgsm_swa_189,0.72505677,0.21326363
afrimgsm_swa_19,0.59232324,-0.3066153
afrimgsm_swa_190,0.79315966,-0.3160993
afrimgsm_swa_191,0.79315966,-0.3160993
afrimgsm_swa_192,0.79315966,-0.3160993
afrimgsm_swa_193,0.69851464,0.20161274
afrimgsm_swa_194,0.7054685,-0.8489991
afrimgsm_swa_195,0.681165,1.1876816
afrimgsm_swa_196,0.7054685,-0.8489991
afrimgsm_swa_197,0.7054685,-0.8489991
afrimgsm_swa_198,0.79315966,-0.3160993
afrimgsm_swa_199,0.79315966,-0.3160993
afrimgsm_swa_2,0.72505677,0.21326363
afrimgsm_swa_20,0.72505677,0.21326363
afrimgsm_swa_200,0.79315966,-0.3160993
afrimgsm_swa_201,0.79315966,-0.3160993
afrimgsm_swa_202,0.7054685,-0.8489991
afrimgsm_swa_203,0.79315966,-0.3160993
afrimgsm_swa_204,0.7054685,-0.8489991
afrimgsm_swa_205,0.72505677,0.21326363
afrimgsm_swa_206,0.79315966,-0.3160993
afrimgsm_swa_207,0.79315966,-0.3160993
afrimgsm_swa_208,0.79315966,-0.3160993
afrimgsm_swa_209,0.79315966,-0.3160993
afrimgsm_swa_21,0.7054685,-0.8489991
afrimgsm_swa_210,0.79315966,-0.3160993
afrimgsm_swa_211,0.79315966,-0.3160993
afrimgsm_swa_212,0.79315966,-0.3160993
afrimgsm_swa_213,0.79315966,-0.3160993
afrimgsm_swa_214,0.79315966,-0.3160993
afrimgsm_swa_215,0.7054685,-0.8489991
afrimgsm_swa_216,0.7054685,-0.8489991
afrimgsm_swa_217,0.7054685,-0.8489991
afrimgsm_swa_218,0.79315966,-0.3160993
afrimgsm_swa_219,0.7054685,-0.8489991
afrimgsm_swa_22,0.79315966,-0.3160993
afrimgsm_swa_220,0.5902392,-0.30633837
afrimgsm_swa_221,0.7054685,-0.8489991
afrimgsm_swa_222,0.7054685,-0.8489991
afrimgsm_swa_223,0.7054685,-0.8489991
afrimgsm_swa_224,0.7054685,-0.8489991
afrimgsm_swa_225,0.79315966,-0.3160993
afrimgsm_swa_226,0.79315966,-0.3160993
afrimgsm_swa_227,0.681165,1.1876816
afrimgsm_swa_228,0.7054685,-0.8489991
afrimgsm_swa_229,0.79315966,-0.3160993
afrimgsm_swa_23,0.79315966,-0.3160993
afrimgsm_swa_230,0.79315966,-0.3160993
afrimgsm_swa_231,0.7054685,-0.8489991
afrimgsm_swa_232,0.79315966,-0.3160993
afrimgsm_swa_233,0.7054685,-0.8489991
afrimgsm_swa_234,0.69548357,0.2002947
afrimgsm_swa_235,0.79315966,-0.3160993
afrimgsm_swa_236,0.72505677,0.21326363
afrimgsm_swa_237,0.7054685,-0.8489991
afrimgsm_swa_238,0.7054685,-0.8489991
afrimgsm_swa_239,0.79315966,-0.3160993
afrimgsm_swa_24,0.5471161,0.13981448
afrimgsm_swa_240,0.79315966,-0.3160993
afrimgsm_swa_241,0.65456736,0.67088765
afrimgsm_swa_242,0.79315966,-0.3160993
afrimgsm_swa_243,0.69851464,0.20161274
afrimgsm_swa_244,0.7054685,-0.8489991
afrimgsm_swa_245,0.7054685,-0.8489991
afrimgsm_swa_246,0.79315966,-0.3160993
afrimgsm_swa_247,0.7054685,-0.8489991
afrimgsm_swa_248,0.7054685,-0.8489991
afrimgsm_swa_249,0.79315966,-0.3160993
afrimgsm_swa_25,0.79315966,-0.3160993
afrimgsm_swa_26,0.6794138,0.69208974
afrimgsm_swa_27,0.6794138,0.69208974
afrimgsm_swa_28,0.7054685,-0.8489991
afrimgsm_swa_29,0.7054685,-0.8489991
afrimgsm_swa_3,0.79315966,-0.3160993
afrimgsm_swa_30,0.79315966,-0.3160993
afrimgsm_swa_31,0.79315966,-0.3160993
afrimgsm_swa_32,0.79315966,-0.3160993
afrimgsm_swa_33,0.79315966,-0.3160993
afrimgsm_swa_34,0.79315966,-0.3160993
afrimgsm_swa_35,0.7054685,-0.8489991
afrimgsm_swa_36,0.5167476,0.5484656
afrimgsm_swa_37,0.79315966,-0.3160993
afrimgsm_swa_38,0.79315966,-0.3160993
afrimgsm_swa_39,0.79315966,-0.3160993
afrimgsm_swa_4,0.59232324,-0.3066153
afrimgsm_swa_40,0.79315966,-0.3160993
afrimgsm_swa_41,0.79315966,-0.3160993
afrimgsm_swa_42,0.7054685,-0.8489991
afrimgsm_swa_43,0.79315966,-0.3160993
afrimgsm_swa_44,0.6104306,-0.30883098
afrimgsm_swa_45,0.69548357,0.2002947
afrimgsm_swa_46,0.79315966,-0.3160993
afrimgsm_swa_47,0.79315966,-0.3160993
afrimgsm_swa_48,0.7054685,-0.8489991
afrimgsm_swa_49,0.7054685,-0.8489991
afrimgsm_swa_5,0.72505677,0.21326363
afrimgsm_swa_50,0.79315966,-0.3160993
afrimgsm_swa_51,0.69851464,0.20161274
afrimgsm_swa_52,0.79315966,-0.3160993
afrimgsm_swa_53,0.79315966,-0.3160993
afrimgsm_swa_54,0.79315966,-0.3160993
afrimgsm_swa_55,0.7054685,-0.8489991
afrimgsm_swa_56,0.7054685,-0.8489991
afrimgsm_swa_57,0.79315966,-0.3160993
afrimgsm_swa_58,0.681165,1.1876816
afrimgsm_swa_59,0.7054685,-0.8489991
afrimgsm_swa_6,0.79315966,-0.3160993
afrimgsm_swa_60,0.79315966,-0.3160993
afrimgsm_swa_61,0.7054685,-0.8489991
afrimgsm_swa_62,0.72505677,0.21326363
afrimgsm_swa_63,0.79315966,-0.3160993
afrimgsm_swa_64,0.79315966,-0.3160993
afrimgsm_swa_65,0.72505677,0.21326363
afrimgsm_swa_66,0.79315966,-0.3160993
afrimgsm_swa_67,0.7054685,-0.8489991
afrimgsm_swa_68,0.7054685,-0.8489991
afrimgsm_swa_69,0.7054685,-0.8489991
afrimgsm_swa_7,0.69851464,0.20161274
afrimgsm_swa_70,0.72505677,0.21326363
afrimgsm_swa_71,0.681165,1.1876816
afrimgsm_swa_72,0.7054685,-0.8489991
afrimgsm_swa_73,0.72505677,0.21326363
afrimgsm_swa_74,0.72505677,0.21326363
afrimgsm_swa_75,0.79315966,-0.3160993
afrimgsm_swa_76,0.79315966,-0.3160993
afrimgsm_swa_77,0.7054685,-0.8489991
afrimgsm_swa_78,0.6794138,0.69208974
afrimgsm_swa_79,0.7054685,-0.8489991
afrimgsm_swa_8,0.68251354,0.694715
afrimgsm_swa_80,0.7054685,-0.8489991
afrimgsm_swa_81,0.79315966,-0.3160993
afrimgsm_swa_82,0.6794138,0.69208974
afrimgsm_swa_83,0.79315966,-0.3160993
afrimgsm_swa_84,0.7054685,-0.8489991
afrimgsm_swa_85,0.79315966,-0.3160993
afrimgsm_swa_86,0.72505677,0.21326363
afrimgsm_swa_87,0.72505677,0.21326363
afrimgsm_swa_88,0.79315966,-0.3160993
afrimgsm_swa_89,0.72505677,0.21326363
afrimgsm_swa_9,0.79315966,-0.3160993
afrimgsm_swa_90,0.79315966,-0.3160993
afrimgsm_swa_91,0.7054685,-0.8489991
afrimgsm_swa_92,0.69851464,0.20161274
afrimgsm_swa_93,0.69548357,0.2002947
afrimgsm_swa_94,0.79315966,-0.3160993
afrimgsm_swa_95,0.79315966,-0.3160993
afrimgsm_swa_96,0.79315966,-0.3160993
afrimgsm_swa_97,0.79315966,-0.3160993
afrimgsm_swa_98,0.68251354,0.694715
afrimgsm_swa_99,0.79315966,-0.3160993
afrimgsm_wol_0,0.5729167,-0.15900864
afrimgsm_wol_1,0.68455684,0.3808245
afrimgsm_wol_10,0.7689448,-0.17019658
afrimgsm_wol_100,0.660521,0.8975084
afrimgsm_wol_101,0.67836726,-0.7192539
afrimgsm_wol_102,0.68455684,0.3808245
afrimgsm_wol_103,0.67836726,-0.7192539
afrimgsm_wol_104,0.7689448,-0.17019658
afrimgsm_wol_105,0.7689448,-0.17019658
afrimgsm_wol_106,0.7689448,-0.17019658
afrimgsm_wol_107,0.67836726,-0.7192539
afrimgsm_wol_108,0.67836726,-0.7192539
afrimgsm_wol_109,0.660521,0.8975084
afrimgsm_wol_11,0.7689448,-0.17019658
afrimgsm_wol_110,0.660521,0.8975084
afrimgsm_wol_111,0.660521,0.8975084
afrimgsm_wol_112,0.6875673,0.38245445
afrimgsm_wol_113,0.68455684,0.3808245
afrimgsm_wol_114,0.7689448,-0.17019658
afrimgsm_wol_115,0.7689448,-0.17019658
afrimgsm_wol_116,0.7689448,-0.17019658
afrimgsm_wol_117,0.7689448,-0.17019658
afrimgsm_wol_118,0.7689448,-0.17019658
afrimgsm_wol_119,0.660521,0.8975084
afrimgsm_wol_12,0.6875673,0.38245445
afrimgsm_wol_120,0.7689448,-0.17019658
afrimgsm_wol_121,0.660521,0.8975084
afrimgsm_wol_122,0.660521,0.8975084
afrimgsm_wol_123,0.574916,-0.1592352
afrimgsm_wol_124,0.7689448,-0.17019658
afrimgsm_wol_125,0.7689448,-0.17019658
afrimgsm_wol_126,0.7689448,-0.17019658
afrimgsm_wol_127,0.67836726,-0.7192539
afrimgsm_wol_128,0.660521,0.8975084
afrimgsm_wol_129,0.660521,0.8975084
afrimgsm_wol_13,0.6875673,0.38245445
afrimgsm_wol_130,0.68455684,0.3808245
afrimgsm_wol_131,0.660521,0.8975084
afrimgsm_wol_132,0.7689448,-0.17019658
afrimgsm_wol_133,0.660521,0.8975084
afrimgsm_wol_134,0.68455684,0.3808245
afrimgsm_wol_135,0.660521,0.8975084
afrimgsm_wol_136,0.660521,0.8975084
afrimgsm_wol_137,0.660521,0.8975084
afrimgsm_wol_138,0.7689448,-0.17019658
afrimgsm_wol_139,0.660521,0.8975084
afrimgsm_wol_14,0.660521,0.8975084
afrimgsm_wol_140,0.660521,0.8975084
afrimgsm_wol_141,0.660521,0.8975084
afrimgsm_wol_142,0.660521,0.8975084
afrimgsm_wol_143,0.68455684,0.3808245
afrimgsm_wol_144,0.7689448,-0.17019658
afrimgsm_wol_145,0.6875673,0.38245445
afrimgsm_wol_146,0.660521,0.8975084
afrimgsm_wol_147,0.660521,0.8975084
afrimgsm_wol_148,0.67836726,-0.7192539
afrimgsm_wol_149,0.7689448,-0.17019658
afrimgsm_wol_15,0.7689448,-0.17019658
afrimgsm_wol_150,0.660521,0.8975084
afrimgsm_wol_151,0.660521,0.8975084
afrimgsm_wol_152,0.68455684,0.3808245
afrimgsm_wol_153,0.660521,0.8975084
afrimgsm_wol_154,0.7689448,-0.17019658
afrimgsm_wol_155,0.6875673,0.38245445
afrimgsm_wol_156,0.660521,0.8975084
afrimgsm_wol_157,0.7689448,-0.17019658
afrimgsm_wol_158,0.7689448,-0.17019658
afrimgsm_wol_159,0.6875673,0.38245445
afrimgsm_wol_16,0.5729167,-0.15900864
afrimgsm_wol_160,0.67836726,-0.7192539
afrimgsm_wol_161,0.68455684,0.3808245
afrimgsm_wol_162,0.5236619,0.29550418
afrimgsm_wol_163,0.7689448,-0.17019658
afrimgsm_wol_164,0.67836726,-0.7192539
afrimgsm_wol_165,0.67836726,-0.7192539
afrimgsm_wol_166,0.67836726,-0.7192539
afrimgsm_wol_167,0.67836726,-0.7192539
afrimgsm_wol_168,0.660521,0.8975084
afrimgsm_wol_169,0.660521,0.8975084
afrimgsm_wol_17,0.7689448,-0.17019658
afrimgsm_wol_170,0.7689448,-0.17019658
afrimgsm_wol_171,0.660521,0.8975084
afrimgsm_wol_172,0.5236619,0.29550418
afrimgsm_wol_173,0.7689448,-0.17019658
afrimgsm_wol_174,0.5236619,0.29550418
afrimgsm_wol_175,0.68455684,0.3808245
afrimgsm_wol_176,0.67836726,-0.7192539
afrimgsm_wol_177,0.68455684,0.3808245
afrimgsm_wol_178,0.660521,0.8975084
afrimgsm_wol_179,0.67836726,-0.7192539
afrimgsm_wol_18,0.7689448,-0.17019658
afrimgsm_wol_180,0.7689448,-0.17019658
afrimgsm_wol_181,0.660521,0.8975084
afrimgsm_wol_182,0.660521,0.8975084
afrimgsm_wol_183,0.68455684,0.3808245
afrimgsm_wol_184,0.660521,0.8975084
afrimgsm_wol_185,0.660521,0.8975084
afrimgsm_wol_186,0.660521,0.8975084
afrimgsm_wol_187,0.574916,-0.1592352
afrimgsm_wol_188,0.7689448,-0.17019658
afrimgsm_wol_189,0.660521,0.8975084
afrimgsm_wol_19,0.6875673,0.38245445
afrimgsm_wol_190,0.7689448,-0.17019658
afrimgsm_wol_191,0.660521,0.8975084
afrimgsm_wol_192,0.7689448,-0.17019658
afrimgsm_wol_193,0.7689448,-0.17019658
afrimgsm_wol_194,0.67836726,-0.7192539
afrimgsm_wol_195,0.660521,0.8975084
afrimgsm_wol_196,0.67836726,-0.7192539
afrimgsm_wol_197,0.67836726,-0.7192539
afrimgsm_wol_198,0.660521,0.8975084
afrimgsm_wol_199,0.6875673,0.38245445
afrimgsm_wol_2,0.6875673,0.38245445
afrimgsm_wol_20,0.5236619,0.29550418
afrimgsm_wol_200,0.67836726,-0.7192539
afrimgsm_wol_201,0.660521,0.8975084
afrimgsm_wol_202,0.67836726,-0.7192539
afrimgsm_wol_203,0.7689448,-0.17019658
afrimgsm_wol_204,0.6875673,0.38245445
afrimgsm_wol_205,0.7689448,-0.17019658
afrimgsm_wol_206,0.7689448,-0.17019658
afrimgsm_wol_207,0.6875673,0.38245445
afrimgsm_wol_208,0.7689448,-0.17019658
afrimgsm_wol_209,0.660521,0.8975084
afrimgsm_wol_21,0.7689448,-0.17019658
afrimgsm_wol_210,0.68455684,0.3808245
afrimgsm_wol_211,0.6875673,0.38245445
afrimgsm_wol_212,0.7689448,-0.17019658
afrimgsm_wol_213,0.660521,0.8975084
afrimgsm_wol_214,0.68455684,0.3808245
afrimgsm_wol_215,0.660521,0.8975084
afrimgsm_wol_216,0.7689448,-0.17019658
afrimgsm_wol_217,0.660521,0.8975084
afrimgsm_wol_218,0.68455684,0.3808245
afrimgsm_wol_219,0.7689448,-0.17019658
afrimgsm_wol_22,0.67836726,-0.7192539
afrimgsm_wol_220,0.660521,0.8975084
afrimgsm_wol_221,0.6875673,0.38245445
afrimgsm_wol_222,0.660521,0.8975084
afrimgsm_wol_223,0.660521,0.8975084
afrimgsm_wol_224,0.67836726,-0.7192539
afrimgsm_wol_225,0.7689448,-0.17019658
afrimgsm_wol_226,0.660521,0.8975084
afrimgsm_wol_227,0.660521,0.8975084
afrimgsm_wol_228,0.660521,0.8975084
afrimgsm_wol_229,0.7689448,-0.17019658
afrimgsm_wol_23,0.67836726,-0.7192539
afrimgsm_wol_230,0.7689448,-0.17019658
afrimgsm_wol_231,0.67836726,-0.7192539
afrimgsm_wol_232,0.660521,0.8975084
afrimgsm_wol_233,0.660521,0.8975084
afrimgsm_wol_234,0.660521,0.8975084
afrimgsm_wol_235,0.67836726,-0.7192539
afrimgsm_wol_236,0.7689448,-0.17019658
afrimgsm_wol_237,0.67836726,-0.7192539
afrimgsm_wol_238,0.660521,0.8975084
afrimgsm_wol_239,0.660521,0.8975084
afrimgsm_wol_24,0.68455684,0.3808245
afrimgsm_wol_240,0.7689448,-0.17019658
afrimgsm_wol_241,0.7689448,-0.17019658
afrimgsm_wol_242,0.5236619,0.29550418
afrimgsm_wol_243,0.7689448,-0.17019658
afrimgsm_wol_244,0.68455684,0.3808245
afrimgsm_wol_245,0.660521,0.8975084
afrimgsm_wol_246,0.7689448,-0.17019658
afrimgsm_wol_247,0.7689448,-0.17019658
afrimgsm_wol_248,0.67836726,-0.7192539
afrimgsm_wol_249,0.7689448,-0.17019658
afrimgsm_wol_25,0.7689448,-0.17019658
afrimgsm_wol_26,0.5236619,0.29550418
afrimgsm_wol_27,0.660521,0.8975084
afrimgsm_wol_28,0.574916,-0.1592352
afrimgsm_wol_29,0.68455684,0.3808245
afrimgsm_wol_3,0.7689448,-0.17019658
afrimgsm_wol_30,0.7689448,-0.17019658
afrimgsm_wol_31,0.660521,0.8975084
afrimgsm_wol_32,0.660521,0.8975084
afrimgsm_wol_33,0.67836726,-0.7192539
afrimgsm_wol_34,0.68455684,0.3808245
afrimgsm_wol_35,0.7689448,-0.17019658
afrimgsm_wol_36,0.68455684,0.3808245
afrimgsm_wol_37,0.68455684,0.3808245
afrimgsm_wol_38,0.7689448,-0.17019658
afrimgsm_wol_39,0.660521,0.8975084
afrimgsm_wol_4,0.660521,0.8975084
afrimgsm_wol_40,0.7689448,-0.17019658
afrimgsm_wol_41,0.6875673,0.38245445
afrimgsm_wol_42,0.6875673,0.38245445
afrimgsm_wol_43,0.6875673,0.38245445
afrimgsm_wol_44,0.5729167,-0.15900864
afrimgsm_wol_45,0.660521,0.8975084
afrimgsm_wol_46,0.7689448,-0.17019658
afrimgsm_wol_47,0.68455684,0.3808245
afrimgsm_wol_48,0.67836726,-0.7192539
afrimgsm_wol_49,0.67836726,-0.7192539
afrimgsm_wol_5,0.68455684,0.3808245
afrimgsm_wol_50,0.68455684,0.3808245
afrimgsm_wol_51,0.7689448,-0.17019658
afrimgsm_wol_52,0.7689448,-0.17019658
afrimgsm_wol_53,0.5236619,0.29550418
afrimgsm_wol_54,0.7689448,-0.17019658
afrimgsm_wol_55,0.660521,0.8975084
afrimgsm_wol_56,0.7689448,-0.17019658
afrimgsm_wol_57,0.6875673,0.38245445
afrimgsm_wol_58,0.660521,0.8975084
afrimgsm_wol_59,0.7689448,-0.17019658
afrimgsm_wol_6,0.68455684,0.3808245
afrimgsm_wol_60,0.67836726,-0.7192539
afrimgsm_wol_61,0.68455684,0.3808245
afrimgsm_wol_62,0.660521,0.8975084
afrimgsm_wol_63,0.7689448,-0.17019658
afrimgsm_wol_64,0.7689448,-0.17019658
afrimgsm_wol_65,0.660521,0.8975084
afrimgsm_wol_66,0.660521,0.8975084
afrimgsm_wol_67,0.68455684,0.3808245
afrimgsm_wol_68,0.7689448,-0.17019658
afrimgsm_wol_69,0.660521,0.8975084
afrimgsm_wol_7,0.660521,0.8975084
afrimgsm_wol_70,0.660521,0.8975084
afrimgsm_wol_71,0.67836726,-0.7192539
afrimgsm_wol_72,0.67836726,-0.7192539
afrimgsm_wol_73,0.6875673,0.38245445
afrimgsm_wol_74,0.68455684,0.3808245
afrimgsm_wol_75,0.660521,0.8975084
afrimgsm_wol_76,0.6875673,0.38245445
afrimgsm_wol_77,0.68455684,0.3808245
afrimgsm_wol_78,0.7689448,-0.17019658
afrimgsm_wol_79,0.7689448,-0.17019658
afrimgsm_wol_8,0.68455684,0.3808245
afrimgsm_wol_80,0.7689448,-0.17019658
afrimgsm_wol_81,0.7689448,-0.17019658
afrimgsm_wol_82,0.660521,0.8975084
afrimgsm_wol_83,0.7689448,-0.17019658
afrimgsm_wol_84,0.7689448,-0.17019658
afrimgsm_wol_85,0.660521,0.8975084
afrimgsm_wol_86,0.660521,0.8975084
afrimgsm_wol_87,0.660521,0.8975084
afrimgsm_wol_88,0.7689448,-0.17019658
afrimgsm_wol_89,0.660521,0.8975084
afrimgsm_wol_9,0.7689448,-0.17019658
afrimgsm_wol_90,0.660521,0.8975084
afrimgsm_wol_91,0.660521,0.8975084
afrimgsm_wol_92,0.68455684,0.3808245
afrimgsm_wol_93,0.660521,0.8975084
afrimgsm_wol_94,0.660521,0.8975084
afrimgsm_wol_95,0.7689448,-0.17019658
afrimgsm_wol_96,0.67836726,-0.7192539
afrimgsm_wol_97,0.68455684,0.3808245
afrimgsm_wol_98,0.7689448,-0.17019658
afrimgsm_wol_99,0.660521,0.8975084
afrimgsm_xho_0,0.6794138,0.69208974
afrimgsm_xho_1,0.79315966,-0.3160993
afrimgsm_xho_10,0.79315966,-0.3160993
afrimgsm_xho_100,0.681165,1.1876816
afrimgsm_xho_101,0.7054685,-0.8489991
afrimgsm_xho_102,0.79315966,-0.3160993
afrimgsm_xho_103,0.7054685,-0.8489991
afrimgsm_xho_104,0.79315966,-0.3160993
afrimgsm_xho_105,0.79315966,-0.3160993
afrimgsm_xho_106,0.79315966,-0.3160993
afrimgsm_xho_107,0.681165,1.1876816
afrimgsm_xho_108,0.79315966,-0.3160993
afrimgsm_xho_109,0.681165,1.1876816
afrimgsm_xho_11,0.79315966,-0.3160993
afrimgsm_xho_110,0.79315966,-0.3160993
afrimgsm_xho_111,0.69548357,0.2002947
afrimgsm_xho_112,0.79315966,-0.3160993
afrimgsm_xho_113,0.79315966,-0.3160993
afrimgsm_xho_114,0.681165,1.1876816
afrimgsm_xho_115,0.79315966,-0.3160993
afrimgsm_xho_116,0.72505677,0.21326363
afrimgsm_xho_117,0.7054685,-0.8489991
afrimgsm_xho_118,0.79315966,-0.3160993
afrimgsm_xho_119,0.681165,1.1876816
afrimgsm_xho_12,0.68251354,0.694715
afrimgsm_xho_120,0.7054685,-0.8489991
afrimgsm_xho_121,0.79315966,-0.3160993
afrimgsm_xho_122,0.6794138,0.69208974
afrimgsm_xho_123,0.6104306,-0.30883098
afrimgsm_xho_124,0.79315966,-0.3160993
afrimgsm_xho_125,0.79315966,-0.3160993
afrimgsm_xho_126,0.681165,1.1876816
afrimgsm_xho_127,0.53234434,0.13433552
afrimgsm_xho_128,0.79315966,-0.3160993
afrimgsm_xho_129,0.65456736,0.67088765
afrimgsm_xho_13,0.79315966,-0.3160993
afrimgsm_xho_130,0.6104306,-0.30883098
afrimgsm_xho_131,0.6794138,0.69208974
afrimgsm_xho_132,0.7054685,-0.8489991
afrimgsm_xho_133,0.6794138,0.69208974
afrimgsm_xho_134,0.79315966,-0.3160993
afrimgsm_xho_135,0.681165,1.1876816
afrimgsm_xho_136,0.681165,1.1876816
afrimgsm_xho_137,0.681165,1.1876816
afrimgsm_xho_138,0.69548357,0.2002947
afrimgsm_xho_139,0.681165,1.1876816
afrimgsm_xho_14,0.79315966,-0.3160993
afrimgsm_xho_140,0.59232324,-0.3066153
afrimgsm_xho_141,0.79315966,-0.3160993
afrimgsm_xho_142,0.79315966,-0.3160993
afrimgsm_xho_143,0.69851464,0.20161274
afrimgsm_xho_144,0.79315966,-0.3160993
afrimgsm_xho_145,0.59232324,-0.3066153
afrimgsm_xho_146,0.79315966,-0.3160993
afrimgsm_xho_147,0.72505677,0.21326363
afrimgsm_xho_148,0.79315966,-0.3160993
afrimgsm_xho_149,0.79315966,-0.3160993
afrimgsm_xho_15,0.7054685,-0.8489991
afrimgsm_xho_150,0.72505677,0.21326363
afrimgsm_xho_151,0.68251354,0.694715
afrimgsm_xho_152,0.681165,1.1876816
afrimgsm_xho_153,0.681165,1.1876816
afrimgsm_xho_154,0.681165,1.1876816
afrimgsm_xho_155,0.681165,1.1876816
afrimgsm_xho_156,0.7054685,-0.8489991
afrimgsm_xho_157,0.681165,1.1876816
afrimgsm_xho_158,0.79315966,-0.3160993
afrimgsm_xho_159,0.6794138,0.69208974
afrimgsm_xho_16,0.7054685,-0.8489991
afrimgsm_xho_160,0.681165,1.1876816
afrimgsm_xho_161,0.79315966,-0.3160993
afrimgsm_xho_162,0.6794138,0.69208974
afrimgsm_xho_163,0.72505677,0.21326363
afrimgsm_xho_164,0.72505677,0.21326363
afrimgsm_xho_165,0.7054685,-0.8489991
afrimgsm_xho_166,0.7054685,-0.8489991
afrimgsm_xho_167,0.79315966,-0.3160993
afrimgsm_xho_168,0.681165,1.1876816
afrimgsm_xho_169,0.79315966,-0.3160993
afrimgsm_xho_17,0.681165,1.1876816
afrimgsm_xho_170,0.681165,1.1876816
afrimgsm_xho_171,0.681165,1.1876816
afrimgsm_xho_172,0.69548357,0.2002947
afrimgsm_xho_173,0.79315966,-0.3160993
afrimgsm_xho_174,0.681165,1.1876816
afrimgsm_xho_175,0.79315966,-0.3160993
afrimgsm_xho_176,0.79315966,-0.3160993
afrimgsm_xho_177,0.79315966,-0.3160993
afrimgsm_xho_178,0.7054685,-0.8489991
afrimgsm_xho_179,0.79315966,-0.3160993
afrimgsm_xho_18,0.72505677,0.21326363
afrimgsm_xho_180,0.79315966,-0.3160993
afrimgsm_xho_181,0.681165,1.1876816
afrimgsm_xho_182,0.69851464,0.20161274
afrimgsm_xho_183,0.6104306,-0.30883098
afrimgsm_xho_184,0.681165,1.1876816
afrimgsm_xho_185,0.681165,1.1876816
afrimgsm_xho_186,0.681165,1.1876816
afrimgsm_xho_187,0.72505677,0.21326363
afrimgsm_xho_188,0.681165,1.1876816
afrimgsm_xho_189,0.681165,1.1876816
afrimgsm_xho_19,0.59232324,-0.3066153
afrimgsm_xho_190,0.59232324,-0.3066153
afrimgsm_xho_191,0.79315966,-0.3160993
afrimgsm_xho_192,0.79315966,-0.3160993
afrimgsm_xho_193,0.681165,1.1876816
afrimgsm_xho_194,0.79315966,-0.3160993
afrimgsm_xho_195,0.681165,1.1876816
afrimgsm_xho_196,0.681165,1.1876816
afrimgsm_xho_197,0.7054685,-0.8489991
afrimgsm_xho_198,0.79315966,-0.3160993
afrimgsm_xho_199,0.79315966,-0.3160993
afrimgsm_xho_2,0.79315966,-0.3160993
afrimgsm_xho_20,0.79315966,-0.3160993
afrimgsm_xho_200,0.7054685,-0.8489991
afrimgsm_xho_201,0.79315966,-0.3160993
afrimgsm_xho_202,0.59232324,-0.3066153
afrimgsm_xho_203,0.68251354,0.694715
afrimgsm_xho_204,0.79315966,-0.3160993
afrimgsm_xho_205,0.68251354,0.694715
afrimgsm_xho_206,0.7054685,-0.8489991
afrimgsm_xho_207,0.681165,1.1876816
afrimgsm_xho_208,0.79315966,-0.3160993
afrimgsm_xho_209,0.72505677,0.21326363
afrimgsm_xho_21,0.79315966,-0.3160993
afrimgsm_xho_210,0.79315966,-0.3160993
afrimgsm_xho_211,0.59232324,-0.3066153
afrimgsm_xho_212,0.79315966,-0.3160993
afrimgsm_xho_213,0.681165,1.1876816
afrimgsm_xho_214,0.681165,1.1876816
afrimgsm_xho_215,0.681165,1.1876816
afrimgsm_xho_216,0.79315966,-0.3160993
afrimgsm_xho_217,0.7054685,-0.8489991
afrimgsm_xho_218,0.79315966,-0.3160993
afrimgsm_xho_219,0.681165,1.1876816
afrimgsm_xho_22,0.681165,1.1876816
afrimgsm_xho_220,0.69548357,0.2002947
afrimgsm_xho_221,0.79315966,-0.3160993
afrimgsm_xho_222,0.681165,1.1876816
afrimgsm_xho_223,0.6104306,-0.30883098
afrimgsm_xho_224,0.7054685,-0.8489991
afrimgsm_xho_225,0.7054685,-0.8489991
afrimgsm_xho_226,0.681165,1.1876816
afrimgsm_xho_227,0.681165,1.1876816
afrimgsm_xho_228,0.681165,1.1876816
afrimgsm_xho_229,0.681165,1.1876816
afrimgsm_xho_23,0.7054685,-0.8489991
afrimgsm_xho_230,0.79315966,-0.3160993
afrimgsm_xho_231,0.7054685,-0.8489991
afrimgsm_xho_232,0.65456736,0.67088765
afrimgsm_xho_233,0.681165,1.1876816
afrimgsm_xho_234,0.6794138,0.69208974
afrimgsm_xho_235,0.7054685,-0.8489991
afrimgsm_xho_236,0.6794138,0.69208974
afrimgsm_xho_237,0.681165,1.1876816
afrimgsm_xho_238,0.79315966,-0.3160993
afrimgsm_xho_239,0.79315966,-0.3160993
afrimgsm_xho_24,0.53234434,0.13433552
afrimgsm_xho_240,0.79315966,-0.3160993
afrimgsm_xho_241,0.72505677,0.21326363
afrimgsm_xho_242,0.72505677,0.21326363
afrimgsm_xho_243,0.681165,1.1876816
afrimgsm_xho_244,0.681165,1.1876816
afrimgsm_xho_245,0.6794138,0.69208974
afrimgsm_xho_246,0.72505677,0.21326363
afrimgsm_xho_247,0.79315966,-0.3160993
afrimgsm_xho_248,0.79315966,-0.3160993
afrimgsm_xho_249,0.65456736,0.67088765
afrimgsm_xho_25,0.69851464,0.20161274
afrimgsm_xho_26,0.7054685,-0.8489991
afrimgsm_xho_27,0.6104306,-0.30883098
afrimgsm_xho_28,0.79315966,-0.3160993
afrimgsm_xho_29,0.7054685,-0.8489991
afrimgsm_xho_3,0.79315966,-0.3160993
afrimgsm_xho_30,0.72505677,0.21326363
afrimgsm_xho_31,0.59232324,-0.3066153
afrimgsm_xho_32,0.681165,1.1876816
afrimgsm_xho_33,0.79315966,-0.3160993
afrimgsm_xho_34,0.79315966,-0.3160993
afrimgsm_xho_35,0.68251354,0.694715
afrimgsm_xho_36,0.6794138,0.69208974
afrimgsm_xho_37,0.72505677,0.21326363
afrimgsm_xho_38,0.69851464,0.20161274
afrimgsm_xho_39,0.681165,1.1876816
afrimgsm_xho_4,0.79315966,-0.3160993
afrimgsm_xho_40,0.681165,1.1876816
afrimgsm_xho_41,0.79315966,-0.3160993
afrimgsm_xho_42,0.7054685,-0.8489991
afrimgsm_xho_43,0.72505677,0.21326363
afrimgsm_xho_44,0.681165,1.1876816
afrimgsm_xho_45,0.79315966,-0.3160993
afrimgsm_xho_46,0.72505677,0.21326363
afrimgsm_xho_47,0.79315966,-0.3160993
afrimgsm_xho_48,0.681165,1.1876816
afrimgsm_xho_49,0.7054685,-0.8489991
afrimgsm_xho_5,0.7054685,-0.8489991
afrimgsm_xho_50,0.7054685,-0.8489991
afrimgsm_xho_51,0.5902392,-0.30633837
afrimgsm_xho_52,0.7054685,-0.8489991
afrimgsm_xho_53,0.681165,1.1876816
afrimgsm_xho_54,0.79315966,-0.3160993
afrimgsm_xho_55,0.59232324,-0.3066153
afrimgsm_xho_56,0.681165,1.1876816
afrimgsm_xho_57,0.79315966,-0.3160993
afrimgsm_xho_58,0.6794138,0.69208974
afrimgsm_xho_59,0.7054685,-0.8489991
afrimgsm_xho_6,0.79315966,-0.3160993
afrimgsm_xho_60,0.79315966,-0.3160993
afrimgsm_xho_61,0.7054685,-0.8489991
afrimgsm_xho_62,0.72505677,0.21326363
afrimgsm_xho_63,0.6104306,-0.30883098
afrimgsm_xho_64,0.79315966,-0.3160993
afrimgsm_xho_65,0.72505677,0.21326363
afrimgsm_xho_66,0.72505677,0.21326363
afrimgsm_xho_67,0.7054685,-0.8489991
afrimgsm_xho_68,0.681165,1.1876816
afrimgsm_xho_69,0.7054685,-0.8489991
afrimgsm_xho_7,0.65456736,0.67088765
afrimgsm_xho_70,0.6794138,0.69208974
afrimgsm_xho_71,0.7054685,-0.8489991
afrimgsm_xho_72,0.7054685,-0.8489991
afrimgsm_xho_73,0.72505677,0.21326363
afrimgsm_xho_74,0.681165,1.1876816
afrimgsm_xho_75,0.79315966,-0.3160993
afrimgsm_xho_76,0.7054685,-0.8489991
afrimgsm_xho_77,0.6794138,0.69208974
afrimgsm_xho_78,0.72505677,0.21326363
afrimgsm_xho_79,0.7054685,-0.8489991
afrimgsm_xho_8,0.69851464,0.20161274
afrimgsm_xho_80,0.681165,1.1876816
afrimgsm_xho_81,0.79315966,-0.3160993
afrimgsm_xho_82,0.79315966,-0.3160993
afrimgsm_xho_83,0.7054685,-0.8489991
afrimgsm_xho_84,0.681165,1.1876816
afrimgsm_xho_85,0.69851464,0.20161274
afrimgsm_xho_86,0.79315966,-0.3160993
afrimgsm_xho_87,0.68251354,0.694715
afrimgsm_xho_88,0.79315966,-0.3160993
afrimgsm_xho_89,0.6794138,0.69208974
afrimgsm_xho_9,0.79315966,-0.3160993
afrimgsm_xho_90,0.59232324,-0.3066153
afrimgsm_xho_91,0.79315966,-0.3160993
afrimgsm_xho_92,0.7054685,-0.8489991
afrimgsm_xho_93,0.69548357,0.2002947
afrimgsm_xho_94,0.79315966,-0.3160993
afrimgsm_xho_95,0.79315966,-0.3160993
afrimgsm_xho_96,0.7054685,-0.8489991
afrimgsm_xho_97,0.79315966,-0.3160993
afrimgsm_xho_98,0.681165,1.1876816
afrimgsm_xho_99,0.7054685,-0.8489991
afrimgsm_yor_0,0.79315966,-0.3160993
afrimgsm_yor_1,0.79315966,-0.3160993
afrimgsm_yor_10,0.79315966,-0.3160993
afrimgsm_yor_100,0.72505677,0.21326363
afrimgsm_yor_101,0.6794138,0.69208974
afrimgsm_yor_102,0.79315966,-0.3160993
afrimgsm_yor_103,0.7054685,-0.8489991
afrimgsm_yor_104,0.69851464,0.20161274
afrimgsm_yor_105,0.7054685,-0.8489991
afrimgsm_yor_106,0.72505677,0.21326363
afrimgsm_yor_107,0.79315966,-0.3160993
afrimgsm_yor_108,0.7054685,-0.8489991
afrimgsm_yor_109,0.681165,1.1876816
afrimgsm_yor_11,0.7054685,-0.8489991
afrimgsm_yor_110,0.681165,1.1876816
afrimgsm_yor_111,0.681165,1.1876816
afrimgsm_yor_112,0.79315966,-0.3160993
afrimgsm_yor_113,0.79315966,-0.3160993
afrimgsm_yor_114,0.72505677,0.21326363
afrimgsm_yor_115,0.79315966,-0.3160993
afrimgsm_yor_116,0.79315966,-0.3160993
afrimgsm_yor_117,0.7054685,-0.8489991
afrimgsm_yor_118,0.79315966,-0.3160993
afrimgsm_yor_119,0.681165,1.1876816
afrimgsm_yor_12,0.681165,1.1876816
afrimgsm_yor_120,0.7054685,-0.8489991
afrimgsm_yor_121,0.72505677,0.21326363
afrimgsm_yor_122,0.72505677,0.21326363
afrimgsm_yor_123,0.681165,1.1876816
afrimgsm_yor_124,0.681165,1.1876816
afrimgsm_yor_125,0.69851464,0.20161274
afrimgsm_yor_126,0.79315966,-0.3160993
afrimgsm_yor_127,0.79315966,-0.3160993
afrimgsm_yor_128,0.681165,1.1876816
afrimgsm_yor_129,0.79315966,-0.3160993
afrimgsm_yor_13,0.72505677,0.21326363
afrimgsm_yor_130,0.7054685,-0.8489991
afrimgsm_yor_131,0.7054685,-0.8489991
afrimgsm_yor_132,0.79315966,-0.3160993
afrimgsm_yor_133,0.79315966,-0.3160993
afrimgsm_yor_134,0.7054685,-0.8489991
afrimgsm_yor_135,0.79315966,-0.3160993
afrimgsm_yor_136,0.79315966,-0.3160993
afrimgsm_yor_137,0.681165,1.1876816
afrimgsm_yor_138,0.79315966,-0.3160993
afrimgsm_yor_139,0.681165,1.1876816
afrimgsm_yor_14,0.79315966,-0.3160993
afrimgsm_yor_140,0.72505677,0.21326363
afrimgsm_yor_141,0.79315966,-0.3160993
afrimgsm_yor_142,0.79315966,-0.3160993
afrimgsm_yor_143,0.72505677,0.21326363
afrimgsm_yor_144,0.79315966,-0.3160993
afrimgsm_yor_145,0.7054685,-0.8489991
afrimgsm_yor_146,0.79315966,-0.3160993
afrimgsm_yor_147,0.72505677,0.21326363
afrimgsm_yor_148,0.7054685,-0.8489991
afrimgsm_yor_149,0.79315966,-0.3160993
afrimgsm_yor_15,0.79315966,-0.3160993
afrimgsm_yor_150,0.7054685,-0.8489991
afrimgsm_yor_151,0.6104306,-0.30883098
afrimgsm_yor_152,0.6794138,0.69208974
afrimgsm_yor_153,0.79315966,-0.3160993
afrimgsm_yor_154,0.6794138,0.69208974
afrimgsm_yor_155,0.79315966,-0.3160993
afrimgsm_yor_156,0.79315966,-0.3160993
afrimgsm_yor_157,0.79315966,-0.3160993
afrimgsm_yor_158,0.6104306,-0.30883098
afrimgsm_yor_159,0.68251354,0.694715
afrimgsm_yor_16,0.5902392,-0.30633837
afrimgsm_yor_160,0.79315966,-0.3160993
afrimgsm_yor_161,0.681165,1.1876816
afrimgsm_yor_162,0.79315966,-0.3160993
afrimgsm_yor_163,0.79315966,-0.3160993
afrimgsm_yor_164,0.79315966,-0.3160993
afrimgsm_yor_165,0.79315966,-0.3160993
afrimgsm_yor_166,0.79315966,-0.3160993
afrimgsm_yor_167,0.79315966,-0.3160993
afrimgsm_yor_168,0.7054685,-0.8489991
afrimgsm_yor_169,0.79315966,-0.3160993
afrimgsm_yor_17,0.7054685,-0.8489991
afrimgsm_yor_170,0.79315966,-0.3160993
afrimgsm_yor_171,0.79315966,-0.3160993
afrimgsm_yor_172,0.79315966,-0.3160993
afrimgsm_yor_173,0.79315966,-0.3160993
afrimgsm_yor_174,0.65456736,0.67088765
afrimgsm_yor_175,0.79315966,-0.3160993
afrimgsm_yor_176,0.79315966,-0.3160993
afrimgsm_yor_177,0.79315966,-0.3160993
afrimgsm_yor_178,0.69548357,0.2002947
afrimgsm_yor_179,0.7054685,-0.8489991
afrimgsm_yor_18,0.79315966,-0.3160993
afrimgsm_yor_180,0.79315966,-0.3160993
afrimgsm_yor_181,0.72505677,0.21326363
afrimgsm_yor_182,0.72505677,0.21326363
afrimgsm_yor_183,0.79315966,-0.3160993
afrimgsm_yor_184,0.69851464,0.20161274
afrimgsm_yor_185,0.79315966,-0.3160993
afrimgsm_yor_186,0.72505677,0.21326363
afrimgsm_yor_187,0.79315966,-0.3160993
afrimgsm_yor_188,0.79315966,-0.3160993
afrimgsm_yor_189,0.65456736,0.67088765
afrimgsm_yor_19,0.79315966,-0.3160993
afrimgsm_yor_190,0.59232324,-0.3066153
afrimgsm_yor_191,0.79315966,-0.3160993
afrimgsm_yor_192,0.79315966,-0.3160993
afrimgsm_yor_193,0.79315966,-0.3160993
afrimgsm_yor_194,0.7054685,-0.8489991
afrimgsm_yor_195,0.681165,1.1876816
afrimgsm_yor_196,0.69851464,0.20161274
afrimgsm_yor_197,0.7054685,-0.8489991
afrimgsm_yor_198,0.65456736,0.67088765
afrimgsm_yor_199,0.69851464,0.20161274
afrimgsm_yor_2,0.79315966,-0.3160993
afrimgsm_yor_20,0.6104306,-0.30883098
afrimgsm_yor_200,0.59232324,-0.3066153
afrimgsm_yor_201,0.79315966,-0.3160993
afrimgsm_yor_202,0.79315966,-0.3160993
afrimgsm_yor_203,0.79315966,-0.3160993
afrimgsm_yor_204,0.79315966,-0.3160993
afrimgsm_yor_205,0.72505677,0.21326363
afrimgsm_yor_206,0.79315966,-0.3160993
afrimgsm_yor_207,0.79315966,-0.3160993
afrimgsm_yor_208,0.79315966,-0.3160993
afrimgsm_yor_209,0.681165,1.1876816
afrimgsm_yor_21,0.79315966,-0.3160993
afrimgsm_yor_210,0.79315966,-0.3160993
afrimgsm_yor_211,0.79315966,-0.3160993
afrimgsm_yor_212,0.69851464,0.20161274
afrimgsm_yor_213,0.7054685,-0.8489991
afrimgsm_yor_214,0.79315966,-0.3160993
afrimgsm_yor_215,0.79315966,-0.3160993
afrimgsm_yor_216,0.7054685,-0.8489991
afrimgsm_yor_217,0.79315966,-0.3160993
afrimgsm_yor_218,0.681165,1.1876816
afrimgsm_yor_219,0.79315966,-0.3160993
afrimgsm_yor_22,0.79315966,-0.3160993
afrimgsm_yor_220,0.5902392,-0.30633837
afrimgsm_yor_221,0.7054685,-0.8489991
afrimgsm_yor_222,0.79315966,-0.3160993
afrimgsm_yor_223,0.79315966,-0.3160993
afrimgsm_yor_224,0.7054685,-0.8489991
afrimgsm_yor_225,0.79315966,-0.3160993
afrimgsm_yor_226,0.79315966,-0.3160993
afrimgsm_yor_227,0.681165,1.1876816
afrimgsm_yor_228,0.79315966,-0.3160993
afrimgsm_yor_229,0.79315966,-0.3160993
afrimgsm_yor_23,0.72505677,0.21326363
afrimgsm_yor_230,0.79315966,-0.3160993
afrimgsm_yor_231,0.7054685,-0.8489991
afrimgsm_yor_232,0.681165,1.1876816
afrimgsm_yor_233,0.79315966,-0.3160993
afrimgsm_yor_234,0.681165,1.1876816
afrimgsm_yor_235,0.69851464,0.20161274
afrimgsm_yor_236,0.72505677,0.21326363
afrimgsm_yor_237,0.79315966,-0.3160993
afrimgsm_yor_238,0.6794138,0.69208974
afrimgsm_yor_239,0.79315966,-0.3160993
afrimgsm_yor_24,0.69548357,0.2002947
afrimgsm_yor_240,0.79315966,-0.3160993
afrimgsm_yor_241,0.6104306,-0.30883098
afrimgsm_yor_242,0.79315966,-0.3160993
afrimgsm_yor_243,0.681165,1.1876816
afrimgsm_yor_244,0.72505677,0.21326363
afrimgsm_yor_245,0.79315966,-0.3160993
afrimgsm_yor_246,0.79315966,-0.3160993
afrimgsm_yor_247,0.7054685,-0.8489991
afrimgsm_yor_248,0.79315966,-0.3160993
afrimgsm_yor_249,0.79315966,-0.3160993
afrimgsm_yor_25,0.79315966,-0.3160993
afrimgsm_yor_26,0.69548357,0.2002947
afrimgsm_yor_27,0.681165,1.1876816
afrimgsm_yor_28,0.79315966,-0.3160993
afrimgsm_yor_29,0.79315966,-0.3160993
afrimgsm_yor_3,0.7054685,-0.8489991
afrimgsm_yor_30,0.79315966,-0.3160993
afrimgsm_yor_31,0.69851464,0.20161274
afrimgsm_yor_32,0.681165,1.1876816
afrimgsm_yor_33,0.79315966,-0.3160993
afrimgsm_yor_34,0.79315966,-0.3160993
afrimgsm_yor_35,0.79315966,-0.3160993
afrimgsm_yor_36,0.72505677,0.21326363
afrimgsm_yor_37,0.72505677,0.21326363
afrimgsm_yor_38,0.72505677,0.21326363
afrimgsm_yor_39,0.681165,1.1876816
afrimgsm_yor_4,0.79315966,-0.3160993
afrimgsm_yor_40,0.7054685,-0.8489991
afrimgsm_yor_41,0.79315966,-0.3160993
afrimgsm_yor_42,0.79315966,-0.3160993
afrimgsm_yor_43,0.79315966,-0.3160993
afrimgsm_yor_44,0.681165,1.1876816
afrimgsm_yor_45,0.79315966,-0.3160993
afrimgsm_yor_46,0.79315966,-0.3160993
afrimgsm_yor_47,0.79315966,-0.3160993
afrimgsm_yor_48,0.79315966,-0.3160993
afrimgsm_yor_49,0.7054685,-0.8489991
afrimgsm_yor_5,0.79315966,-0.3160993
afrimgsm_yor_50,0.79315966,-0.3160993
afrimgsm_yor_51,0.79315966,-0.3160993
afrimgsm_yor_52,0.79315966,-0.3160993
afrimgsm_yor_53,0.681165,1.1876816
afrimgsm_yor_54,0.7054685,-0.8489991
afrimgsm_yor_55,0.7054685,-0.8489991
afrimgsm_yor_56,0.7054685,-0.8489991
afrimgsm_yor_57,0.79315966,-0.3160993
afrimgsm_yor_58,0.681165,1.1876816
afrimgsm_yor_59,0.79315966,-0.3160993
afrimgsm_yor_6,0.6104306,-0.30883098
afrimgsm_yor_60,0.7054685,-0.8489991
afrimgsm_yor_61,0.79315966,-0.3160993
afrimgsm_yor_62,0.72505677,0.21326363
afrimgsm_yor_63,0.79315966,-0.3160993
afrimgsm_yor_64,0.79315966,-0.3160993
afrimgsm_yor_65,0.6104306,-0.30883098
afrimgsm_yor_66,0.65456736,0.67088765
afrimgsm_yor_67,0.72505677,0.21326363
afrimgsm_yor_68,0.79315966,-0.3160993
afrimgsm_yor_69,0.6104306,-0.30883098
afrimgsm_yor_7,0.69548357,0.2002947
afrimgsm_yor_70,0.72505677,0.21326363
afrimgsm_yor_71,0.79315966,-0.3160993
afrimgsm_yor_72,0.7054685,-0.8489991
afrimgsm_yor_73,0.79315966,-0.3160993
afrimgsm_yor_74,0.72505677,0.21326363
afrimgsm_yor_75,0.6794138,0.69208974
afrimgsm_yor_76,0.69851464,0.20161274
afrimgsm_yor_77,0.7054685,-0.8489991
afrimgsm_yor_78,0.6794138,0.69208974
afrimgsm_yor_79,0.79315966,-0.3160993
afrimgsm_yor_8,0.72505677,0.21326363
afrimgsm_yor_80,0.7054685,-0.8489991
afrimgsm_yor_81,0.7054685,-0.8489991
afrimgsm_yor_82,0.6104306,-0.30883098
afrimgsm_yor_83,0.79315966,-0.3160993
afrimgsm_yor_84,0.79315966,-0.3160993
afrimgsm_yor_85,0.7054685,-0.8489991
afrimgsm_yor_86,0.7054685,-0.8489991
afrimgsm_yor_87,0.6794138,0.69208974
afrimgsm_yor_88,0.79315966,-0.3160993
afrimgsm_yor_89,0.72505677,0.21326363
afrimgsm_yor_9,0.79315966,-0.3160993
afrimgsm_yor_90,0.79315966,-0.3160993
afrimgsm_yor_91,0.7054685,-0.8489991
afrimgsm_yor_92,0.79315966,-0.3160993
afrimgsm_yor_93,0.69548357,0.2002947
afrimgsm_yor_94,0.68251354,0.694715
afrimgsm_yor_95,0.79315966,-0.3160993
afrimgsm_yor_96,0.7054685,-0.8489991
afrimgsm_yor_97,0.681165,1.1876816
afrimgsm_yor_98,0.69851464,0.20161274
afrimgsm_yor_99,0.681165,1.1876816
afrimgsm_zul_0,0.79315966,-0.3160993
afrimgsm_zul_1,0.681165,1.1876816
afrimgsm_zul_10,0.59232324,-0.3066153
afrimgsm_zul_100,0.69548357,0.2002947
afrimgsm_zul_101,0.72505677,0.21326363
afrimgsm_zul_102,0.681165,1.1876816
afrimgsm_zul_103,0.79315966,-0.3160993
afrimgsm_zul_104,0.681165,1.1876816
afrimgsm_zul_105,0.7054685,-0.8489991
afrimgsm_zul_106,0.79315966,-0.3160993
afrimgsm_zul_107,0.72505677,0.21326363
afrimgsm_zul_108,0.79315966,-0.3160993
afrimgsm_zul_109,0.681165,1.1876816
afrimgsm_zul_11,0.7054685,-0.8489991
afrimgsm_zul_110,0.681165,1.1876816
afrimgsm_zul_111,0.69851464,0.20161274
afrimgsm_zul_112,0.79315966,-0.3160993
afrimgsm_zul_113,0.79315966,-0.3160993
afrimgsm_zul_114,0.681165,1.1876816
afrimgsm_zul_115,0.72505677,0.21326363
afrimgsm_zul_116,0.79315966,-0.3160993
afrimgsm_zul_117,0.7054685,-0.8489991
afrimgsm_zul_118,0.681165,1.1876816
afrimgsm_zul_119,0.681165,1.1876816
afrimgsm_zul_12,0.681165,1.1876816
afrimgsm_zul_120,0.59232324,-0.3066153
afrimgsm_zul_121,0.79315966,-0.3160993
afrimgsm_zul_122,0.72505677,0.21326363
afrimgsm_zul_123,0.59232324,-0.3066153
afrimgsm_zul_124,0.681165,1.1876816
afrimgsm_zul_125,0.79315966,-0.3160993
afrimgsm_zul_126,0.7054685,-0.8489991
afrimgsm_zul_127,0.7054685,-0.8489991
afrimgsm_zul_128,0.6794138,0.69208974
afrimgsm_zul_129,0.68251354,0.694715
afrimgsm_zul_13,0.681165,1.1876816
afrimgsm_zul_130,0.7054685,-0.8489991
afrimgsm_zul_131,0.79315966,-0.3160993
afrimgsm_zul_132,0.65456736,0.67088765
afrimgsm_zul_133,0.79315966,-0.3160993
afrimgsm_zul_134,0.72505677,0.21326363
afrimgsm_zul_135,0.72505677,0.21326363
afrimgsm_zul_136,0.79315966,-0.3160993
afrimgsm_zul_137,0.681165,1.1876816
afrimgsm_zul_138,0.72505677,0.21326363
afrimgsm_zul_139,0.72505677,0.21326363
afrimgsm_zul_14,0.69851464,0.20161274
afrimgsm_zul_140,0.69851464,0.20161274
afrimgsm_zul_141,0.72505677,0.21326363
afrimgsm_zul_142,0.7054685,-0.8489991
afrimgsm_zul_143,0.72505677,0.21326363
afrimgsm_zul_144,0.79315966,-0.3160993
afrimgsm_zul_145,0.681165,1.1876816
afrimgsm_zul_146,0.6794138,0.69208974
afrimgsm_zul_147,0.681165,1.1876816
afrimgsm_zul_148,0.7054685,-0.8489991
afrimgsm_zul_149,0.79315966,-0.3160993
afrimgsm_zul_15,0.72505677,0.21326363
afrimgsm_zul_150,0.79315966,-0.3160993
afrimgsm_zul_151,0.6104306,-0.30883098
afrimgsm_zul_152,0.681165,1.1876816
afrimgsm_zul_153,0.681165,1.1876816
afrimgsm_zul_154,0.681165,1.1876816
afrimgsm_zul_155,0.79315966,-0.3160993
afrimgsm_zul_156,0.681165,1.1876816
afrimgsm_zul_157,0.681165,1.1876816
afrimgsm_zul_158,0.69548357,0.2002947
afrimgsm_zul_159,0.68251354,0.694715
afrimgsm_zul_16,0.7054685,-0.8489991
afrimgsm_zul_160,0.681165,1.1876816
afrimgsm_zul_161,0.79315966,-0.3160993
afrimgsm_zul_162,0.72505677,0.21326363
afrimgsm_zul_163,0.72505677,0.21326363
afrimgsm_zul_164,0.79315966,-0.3160993
afrimgsm_zul_165,0.72505677,0.21326363
afrimgsm_zul_166,0.7054685,-0.8489991
afrimgsm_zul_167,0.79315966,-0.3160993
afrimgsm_zul_168,0.681165,1.1876816
afrimgsm_zul_169,0.59232324,-0.3066153
afrimgsm_zul_17,0.79315966,-0.3160993
afrimgsm_zul_170,0.79315966,-0.3160993
afrimgsm_zul_171,0.681165,1.1876816
afrimgsm_zul_172,0.6794138,0.69208974
afrimgsm_zul_173,0.7054685,-0.8489991
afrimgsm_zul_174,0.69548357,0.2002947
afrimgsm_zul_175,0.79315966,-0.3160993
afrimgsm_zul_176,0.7054685,-0.8489991
afrimgsm_zul_177,0.79315966,-0.3160993
afrimgsm_zul_178,0.79315966,-0.3160993
afrimgsm_zul_179,0.7054685,-0.8489991
afrimgsm_zul_18,0.79315966,-0.3160993
afrimgsm_zul_180,0.79315966,-0.3160993
afrimgsm_zul_181,0.72505677,0.21326363
afrimgsm_zul_182,0.68251354,0.694715
afrimgsm_zul_183,0.79315966,-0.3160993
afrimgsm_zul_184,0.681165,1.1876816
afrimgsm_zul_185,0.79315966,-0.3160993
afrimgsm_zul_186,0.69851464,0.20161274
afrimgsm_zul_187,0.72505677,0.21326363
afrimgsm_zul_188,0.79315966,-0.3160993
afrimgsm_zul_189,0.6794138,0.69208974
afrimgsm_zul_19,0.79315966,-0.3160993
afrimgsm_zul_190,0.59232324,-0.3066153
afrimgsm_zul_191,0.7054685,-0.8489991
afrimgsm_zul_192,0.79315966,-0.3160993
afrimgsm_zul_193,0.79315966,-0.3160993
afrimgsm_zul_194,0.7054685,-0.8489991
afrimgsm_zul_195,0.681165,1.1876816
afrimgsm_zul_196,0.681165,1.1876816
afrimgsm_zul_197,0.7054685,-0.8489991
afrimgsm_zul_198,0.79315966,-0.3160993
afrimgsm_zul_199,0.79315966,-0.3160993
afrimgsm_zul_2,0.68251354,0.694715
afrimgsm_zul_20,0.681165,1.1876816
afrimgsm_zul_200,0.69851464,0.20161274
afrimgsm_zul_201,0.7054685,-0.8489991
afrimgsm_zul_202,0.79315966,-0.3160993
afrimgsm_zul_203,0.6794138,0.69208974
afrimgsm_zul_204,0.79315966,-0.3160993
afrimgsm_zul_205,0.72505677,0.21326363
afrimgsm_zul_206,0.69851464,0.20161274
afrimgsm_zul_207,0.79315966,-0.3160993
afrimgsm_zul_208,0.79315966,-0.3160993
afrimgsm_zul_209,0.681165,1.1876816
afrimgsm_zul_21,0.79315966,-0.3160993
afrimgsm_zul_210,0.79315966,-0.3160993
afrimgsm_zul_211,0.59232324,-0.3066153
afrimgsm_zul_212,0.79315966,-0.3160993
afrimgsm_zul_213,0.79315966,-0.3160993
afrimgsm_zul_214,0.79315966,-0.3160993
afrimgsm_zul_215,0.7054685,-0.8489991
afrimgsm_zul_216,0.7054685,-0.8489991
afrimgsm_zul_217,0.7054685,-0.8489991
afrimgsm_zul_218,0.79315966,-0.3160993
afrimgsm_zul_219,0.79315966,-0.3160993
afrimgsm_zul_22,0.69851464,0.20161274
afrimgsm_zul_220,0.53234434,0.13433552
afrimgsm_zul_221,0.7054685,-0.8489991
afrimgsm_zul_222,0.79315966,-0.3160993
afrimgsm_zul_223,0.7054685,-0.8489991
afrimgsm_zul_224,0.7054685,-0.8489991
afrimgsm_zul_225,0.79315966,-0.3160993
afrimgsm_zul_226,0.79315966,-0.3160993
afrimgsm_zul_227,0.681165,1.1876816
afrimgsm_zul_228,0.79315966,-0.3160993
afrimgsm_zul_229,0.79315966,-0.3160993
afrimgsm_zul_23,0.69851464,0.20161274
afrimgsm_zul_230,0.681165,1.1876816
afrimgsm_zul_231,0.79315966,-0.3160993
afrimgsm_zul_232,0.6794138,0.69208974
afrimgsm_zul_233,0.7054685,-0.8489991
afrimgsm_zul_234,0.65456736,0.67088765
afrimgsm_zul_235,0.79315966,-0.3160993
afrimgsm_zul_236,0.72505677,0.21326363
afrimgsm_zul_237,0.7054685,-0.8489991
afrimgsm_zul_238,0.79315966,-0.3160993
afrimgsm_zul_239,0.681165,1.1876816
afrimgsm_zul_24,0.65456736,0.67088765
afrimgsm_zul_240,0.79315966,-0.3160993
afrimgsm_zul_241,0.681165,1.1876816
afrimgsm_zul_242,0.69851464,0.20161274
afrimgsm_zul_243,0.79315966,-0.3160993
afrimgsm_zul_244,0.79315966,-0.3160993
afrimgsm_zul_245,0.681165,1.1876816
afrimgsm_zul_246,0.79315966,-0.3160993
afrimgsm_zul_247,0.72505677,0.21326363
afrimgsm_zul_248,0.7054685,-0.8489991
afrimgsm_zul_249,0.6794138,0.69208974
afrimgsm_zul_25,0.681165,1.1876816
afrimgsm_zul_26,0.69548357,0.2002947
afrimgsm_zul_27,0.681165,1.1876816
afrimgsm_zul_28,0.7054685,-0.8489991
afrimgsm_zul_29,0.72505677,0.21326363
afrimgsm_zul_3,0.681165,1.1876816
afrimgsm_zul_30,0.79315966,-0.3160993
afrimgsm_zul_31,0.79315966,-0.3160993
afrimgsm_zul_32,0.681165,1.1876816
afrimgsm_zul_33,0.69851464,0.20161274
afrimgsm_zul_34,0.79315966,-0.3160993
afrimgsm_zul_35,0.69851464,0.20161274
afrimgsm_zul_36,0.681165,1.1876816
afrimgsm_zul_37,0.72505677,0.21326363
afrimgsm_zul_38,0.681165,1.1876816
afrimgsm_zul_39,0.681165,1.1876816
afrimgsm_zul_4,0.79315966,-0.3160993
afrimgsm_zul_40,0.7054685,-0.8489991
afrimgsm_zul_41,0.79315966,-0.3160993
afrimgsm_zul_42,0.7054685,-0.8489991
afrimgsm_zul_43,0.6794138,0.69208974
afrimgsm_zul_44,0.69548357,0.2002947
afrimgsm_zul_45,0.681165,1.1876816
afrimgsm_zul_46,0.79315966,-0.3160993
afrimgsm_zul_47,0.79315966,-0.3160993
afrimgsm_zul_48,0.72505677,0.21326363
afrimgsm_zul_49,0.7054685,-0.8489991
afrimgsm_zul_5,0.79315966,-0.3160993
afrimgsm_zul_50,0.79315966,-0.3160993
afrimgsm_zul_51,0.7054685,-0.8489991
afrimgsm_zul_52,0.59232324,-0.3066153
afrimgsm_zul_53,0.681165,1.1876816
afrimgsm_zul_54,0.79315966,-0.3160993
afrimgsm_zul_55,0.7054685,-0.8489991
afrimgsm_zul_56,0.65456736,0.67088765
afrimgsm_zul_57,0.59232324,-0.3066153
afrimgsm_zul_58,0.681165,1.1876816
afrimgsm_zul_59,0.7054685,-0.8489991
afrimgsm_zul_6,0.79315966,-0.3160993
afrimgsm_zul_60,0.79315966,-0.3160993
afrimgsm_zul_61,0.7054685,-0.8489991
afrimgsm_zul_62,0.69851464,0.20161274
afrimgsm_zul_63,0.72505677,0.21326363
afrimgsm_zul_64,0.79315966,-0.3160993
afrimgsm_zul_65,0.5471161,0.13981448
afrimgsm_zul_66,0.681165,1.1876816
afrimgsm_zul_67,0.72505677,0.21326363
afrimgsm_zul_68,0.69851464,0.20161274
afrimgsm_zul_69,0.7054685,-0.8489991
afrimgsm_zul_7,0.65456736,0.67088765
afrimgsm_zul_70,0.681165,1.1876816
afrimgsm_zul_71,0.7054685,-0.8489991
afrimgsm_zul_72,0.7054685,-0.8489991
afrimgsm_zul_73,0.79315966,-0.3160993
afrimgsm_zul_74,0.72505677,0.21326363
afrimgsm_zul_75,0.6794138,0.69208974
afrimgsm_zul_76,0.79315966,-0.3160993
afrimgsm_zul_77,0.681165,1.1876816
afrimgsm_zul_78,0.72505677,0.21326363
afrimgsm_zul_79,0.79315966,-0.3160993
afrimgsm_zul_8,0.79315966,-0.3160993
afrimgsm_zul_80,0.68251354,0.694715
afrimgsm_zul_81,0.7054685,-0.8489991
afrimgsm_zul_82,0.7054685,-0.8489991
afrimgsm_zul_83,0.59232324,-0.3066153
afrimgsm_zul_84,0.79315966,-0.3160993
afrimgsm_zul_85,0.69851464,0.20161274
afrimgsm_zul_86,0.69851464,0.20161274
afrimgsm_zul_87,0.79315966,-0.3160993
afrimgsm_zul_88,0.70546854,-0.8489991
afrimgsm_zul_89,0.72505677,0.21326363
afrimgsm_zul_9,0.79315966,-0.3160993
afrimgsm_zul_90,0.70546854,-0.8489991
afrimgsm_zul_91,0.681165,1.1876814
afrimgsm_zul_92,0.6104306,-0.30883095
afrimgsm_zul_93,0.681165,1.1876814
afrimgsm_zul_94,0.79315966,-0.31609932
afrimgsm_zul_95,0.79315966,-0.31609932
afrimgsm_zul_96,0.681165,1.1876816
afrimgsm_zul_97,0.69548357,0.20029472
afrimgsm_zul_98,0.68251354,0.6947151
afrimgsm_zul_99,0.681165,1.1876816
