,a,b
afrixnli_amh_0,0.80420583,-0.8923034
afrixnli_amh_1,0.7467643,1.4440738
afrixnli_amh_10,0.80420583,-0.8923034
afrixnli_amh_100,0.63346595,0.89606524
afrixnli_amh_101,0.69540447,0.056891445
afrixnli_amh_102,0.80420583,-0.8923034
afrixnli_amh_103,0.7635237,0.08207443
afrixnli_amh_104,0.69540447,0.056891445
afrixnli_amh_105,0.7602274,-0.39185357
afrixnli_amh_106,0.80420583,-0.8923034
afrixnli_amh_107,0.7602274,-0.39185357
afrixnli_amh_108,0.6800837,0.49539727
afrixnli_amh_109,0.80420583,-0.8923034
afrixnli_amh_11,0.7635237,0.08207443
afrixnli_amh_110,0.7059342,0.06079441
afrixnli_amh_111,0.80420583,-0.8923034
afrixnli_amh_112,0.7479983,0.5339449
afrixnli_amh_113,0.69565564,-0.40068328
afrixnli_amh_114,0.69565564,-0.40068328
afrixnli_amh_115,0.62752295,0.46276397
afrixnli_amh_116,0.69565564,-0.40068328
afrixnli_amh_117,0.73473793,0.5267357
afrixnli_amh_118,0.7479983,0.5339449
afrixnli_amh_119,0.7611757,-0.39170244
afrixnli_amh_12,0.70679575,0.06111377
afrixnli_amh_120,0.59398746,0.019788202
afrixnli_amh_121,0.7059342,0.06079441
afrixnli_amh_122,0.69565564,-0.40068328
afrixnli_amh_123,0.7602274,-0.39185357
afrixnli_amh_124,0.7635237,0.08207443
afrixnli_amh_125,0.6021625,0.022713147
afrixnli_amh_126,0.80420583,-0.8923034
afrixnli_amh_127,0.70651853,-0.39941782
afrixnli_amh_128,0.80420583,-0.8923034
afrixnli_amh_129,0.69565564,-0.40068328
afrixnli_amh_13,0.69565564,-0.40068328
afrixnli_amh_130,0.7059342,0.06079441
afrixnli_amh_131,0.59398746,0.019788202
afrixnli_amh_132,0.80420583,-0.8923034
afrixnli_amh_133,0.80420583,-0.8923034
afrixnli_amh_134,0.80420583,-0.8923034
afrixnli_amh_135,0.80420583,-0.8923034
afrixnli_amh_136,0.80420583,-0.8923034
afrixnli_amh_137,0.7479983,0.5339449
afrixnli_amh_138,0.57967764,0.43094468
afrixnli_amh_139,0.69457096,0.056582592
afrixnli_amh_14,0.7602274,-0.39185357
afrixnli_amh_140,0.7479983,0.5339449
afrixnli_amh_141,0.7635237,0.08207443
afrixnli_amh_142,0.80420583,-0.8923034
afrixnli_amh_143,0.80420583,-0.8923034
afrixnli_amh_144,0.73473793,0.5267357
afrixnli_amh_145,0.7611757,-0.39170244
afrixnli_amh_146,0.7059342,0.06079441
afrixnli_amh_147,0.80420583,-0.8923034
afrixnli_amh_148,0.7635237,0.08207443
afrixnli_amh_149,0.80420583,-0.8923034
afrixnli_amh_15,0.7602274,-0.39185357
afrixnli_amh_150,0.7611757,-0.39170244
afrixnli_amh_151,0.80420583,-0.8923034
afrixnli_amh_152,0.62752295,0.46276397
afrixnli_amh_153,0.69565564,-0.40068328
afrixnli_amh_154,0.7611757,-0.39170244
afrixnli_amh_155,0.7635237,0.08207443
afrixnli_amh_156,0.80420583,-0.8923034
afrixnli_amh_157,0.80420583,-0.8923034
afrixnli_amh_158,0.63420725,0.89673305
afrixnli_amh_159,0.63346595,0.89606524
afrixnli_amh_16,0.70679575,0.06111377
afrixnli_amh_160,0.80420583,-0.8923034
afrixnli_amh_161,0.80420583,-0.8923034
afrixnli_amh_162,0.80420583,-0.8923034
afrixnli_amh_163,0.7635237,0.08207443
afrixnli_amh_164,0.80420583,-0.8923034
afrixnli_amh_165,0.63346595,0.89606524
afrixnli_amh_166,0.80420583,-0.8923034
afrixnli_amh_167,0.70651853,-0.39941782
afrixnli_amh_168,0.80420583,-0.8923034
afrixnli_amh_169,0.80420583,-0.8923034
afrixnli_amh_17,0.69457096,0.056582592
afrixnli_amh_170,0.80420583,-0.8923034
afrixnli_amh_171,0.67925465,0.49490166
afrixnli_amh_172,0.7635237,0.08207443
afrixnli_amh_173,0.64743423,0.03917148
afrixnli_amh_174,0.63346595,0.89606524
afrixnli_amh_175,0.7467643,1.4440738
afrixnli_amh_176,0.80420583,-0.8923034
afrixnli_amh_177,0.69565564,-0.40068328
afrixnli_amh_178,0.73473793,0.5267357
afrixnli_amh_179,0.80420583,-0.8923034
afrixnli_amh_18,0.80420583,-0.8923034
afrixnli_amh_180,0.69540447,0.056891445
afrixnli_amh_181,0.80420583,-0.8923034
afrixnli_amh_182,0.7635237,0.08207443
afrixnli_amh_183,0.7602274,-0.39185357
afrixnli_amh_184,0.69457096,0.056582592
afrixnli_amh_185,0.7611757,-0.39170244
afrixnli_amh_186,0.69565564,-0.40068328
afrixnli_amh_187,0.7602274,-0.39185357
afrixnli_amh_188,0.7635237,0.08207443
afrixnli_amh_189,0.80420583,-0.8923034
afrixnli_amh_19,0.7602274,-0.39185357
afrixnli_amh_190,0.80420583,-0.8923034
afrixnli_amh_191,0.7602274,-0.39185357
afrixnli_amh_192,0.80420583,-0.8923034
afrixnli_amh_193,0.7611757,-0.39170244
afrixnli_amh_194,0.7059342,0.06079441
afrixnli_amh_195,0.7602274,-0.39185357
afrixnli_amh_196,0.70679575,0.06111377
afrixnli_amh_197,0.69565564,-0.40068328
afrixnli_amh_198,0.80420583,-0.8923034
afrixnli_amh_199,0.80420583,-0.8923034
afrixnli_amh_2,0.7602274,-0.39185357
afrixnli_amh_20,0.80420583,-0.8923034
afrixnli_amh_200,0.70651853,-0.39941782
afrixnli_amh_201,0.7611757,-0.39170244
afrixnli_amh_202,0.70651853,-0.39941782
afrixnli_amh_203,0.7479983,0.5339449
afrixnli_amh_204,0.6182554,0.45675644
afrixnli_amh_205,0.7611757,-0.39170244
afrixnli_amh_206,0.80420583,-0.8923034
afrixnli_amh_207,0.59398746,0.019788202
afrixnli_amh_208,0.7467643,1.4440738
afrixnli_amh_209,0.7602274,-0.39185357
afrixnli_amh_21,0.6182554,0.45675644
afrixnli_amh_210,0.7611757,-0.39170244
afrixnli_amh_211,0.6182554,0.45675644
afrixnli_amh_212,0.7608128,0.996307
afrixnli_amh_213,0.73473793,0.5267357
afrixnli_amh_214,0.70651853,-0.39941782
afrixnli_amh_215,0.7059342,0.06079441
afrixnli_amh_216,0.80420583,-0.8923034
afrixnli_amh_217,0.7602274,-0.39185357
afrixnli_amh_218,0.80420583,-0.8923034
afrixnli_amh_219,0.7635237,0.08207443
afrixnli_amh_22,0.80420583,-0.8923034
afrixnli_amh_220,0.7602274,-0.39185357
afrixnli_amh_221,0.69540447,0.056891445
afrixnli_amh_222,0.69540447,0.056891445
afrixnli_amh_223,0.69457096,0.056582592
afrixnli_amh_224,0.7467643,1.4440738
afrixnli_amh_225,0.80420583,-0.8923034
afrixnli_amh_226,0.80420583,-0.8923034
afrixnli_amh_227,0.7602274,-0.39185357
afrixnli_amh_228,0.7635237,0.08207443
afrixnli_amh_229,0.80420583,-0.8923034
afrixnli_amh_23,0.7602274,-0.39185357
afrixnli_amh_230,0.68292916,0.9383759
afrixnli_amh_231,0.69565564,-0.40068328
afrixnli_amh_232,0.7611757,-0.39170244
afrixnli_amh_233,0.69540447,0.056891445
afrixnli_amh_234,0.69540447,0.056891445
afrixnli_amh_235,0.7635237,0.08207443
afrixnli_amh_236,0.7479983,0.5339449
afrixnli_amh_237,0.7611757,-0.39170244
afrixnli_amh_238,0.73473793,0.5267357
afrixnli_amh_239,0.7635237,0.08207443
afrixnli_amh_24,0.70651853,-0.39941782
afrixnli_amh_240,0.80420583,-0.8923034
afrixnli_amh_241,0.7467643,1.4440738
afrixnli_amh_242,0.80420583,-0.8923034
afrixnli_amh_243,0.69565564,-0.40068328
afrixnli_amh_244,0.70651853,-0.39941782
afrixnli_amh_245,0.7611757,-0.39170244
afrixnli_amh_246,0.80420583,-0.8923034
afrixnli_amh_247,0.80420583,-0.8923034
afrixnli_amh_248,0.7611757,-0.39170244
afrixnli_amh_249,0.80420583,-0.8923034
afrixnli_amh_25,0.6021625,0.022713147
afrixnli_amh_250,0.80420583,-0.8923034
afrixnli_amh_251,0.7608128,0.996307
afrixnli_amh_252,0.69565564,-0.40068328
afrixnli_amh_253,0.7611757,-0.39170244
afrixnli_amh_254,0.80420583,-0.8923034
afrixnli_amh_255,0.7635237,0.08207443
afrixnli_amh_256,0.80420583,-0.8923034
afrixnli_amh_257,0.7635237,0.08207443
afrixnli_amh_258,0.80420583,-0.8923034
afrixnli_amh_259,0.69565564,-0.40068328
afrixnli_amh_26,0.70679575,0.06111377
afrixnli_amh_260,0.7602274,-0.39185357
afrixnli_amh_261,0.62752295,0.46276397
afrixnli_amh_262,0.7611757,-0.39170244
afrixnli_amh_263,0.7608128,0.996307
afrixnli_amh_264,0.7611757,-0.39170244
afrixnli_amh_265,0.69565564,-0.40068328
afrixnli_amh_266,0.7479983,0.5339449
afrixnli_amh_267,0.7611757,-0.39170244
afrixnli_amh_268,0.80420583,-0.8923034
afrixnli_amh_269,0.80420583,-0.8923034
afrixnli_amh_27,0.80420583,-0.8923034
afrixnli_amh_270,0.80420583,-0.8923034
afrixnli_amh_271,0.7479983,0.5339449
afrixnli_amh_272,0.80420583,-0.8923034
afrixnli_amh_273,0.80420583,-0.8923034
afrixnli_amh_274,0.7467643,1.4440738
afrixnli_amh_275,0.7467643,1.4440738
afrixnli_amh_276,0.73473793,0.5267357
afrixnli_amh_277,0.80420583,-0.8923034
afrixnli_amh_278,0.7635237,0.08207443
afrixnli_amh_279,0.80420583,-0.8923034
afrixnli_amh_28,0.80420583,-0.8923034
afrixnli_amh_280,0.80420583,-0.8923034
afrixnli_amh_281,0.80420583,-0.8923034
afrixnli_amh_282,0.80420583,-0.8923034
afrixnli_amh_283,0.80420583,-0.8923034
afrixnli_amh_284,0.6424385,0.037338115
afrixnli_amh_285,0.7602274,-0.39185357
afrixnli_amh_286,0.80420583,-0.8923034
afrixnli_amh_287,0.80420583,-0.8923034
afrixnli_amh_288,0.80420583,-0.8923034
afrixnli_amh_289,0.70651853,-0.39941782
afrixnli_amh_29,0.80420583,-0.8923034
afrixnli_amh_290,0.57967764,0.43094468
afrixnli_amh_291,0.80420583,-0.8923034
afrixnli_amh_292,0.7635237,0.08207443
afrixnli_amh_293,0.69457096,0.056582592
afrixnli_amh_294,0.7635237,0.08207443
afrixnli_amh_295,0.80420583,-0.8923034
afrixnli_amh_296,0.70651853,-0.39941782
afrixnli_amh_297,0.7635237,0.08207443
afrixnli_amh_298,0.59398746,0.019788202
afrixnli_amh_299,0.6743284,0.49194366
afrixnli_amh_3,0.80420583,-0.8923034
afrixnli_amh_30,0.57967764,0.43094468
afrixnli_amh_300,0.6947077,0.9477968
afrixnli_amh_301,0.80420583,-0.8923034
afrixnli_amh_302,0.80420583,-0.8923034
afrixnli_amh_303,0.7611757,-0.39170244
afrixnli_amh_304,0.7635237,0.08207443
afrixnli_amh_305,0.7602274,-0.39185357
afrixnli_amh_306,0.69540447,0.056891445
afrixnli_amh_307,0.80420583,-0.8923034
afrixnli_amh_308,0.7611757,-0.39170244
afrixnli_amh_309,0.80420583,-0.8923034
afrixnli_amh_31,0.67925465,0.49490166
afrixnli_amh_310,0.80420583,-0.8923034
afrixnli_amh_311,0.73473793,0.5267357
afrixnli_amh_312,0.80420583,-0.8923034
afrixnli_amh_313,0.70679575,0.06111377
afrixnli_amh_314,0.69565564,-0.40068328
afrixnli_amh_315,0.7602274,-0.39185357
afrixnli_amh_316,0.80420583,-0.8923034
afrixnli_amh_317,0.69565564,-0.40068328
afrixnli_amh_318,0.7602274,-0.39185357
afrixnli_amh_319,0.7611757,-0.39170244
afrixnli_amh_32,0.70679575,0.06111377
afrixnli_amh_320,0.7611757,-0.39170244
afrixnli_amh_321,0.80420583,-0.8923034
afrixnli_amh_322,0.80420583,-0.8923034
afrixnli_amh_323,0.70679575,0.06111377
afrixnli_amh_324,0.69540447,0.056891445
afrixnli_amh_325,0.80420583,-0.8923034
afrixnli_amh_326,0.7479983,0.5339449
afrixnli_amh_327,0.70651853,-0.39941782
afrixnli_amh_328,0.70679575,0.06111377
afrixnli_amh_329,0.59398746,0.019788202
afrixnli_amh_33,0.80420583,-0.8923034
afrixnli_amh_330,0.7467643,1.4440738
afrixnli_amh_331,0.80420583,-0.8923034
afrixnli_amh_332,0.6947077,0.9477968
afrixnli_amh_333,0.7635237,0.08207443
afrixnli_amh_334,0.80420583,-0.8923034
afrixnli_amh_335,0.80420583,-0.8923034
afrixnli_amh_336,0.7602274,-0.39185357
afrixnli_amh_337,0.59398746,0.019788202
afrixnli_amh_338,0.7611757,-0.39170244
afrixnli_amh_339,0.80420583,-0.8923034
afrixnli_amh_34,0.80420583,-0.8923034
afrixnli_amh_340,0.80420583,-0.8923034
afrixnli_amh_341,0.80420583,-0.8923034
afrixnli_amh_342,0.7611757,-0.39170244
afrixnli_amh_343,0.7479983,0.5339449
afrixnli_amh_344,0.80420583,-0.8923034
afrixnli_amh_345,0.80420583,-0.8923034
afrixnli_amh_346,0.7479983,0.5339449
afrixnli_amh_347,0.6743284,0.49194366
afrixnli_amh_348,0.80420583,-0.8923034
afrixnli_amh_349,0.80420583,-0.8923034
afrixnli_amh_35,0.80420583,-0.8923034
afrixnli_amh_350,0.7635237,0.08207443
afrixnli_amh_351,0.7635237,0.08207443
afrixnli_amh_352,0.63420725,0.89673305
afrixnli_amh_353,0.57967764,0.43094468
afrixnli_amh_354,0.7635237,0.08207443
afrixnli_amh_355,0.7059342,0.06079441
afrixnli_amh_356,0.80420583,-0.8923034
afrixnli_amh_357,0.70679575,0.06111377
afrixnli_amh_358,0.80420583,-0.8923034
afrixnli_amh_359,0.73473793,0.5267357
afrixnli_amh_36,0.80420583,-0.8923034
afrixnli_amh_360,0.80420583,-0.8923034
afrixnli_amh_361,0.63346595,0.89606524
afrixnli_amh_362,0.7602274,-0.39185357
afrixnli_amh_363,0.80420583,-0.8923034
afrixnli_amh_364,0.70651853,-0.39941782
afrixnli_amh_365,0.80420583,-0.8923034
afrixnli_amh_366,0.7635237,0.08207443
afrixnli_amh_367,0.80420583,-0.8923034
afrixnli_amh_368,0.70651853,-0.39941782
afrixnli_amh_369,0.57967764,0.43094468
afrixnli_amh_37,0.7635237,0.08207443
afrixnli_amh_370,0.80420583,-0.8923034
afrixnli_amh_371,0.7602274,-0.39185357
afrixnli_amh_372,0.6800837,0.49539727
afrixnli_amh_373,0.7059342,0.06079441
afrixnli_amh_374,0.73473793,0.5267357
afrixnli_amh_375,0.7611757,-0.39170244
afrixnli_amh_376,0.70651853,-0.39941782
afrixnli_amh_377,0.62752295,0.46276397
afrixnli_amh_378,0.7635237,0.08207443
afrixnli_amh_379,0.69565564,-0.40068328
afrixnli_amh_38,0.7479983,0.5339449
afrixnli_amh_380,0.7635237,0.08207443
afrixnli_amh_381,0.7602274,-0.39185357
afrixnli_amh_382,0.7602274,-0.39185357
afrixnli_amh_383,0.70651853,-0.39941782
afrixnli_amh_384,0.7479983,0.5339449
afrixnli_amh_385,0.80420583,-0.8923034
afrixnli_amh_386,0.7479983,0.5339449
afrixnli_amh_387,0.80420583,-0.8923034
afrixnli_amh_388,0.7635237,0.08207443
afrixnli_amh_389,0.80420583,-0.8923034
afrixnli_amh_39,0.7602274,-0.39185357
afrixnli_amh_390,0.7059342,0.06079441
afrixnli_amh_391,0.57967764,0.43094468
afrixnli_amh_392,0.69540447,0.056891445
afrixnli_amh_393,0.6424385,0.037338115
afrixnli_amh_394,0.69565564,-0.40068328
afrixnli_amh_395,0.7611757,-0.39170244
afrixnli_amh_396,0.73473793,0.5267357
afrixnli_amh_397,0.69457096,0.056582592
afrixnli_amh_398,0.57967764,0.43094468
afrixnli_amh_399,0.80420583,-0.8923034
afrixnli_amh_4,0.69565564,-0.40068328
afrixnli_amh_40,0.7611757,-0.39170244
afrixnli_amh_400,0.7467643,1.4440738
afrixnli_amh_401,0.7602274,-0.39185357
afrixnli_amh_402,0.80420583,-0.8923034
afrixnli_amh_403,0.70651853,-0.39941782
afrixnli_amh_404,0.7602274,-0.39185357
afrixnli_amh_405,0.80420583,-0.8923034
afrixnli_amh_406,0.7479983,0.5339449
afrixnli_amh_407,0.80420583,-0.8923034
afrixnli_amh_408,0.7602274,-0.39185357
afrixnli_amh_409,0.69565564,-0.40068328
afrixnli_amh_41,0.80420583,-0.8923034
afrixnli_amh_410,0.80420583,-0.8923034
afrixnli_amh_411,0.69565564,-0.40068328
afrixnli_amh_412,0.7608128,0.996307
afrixnli_amh_413,0.7059342,0.06079441
afrixnli_amh_414,0.80420583,-0.8923034
afrixnli_amh_415,0.69565564,-0.40068328
afrixnli_amh_416,0.69540447,0.056891445
afrixnli_amh_417,0.62822515,0.46321607
afrixnli_amh_418,0.7635237,0.08207443
afrixnli_amh_419,0.69565564,-0.40068328
afrixnli_amh_42,0.70651853,-0.39941782
afrixnli_amh_420,0.7059342,0.06079441
afrixnli_amh_421,0.63420725,0.89673305
afrixnli_amh_422,0.80420583,-0.8923034
afrixnli_amh_423,0.7611757,-0.39170244
afrixnli_amh_424,0.80420583,-0.8923034
afrixnli_amh_425,0.7059342,0.06079441
afrixnli_amh_426,0.7602274,-0.39185357
afrixnli_amh_427,0.80420583,-0.8923034
afrixnli_amh_428,0.7611757,-0.39170244
afrixnli_amh_429,0.7059342,0.06079441
afrixnli_amh_43,0.57967764,0.43094468
afrixnli_amh_430,0.70679575,0.06111377
afrixnli_amh_431,0.63420725,0.89673305
afrixnli_amh_432,0.7059342,0.06079441
afrixnli_amh_433,0.7479983,0.5339449
afrixnli_amh_434,0.80420583,-0.8923034
afrixnli_amh_435,0.7602274,-0.39185357
afrixnli_amh_436,0.80420583,-0.8923034
afrixnli_amh_437,0.80420583,-0.8923034
afrixnli_amh_438,0.7602274,-0.39185357
afrixnli_amh_439,0.59398746,0.019788202
afrixnli_amh_44,0.7467643,1.4440738
afrixnli_amh_440,0.69565564,-0.40068328
afrixnli_amh_441,0.80420583,-0.8923034
afrixnli_amh_442,0.59398746,0.019788202
afrixnli_amh_443,0.73473793,0.5267357
afrixnli_amh_444,0.6800837,0.49539727
afrixnli_amh_445,0.59398746,0.019788202
afrixnli_amh_446,0.7602274,-0.39185357
afrixnli_amh_447,0.63420725,0.89673305
afrixnli_amh_448,0.7479983,0.5339449
afrixnli_amh_449,0.7467643,1.4440738
afrixnli_amh_45,0.80420583,-0.8923034
afrixnli_amh_450,0.80420583,-0.8923034
afrixnli_amh_451,0.7479983,0.5339449
afrixnli_amh_452,0.80420583,-0.8923034
afrixnli_amh_453,0.7479983,0.5339449
afrixnli_amh_454,0.80420583,-0.8923034
afrixnli_amh_455,0.59398746,0.019788202
afrixnli_amh_456,0.80420583,-0.8923034
afrixnli_amh_457,0.80420583,-0.8923034
afrixnli_amh_458,0.7635237,0.08207443
afrixnli_amh_459,0.7467643,1.4440738
afrixnli_amh_46,0.69457096,0.056582592
afrixnli_amh_460,0.7635237,0.08207443
afrixnli_amh_461,0.7467643,1.4440738
afrixnli_amh_462,0.80420583,-0.8923034
afrixnli_amh_463,0.69565564,-0.40068328
afrixnli_amh_464,0.6743284,0.49194366
afrixnli_amh_465,0.80420583,-0.8923034
afrixnli_amh_466,0.80420583,-0.8923034
afrixnli_amh_467,0.7635237,0.08207443
afrixnli_amh_468,0.7059342,0.06079441
afrixnli_amh_469,0.61893564,0.45720002
afrixnli_amh_47,0.7611757,-0.39170244
afrixnli_amh_470,0.69540447,0.056891445
afrixnli_amh_471,0.7602274,-0.39185357
afrixnli_amh_472,0.7479983,0.5339449
afrixnli_amh_473,0.80420583,-0.8923034
afrixnli_amh_474,0.80420583,-0.8923034
afrixnli_amh_475,0.7635237,0.08207443
afrixnli_amh_476,0.7611757,-0.39170244
afrixnli_amh_477,0.7611757,-0.39170244
afrixnli_amh_478,0.7602274,-0.39185357
afrixnli_amh_479,0.7611757,-0.39170244
afrixnli_amh_48,0.68292916,0.9383759
afrixnli_amh_480,0.7635237,0.08207443
afrixnli_amh_481,0.7611757,-0.39170244
afrixnli_amh_482,0.80420583,-0.8923034
afrixnli_amh_483,0.7602274,-0.39185357
afrixnli_amh_484,0.69565564,-0.40068328
afrixnli_amh_485,0.7479983,0.5339449
afrixnli_amh_486,0.7602274,-0.39185357
afrixnli_amh_487,0.70651853,-0.39941782
afrixnli_amh_488,0.7611757,-0.39170244
afrixnli_amh_489,0.7608128,0.996307
afrixnli_amh_49,0.73473793,0.5267357
afrixnli_amh_490,0.7608128,0.996307
afrixnli_amh_491,0.7608128,0.996307
afrixnli_amh_492,0.7479983,0.5339449
afrixnli_amh_493,0.61893564,0.45720002
afrixnli_amh_494,0.7467643,1.4440738
afrixnli_amh_495,0.7608128,0.996307
afrixnli_amh_496,0.80420583,-0.8923034
afrixnli_amh_497,0.68292916,0.9383759
afrixnli_amh_498,0.80420583,-0.8923034
afrixnli_amh_499,0.63420725,0.89673305
afrixnli_amh_5,0.7059342,0.06079441
afrixnli_amh_50,0.7611757,-0.39170244
afrixnli_amh_500,0.63346595,0.89606524
afrixnli_amh_501,0.80420583,-0.8923034
afrixnli_amh_502,0.7608128,0.996307
afrixnli_amh_503,0.7635237,0.08207443
afrixnli_amh_504,0.7059342,0.06079441
afrixnli_amh_505,0.7611757,-0.39170244
afrixnli_amh_506,0.7635237,0.08207443
afrixnli_amh_507,0.7611757,-0.39170244
afrixnli_amh_508,0.7479983,0.5339449
afrixnli_amh_509,0.80420583,-0.8923034
afrixnli_amh_51,0.7479983,0.5339449
afrixnli_amh_510,0.7479983,0.5339449
afrixnli_amh_511,0.6800837,0.49539727
afrixnli_amh_512,0.69540447,0.056891445
afrixnli_amh_513,0.7059342,0.06079441
afrixnli_amh_514,0.80420583,-0.8923034
afrixnli_amh_515,0.69540447,0.056891445
afrixnli_amh_516,0.7635237,0.08207443
afrixnli_amh_517,0.7602274,-0.39185357
afrixnli_amh_518,0.57967764,0.43094468
afrixnli_amh_519,0.80420583,-0.8923034
afrixnli_amh_52,0.69565564,-0.40068328
afrixnli_amh_520,0.80420583,-0.8923034
afrixnli_amh_521,0.7479983,0.5339449
afrixnli_amh_522,0.7479983,0.5339449
afrixnli_amh_523,0.7602274,-0.39185357
afrixnli_amh_524,0.7611757,-0.39170244
afrixnli_amh_525,0.80420583,-0.8923034
afrixnli_amh_526,0.7479983,0.5339449
afrixnli_amh_527,0.64546615,-0.40515158
afrixnli_amh_528,0.80420583,-0.8923034
afrixnli_amh_529,0.80420583,-0.8923034
afrixnli_amh_53,0.69565564,-0.40068328
afrixnli_amh_530,0.80420583,-0.8923034
afrixnli_amh_531,0.7611757,-0.39170244
afrixnli_amh_532,0.7635237,0.08207443
afrixnli_amh_533,0.63346595,0.89606524
afrixnli_amh_534,0.63420725,0.89673305
afrixnli_amh_535,0.7467643,1.4440738
afrixnli_amh_536,0.80420583,-0.8923034
afrixnli_amh_537,0.68292916,0.9383759
afrixnli_amh_538,0.6743284,0.49194366
afrixnli_amh_539,0.7467643,1.4440738
afrixnli_amh_54,0.80420583,-0.8923034
afrixnli_amh_540,0.7467643,1.4440738
afrixnli_amh_541,0.7611757,-0.39170244
afrixnli_amh_542,0.69565564,-0.40068328
afrixnli_amh_543,0.7479983,0.5339449
afrixnli_amh_544,0.80420583,-0.8923034
afrixnli_amh_545,0.69540447,0.056891445
afrixnli_amh_546,0.69457096,0.056582592
afrixnli_amh_547,0.80420583,-0.8923034
afrixnli_amh_548,0.7611757,-0.39170244
afrixnli_amh_549,0.7635237,0.08207443
afrixnli_amh_55,0.7602274,-0.39185357
afrixnli_amh_550,0.69540447,0.056891445
afrixnli_amh_551,0.7059342,0.06079441
afrixnli_amh_552,0.7467643,1.4440738
afrixnli_amh_553,0.7059342,0.06079441
afrixnli_amh_554,0.80420583,-0.8923034
afrixnli_amh_555,0.70651853,-0.39941782
afrixnli_amh_556,0.7611757,-0.39170244
afrixnli_amh_557,0.7479983,0.5339449
afrixnli_amh_558,0.7635237,0.08207443
afrixnli_amh_559,0.70651853,-0.39941782
afrixnli_amh_56,0.80420583,-0.8923034
afrixnli_amh_560,0.73473793,0.5267357
afrixnli_amh_561,0.7602274,-0.39185357
afrixnli_amh_562,0.80420583,-0.8923034
afrixnli_amh_563,0.80420583,-0.8923034
afrixnli_amh_564,0.7635237,0.08207443
afrixnli_amh_565,0.69540447,0.056891445
afrixnli_amh_566,0.80420583,-0.8923034
afrixnli_amh_567,0.7059342,0.06079441
afrixnli_amh_568,0.69540447,0.056891445
afrixnli_amh_569,0.69565564,-0.40068328
afrixnli_amh_57,0.70679575,0.06111377
afrixnli_amh_570,0.69540447,0.056891445
afrixnli_amh_571,0.69565564,-0.40068328
afrixnli_amh_572,0.7059342,0.06079441
afrixnli_amh_573,0.7479983,0.5339449
afrixnli_amh_574,0.63420725,0.89673305
afrixnli_amh_575,0.69565564,-0.40068328
afrixnli_amh_576,0.69565564,-0.40068328
afrixnli_amh_577,0.7608128,0.996307
afrixnli_amh_578,0.7479983,0.5339449
afrixnli_amh_579,0.69565564,-0.40068328
afrixnli_amh_58,0.7467643,1.4440738
afrixnli_amh_580,0.80420583,-0.8923034
afrixnli_amh_581,0.7479983,0.5339449
afrixnli_amh_582,0.7635237,0.08207443
afrixnli_amh_583,0.73473793,0.5267357
afrixnli_amh_584,0.6800837,0.49539727
afrixnli_amh_585,0.7467643,1.4440738
afrixnli_amh_586,0.6182554,0.45675644
afrixnli_amh_587,0.7059342,0.06079441
afrixnli_amh_588,0.7611757,-0.39170244
afrixnli_amh_589,0.7059342,0.06079441
afrixnli_amh_59,0.7611757,-0.39170244
afrixnli_amh_590,0.57967764,0.43094468
afrixnli_amh_591,0.59398746,0.019788202
afrixnli_amh_592,0.7635237,0.08207443
afrixnli_amh_593,0.69540447,0.056891445
afrixnli_amh_594,0.80420583,-0.8923034
afrixnli_amh_595,0.80420583,-0.8923034
afrixnli_amh_596,0.7479983,0.5339449
afrixnli_amh_597,0.80420583,-0.8923034
afrixnli_amh_598,0.7479983,0.5339449
afrixnli_amh_599,0.64743423,0.03917148
afrixnli_amh_6,0.69540447,0.056891445
afrixnli_amh_60,0.6947077,0.9477968
afrixnli_amh_61,0.6424385,0.037338115
afrixnli_amh_62,0.7602274,-0.39185357
afrixnli_amh_63,0.7467643,1.4440738
afrixnli_amh_64,0.69565564,-0.40068328
afrixnli_amh_65,0.63346595,0.89606524
afrixnli_amh_66,0.7059342,0.06079441
afrixnli_amh_67,0.61893564,0.45720002
afrixnli_amh_68,0.63420725,0.89673305
afrixnli_amh_69,0.7059342,0.06079441
afrixnli_amh_7,0.80420583,-0.8923034
afrixnli_amh_70,0.7059342,0.06079441
afrixnli_amh_71,0.80420583,-0.8923034
afrixnli_amh_72,0.80420583,-0.8923034
afrixnli_amh_73,0.7479983,0.5339449
afrixnli_amh_74,0.68292916,0.9383759
afrixnli_amh_75,0.69565564,-0.40068328
afrixnli_amh_76,0.57967764,0.43094468
afrixnli_amh_77,0.80420583,-0.8923034
afrixnli_amh_78,0.69565564,-0.40068328
afrixnli_amh_79,0.7635237,0.08207443
afrixnli_amh_8,0.70679575,0.06111377
afrixnli_amh_80,0.69540447,0.056891445
afrixnli_amh_81,0.80420583,-0.8923034
afrixnli_amh_82,0.7479983,0.5339449
afrixnli_amh_83,0.7611757,-0.39170244
afrixnli_amh_84,0.80420583,-0.8923034
afrixnli_amh_85,0.7635237,0.08207443
afrixnli_amh_86,0.6182554,0.45675644
afrixnli_amh_87,0.6743284,0.49194366
afrixnli_amh_88,0.70651853,-0.39941782
afrixnli_amh_89,0.7467643,1.4440738
afrixnli_amh_9,0.7602274,-0.39185357
afrixnli_amh_90,0.80420583,-0.8923034
afrixnli_amh_91,0.69565564,-0.40068328
afrixnli_amh_92,0.69565564,-0.40068328
afrixnli_amh_93,0.7635237,0.08207443
afrixnli_amh_94,0.80420583,-0.8923034
afrixnli_amh_95,0.7602274,-0.39185357
afrixnli_amh_96,0.7479983,0.5339449
afrixnli_amh_97,0.80420583,-0.8923034
afrixnli_amh_98,0.7602274,-0.39185357
afrixnli_amh_99,0.61893564,0.45720002
afrixnli_eng_0,0.80420583,-0.8923034
afrixnli_eng_1,0.69457096,0.056582592
afrixnli_eng_10,0.80420583,-0.8923034
afrixnli_eng_100,0.63346595,0.89606524
afrixnli_eng_101,0.7635237,0.08207443
afrixnli_eng_102,0.80420583,-0.8923034
afrixnli_eng_103,0.7602274,-0.39185357
afrixnli_eng_104,0.7611757,-0.39170244
afrixnli_eng_105,0.70651853,-0.39941782
afrixnli_eng_106,0.80420583,-0.8923034
afrixnli_eng_107,0.80420583,-0.8923034
afrixnli_eng_108,0.7611757,-0.39170244
afrixnli_eng_109,0.80420583,-0.8923034
afrixnli_eng_11,0.7635237,0.08207443
afrixnli_eng_110,0.7635237,0.08207443
afrixnli_eng_111,0.7602274,-0.39185357
afrixnli_eng_112,0.7479983,0.5339449
afrixnli_eng_113,0.7611757,-0.39170244
afrixnli_eng_114,0.7602274,-0.39185357
afrixnli_eng_115,0.7479983,0.5339449
afrixnli_eng_116,0.80420583,-0.8923034
afrixnli_eng_117,0.80420583,-0.8923034
afrixnli_eng_118,0.7635237,0.08207443
afrixnli_eng_119,0.73473793,0.5267357
afrixnli_eng_12,0.7611757,-0.39170244
afrixnli_eng_120,0.59398746,0.019788202
afrixnli_eng_121,0.80420583,-0.8923034
afrixnli_eng_122,0.7467643,1.4440738
afrixnli_eng_123,0.80420583,-0.8923034
afrixnli_eng_124,0.80420583,-0.8923034
afrixnli_eng_125,0.7635237,0.08207443
afrixnli_eng_126,0.80420583,-0.8923034
afrixnli_eng_127,0.7611757,-0.39170244
afrixnli_eng_128,0.7602274,-0.39185357
afrixnli_eng_129,0.59398746,0.019788202
afrixnli_eng_13,0.80420583,-0.8923034
afrixnli_eng_130,0.80420583,-0.8923034
afrixnli_eng_131,0.7602274,-0.39185357
afrixnli_eng_132,0.59398746,0.019788202
afrixnli_eng_133,0.70679575,0.06111377
afrixnli_eng_134,0.7611757,-0.39170244
afrixnli_eng_135,0.80420583,-0.8923034
afrixnli_eng_136,0.80420583,-0.8923034
afrixnli_eng_137,0.7635237,0.08207443
afrixnli_eng_138,0.70679575,0.06111377
afrixnli_eng_139,0.80420583,-0.8923034
afrixnli_eng_14,0.80420583,-0.8923034
afrixnli_eng_140,0.7479983,0.5339449
afrixnli_eng_141,0.7635237,0.08207443
afrixnli_eng_142,0.80420583,-0.8923034
afrixnli_eng_143,0.80420583,-0.8923034
afrixnli_eng_144,0.69540447,0.056891445
afrixnli_eng_145,0.7635237,0.08207443
afrixnli_eng_146,0.80420583,-0.8923034
afrixnli_eng_147,0.80420583,-0.8923034
afrixnli_eng_148,0.80420583,-0.8923034
afrixnli_eng_149,0.70651853,-0.39941782
afrixnli_eng_15,0.7611757,-0.39170244
afrixnli_eng_150,0.80420583,-0.8923034
afrixnli_eng_151,0.7602274,-0.39185357
afrixnli_eng_152,0.6947077,0.9477968
afrixnli_eng_153,0.80420583,-0.8923034
afrixnli_eng_154,0.80420583,-0.8923034
afrixnli_eng_155,0.7479983,0.5339449
afrixnli_eng_156,0.7602274,-0.39185357
afrixnli_eng_157,0.70651853,-0.39941782
afrixnli_eng_158,0.80420583,-0.8923034
afrixnli_eng_159,0.69540447,0.056891445
afrixnli_eng_16,0.7611757,-0.39170244
afrixnli_eng_160,0.80420583,-0.8923034
afrixnli_eng_161,0.80420583,-0.8923034
afrixnli_eng_162,0.70651853,-0.39941782
afrixnli_eng_163,0.7479983,0.5339449
afrixnli_eng_164,0.80420583,-0.8923034
afrixnli_eng_165,0.7602274,-0.39185357
afrixnli_eng_166,0.80420583,-0.8923034
afrixnli_eng_167,0.70651853,-0.39941782
afrixnli_eng_168,0.80420583,-0.8923034
afrixnli_eng_169,0.7479983,0.5339449
afrixnli_eng_17,0.80420583,-0.8923034
afrixnli_eng_170,0.80420583,-0.8923034
afrixnli_eng_171,0.7602274,-0.39185357
afrixnli_eng_172,0.80420583,-0.8923034
afrixnli_eng_173,0.69565564,-0.40068328
afrixnli_eng_174,0.7635237,0.08207443
afrixnli_eng_175,0.7479983,0.5339449
afrixnli_eng_176,0.7602274,-0.39185357
afrixnli_eng_177,0.80420583,-0.8923034
afrixnli_eng_178,0.80420583,-0.8923034
afrixnli_eng_179,0.80420583,-0.8923034
afrixnli_eng_18,0.80420583,-0.8923034
afrixnli_eng_180,0.69565564,-0.40068328
afrixnli_eng_181,0.70651853,-0.39941782
afrixnli_eng_182,0.7611757,-0.39170244
afrixnli_eng_183,0.80420583,-0.8923034
afrixnli_eng_184,0.80420583,-0.8923034
afrixnli_eng_185,0.7611757,-0.39170244
afrixnli_eng_186,0.69565564,-0.40068328
afrixnli_eng_187,0.7635237,0.08207443
afrixnli_eng_188,0.70651853,-0.39941782
afrixnli_eng_189,0.80420583,-0.8923034
afrixnli_eng_19,0.80420583,-0.8923034
afrixnli_eng_190,0.80420583,-0.8923034
afrixnli_eng_191,0.80420583,-0.8923034
afrixnli_eng_192,0.69565564,-0.40068328
afrixnli_eng_193,0.7635237,0.08207443
afrixnli_eng_194,0.7479983,0.5339449
afrixnli_eng_195,0.7602274,-0.39185357
afrixnli_eng_196,0.70651853,-0.39941782
afrixnli_eng_197,0.80420583,-0.8923034
afrixnli_eng_198,0.80420583,-0.8923034
afrixnli_eng_199,0.80420583,-0.8923034
afrixnli_eng_2,0.7611757,-0.39170244
afrixnli_eng_20,0.7602274,-0.39185357
afrixnli_eng_200,0.69457096,0.056582592
afrixnli_eng_201,0.7635237,0.08207443
afrixnli_eng_202,0.69565564,-0.40068328
afrixnli_eng_203,0.80420583,-0.8923034
afrixnli_eng_204,0.69565564,-0.40068328
afrixnli_eng_205,0.7611757,-0.39170244
afrixnli_eng_206,0.7635237,0.08207443
afrixnli_eng_207,0.61893564,0.45720002
afrixnli_eng_208,0.6947077,0.9477968
afrixnli_eng_209,0.7611757,-0.39170244
afrixnli_eng_21,0.59398746,0.019788202
afrixnli_eng_210,0.7611757,-0.39170244
afrixnli_eng_211,0.69565564,-0.40068328
afrixnli_eng_212,0.7602274,-0.39185357
afrixnli_eng_213,0.7611757,-0.39170244
afrixnli_eng_214,0.63346595,0.89606524
afrixnli_eng_215,0.7611757,-0.39170244
afrixnli_eng_216,0.70651853,-0.39941782
afrixnli_eng_217,0.80420583,-0.8923034
afrixnli_eng_218,0.80420583,-0.8923034
afrixnli_eng_219,0.7611757,-0.39170244
afrixnli_eng_22,0.7611757,-0.39170244
afrixnli_eng_220,0.7602274,-0.39185357
afrixnli_eng_221,0.7635237,0.08207443
afrixnli_eng_222,0.7602274,-0.39185357
afrixnli_eng_223,0.80420583,-0.8923034
afrixnli_eng_224,0.80420583,-0.8923034
afrixnli_eng_225,0.80420583,-0.8923034
afrixnli_eng_226,0.80420583,-0.8923034
afrixnli_eng_227,0.7602274,-0.39185357
afrixnli_eng_228,0.7635237,0.08207443
afrixnli_eng_229,0.80420583,-0.8923034
afrixnli_eng_23,0.7059342,0.06079441
afrixnli_eng_230,0.80420583,-0.8923034
afrixnli_eng_231,0.80420583,-0.8923034
afrixnli_eng_232,0.7602274,-0.39185357
afrixnli_eng_233,0.7635237,0.08207443
afrixnli_eng_234,0.7611757,-0.39170244
afrixnli_eng_235,0.7635237,0.08207443
afrixnli_eng_236,0.7479983,0.5339449
afrixnli_eng_237,0.70679575,0.06111377
afrixnli_eng_238,0.80420583,-0.8923034
afrixnli_eng_239,0.63420725,0.89673305
afrixnli_eng_24,0.7602274,-0.39185357
afrixnli_eng_240,0.80420583,-0.8923034
afrixnli_eng_241,0.7467643,1.4440738
afrixnli_eng_242,0.7602274,-0.39185357
afrixnli_eng_243,0.69457096,0.056582592
afrixnli_eng_244,0.80420583,-0.8923034
afrixnli_eng_245,0.70651853,-0.39941782
afrixnli_eng_246,0.7602274,-0.39185357
afrixnli_eng_247,0.80420583,-0.8923034
afrixnli_eng_248,0.80420583,-0.8923034
afrixnli_eng_249,0.80420583,-0.8923034
afrixnli_eng_25,0.80420583,-0.8923034
afrixnli_eng_250,0.69565564,-0.40068328
afrixnli_eng_251,0.7467643,1.4440738
afrixnli_eng_252,0.80420583,-0.8923034
afrixnli_eng_253,0.70679575,0.06111377
afrixnli_eng_254,0.80420583,-0.8923034
afrixnli_eng_255,0.7602274,-0.39185357
afrixnli_eng_256,0.7602274,-0.39185357
afrixnli_eng_257,0.7611757,-0.39170244
afrixnli_eng_258,0.80420583,-0.8923034
afrixnli_eng_259,0.80420583,-0.8923034
afrixnli_eng_26,0.7479983,0.5339449
afrixnli_eng_260,0.80420583,-0.8923034
afrixnli_eng_261,0.7608128,0.996307
afrixnli_eng_262,0.69457096,0.056582592
afrixnli_eng_263,0.80420583,-0.8923034
afrixnli_eng_264,0.7611757,-0.39170244
afrixnli_eng_265,0.80420583,-0.8923034
afrixnli_eng_266,0.7479983,0.5339449
afrixnli_eng_267,0.80420583,-0.8923034
afrixnli_eng_268,0.7635237,0.08207443
afrixnli_eng_269,0.80420583,-0.8923034
afrixnli_eng_27,0.80420583,-0.8923034
afrixnli_eng_270,0.69565564,-0.40068328
afrixnli_eng_271,0.6947077,0.9477968
afrixnli_eng_272,0.80420583,-0.8923034
afrixnli_eng_273,0.80420583,-0.8923034
afrixnli_eng_274,0.80420583,-0.8923034
afrixnli_eng_275,0.7602274,-0.39185357
afrixnli_eng_276,0.69565564,-0.40068328
afrixnli_eng_277,0.80420583,-0.8923034
afrixnli_eng_278,0.7611757,-0.39170244
afrixnli_eng_279,0.70651853,-0.39941782
afrixnli_eng_28,0.80420583,-0.8923034
afrixnli_eng_280,0.80420583,-0.8923034
afrixnli_eng_281,0.80420583,-0.8923034
afrixnli_eng_282,0.80420583,-0.8923034
afrixnli_eng_283,0.80420583,-0.8923034
afrixnli_eng_284,0.7635237,0.08207443
afrixnli_eng_285,0.80420583,-0.8923034
afrixnli_eng_286,0.80420583,-0.8923034
afrixnli_eng_287,0.80420583,-0.8923034
afrixnli_eng_288,0.80420583,-0.8923034
afrixnli_eng_289,0.7602274,-0.39185357
afrixnli_eng_29,0.80420583,-0.8923034
afrixnli_eng_290,0.80420583,-0.8923034
afrixnli_eng_291,0.80420583,-0.8923034
afrixnli_eng_292,0.7611757,-0.39170244
afrixnli_eng_293,0.80420583,-0.8923034
afrixnli_eng_294,0.70679575,0.06111377
afrixnli_eng_295,0.7602274,-0.39185357
afrixnli_eng_296,0.80420583,-0.8923034
afrixnli_eng_297,0.80420583,-0.8923034
afrixnli_eng_298,0.59398746,0.019788202
afrixnli_eng_299,0.6947077,0.9477968
afrixnli_eng_3,0.80420583,-0.8923034
afrixnli_eng_30,0.63346595,0.89606524
afrixnli_eng_300,0.7635237,0.08207443
afrixnli_eng_301,0.80420583,-0.8923034
afrixnli_eng_302,0.80420583,-0.8923034
afrixnli_eng_303,0.7611757,-0.39170244
afrixnli_eng_304,0.80420583,-0.8923034
afrixnli_eng_305,0.80420583,-0.8923034
afrixnli_eng_306,0.80420583,-0.8923034
afrixnli_eng_307,0.80420583,-0.8923034
afrixnli_eng_308,0.70679575,0.06111377
afrixnli_eng_309,0.80420583,-0.8923034
afrixnli_eng_31,0.63420725,0.89673305
afrixnli_eng_310,0.80420583,-0.8923034
afrixnli_eng_311,0.7611757,-0.39170244
afrixnli_eng_312,0.80420583,-0.8923034
afrixnli_eng_313,0.64546615,-0.40515158
afrixnli_eng_314,0.80420583,-0.8923034
afrixnli_eng_315,0.80420583,-0.8923034
afrixnli_eng_316,0.7611757,-0.39170244
afrixnli_eng_317,0.69565564,-0.40068328
afrixnli_eng_318,0.7602274,-0.39185357
afrixnli_eng_319,0.64743423,0.03917148
afrixnli_eng_32,0.80420583,-0.8923034
afrixnli_eng_320,0.80420583,-0.8923034
afrixnli_eng_321,0.7611757,-0.39170244
afrixnli_eng_322,0.80420583,-0.8923034
afrixnli_eng_323,0.62822515,0.46321607
afrixnli_eng_324,0.80420583,-0.8923034
afrixnli_eng_325,0.80420583,-0.8923034
afrixnli_eng_326,0.7611757,-0.39170244
afrixnli_eng_327,0.80420583,-0.8923034
afrixnli_eng_328,0.7611757,-0.39170244
afrixnli_eng_329,0.80420583,-0.8923034
afrixnli_eng_33,0.7467643,1.4440738
afrixnli_eng_330,0.63420725,0.89673305
afrixnli_eng_331,0.80420583,-0.8923034
afrixnli_eng_332,0.6947077,0.9477968
afrixnli_eng_333,0.70679575,0.06111377
afrixnli_eng_334,0.80420583,-0.8923034
afrixnli_eng_335,0.80420583,-0.8923034
afrixnli_eng_336,0.70679575,0.06111377
afrixnli_eng_337,0.69565564,-0.40068328
afrixnli_eng_338,0.7611757,-0.39170244
afrixnli_eng_339,0.80420583,-0.8923034
afrixnli_eng_34,0.7611757,-0.39170244
afrixnli_eng_340,0.80420583,-0.8923034
afrixnli_eng_341,0.69565564,-0.40068328
afrixnli_eng_342,0.80420583,-0.8923034
afrixnli_eng_343,0.7635237,0.08207443
afrixnli_eng_344,0.69565564,-0.40068328
afrixnli_eng_345,0.80420583,-0.8923034
afrixnli_eng_346,0.80420583,-0.8923034
afrixnli_eng_347,0.68292916,0.9383759
afrixnli_eng_348,0.80420583,-0.8923034
afrixnli_eng_349,0.80420583,-0.8923034
afrixnli_eng_35,0.7635237,0.08207443
afrixnli_eng_350,0.7635237,0.08207443
afrixnli_eng_351,0.7479983,0.5339449
afrixnli_eng_352,0.57967764,0.43094468
afrixnli_eng_353,0.6182554,0.45675644
afrixnli_eng_354,0.7635237,0.08207443
afrixnli_eng_355,0.69457096,0.056582592
afrixnli_eng_356,0.80420583,-0.8923034
afrixnli_eng_357,0.80420583,-0.8923034
afrixnli_eng_358,0.80420583,-0.8923034
afrixnli_eng_359,0.7611757,-0.39170244
afrixnli_eng_36,0.80420583,-0.8923034
afrixnli_eng_360,0.7611757,-0.39170244
afrixnli_eng_361,0.69565564,-0.40068328
afrixnli_eng_362,0.7059342,0.06079441
afrixnli_eng_363,0.80420583,-0.8923034
afrixnli_eng_364,0.70679575,0.06111377
afrixnli_eng_365,0.80420583,-0.8923034
afrixnli_eng_366,0.70679575,0.06111377
afrixnli_eng_367,0.59398746,0.019788202
afrixnli_eng_368,0.7602274,-0.39185357
afrixnli_eng_369,0.7467643,1.4440738
afrixnli_eng_37,0.80420583,-0.8923034
afrixnli_eng_370,0.80420583,-0.8923034
afrixnli_eng_371,0.80420583,-0.8923034
afrixnli_eng_372,0.7611757,-0.39170244
afrixnli_eng_373,0.7635237,0.08207443
afrixnli_eng_374,0.7611757,-0.39170244
afrixnli_eng_375,0.7635237,0.08207443
afrixnli_eng_376,0.6182554,0.45675644
afrixnli_eng_377,0.64546615,-0.40515158
afrixnli_eng_378,0.7635237,0.08207443
afrixnli_eng_379,0.80420583,-0.8923034
afrixnli_eng_38,0.7611757,-0.39170244
afrixnli_eng_380,0.7611757,-0.39170244
afrixnli_eng_381,0.70651853,-0.39941782
afrixnli_eng_382,0.80420583,-0.8923034
afrixnli_eng_383,0.70651853,-0.39941782
afrixnli_eng_384,0.7611757,-0.39170244
afrixnli_eng_385,0.80420583,-0.8923034
afrixnli_eng_386,0.7602274,-0.39185357
afrixnli_eng_387,0.80420583,-0.8923034
afrixnli_eng_388,0.7611757,-0.39170244
afrixnli_eng_389,0.80420583,-0.8923034
afrixnli_eng_39,0.7602274,-0.39185357
afrixnli_eng_390,0.7611757,-0.39170244
afrixnli_eng_391,0.6182554,0.45675644
afrixnli_eng_392,0.7602274,-0.39185357
afrixnli_eng_393,0.7479983,0.5339449
afrixnli_eng_394,0.80420583,-0.8923034
afrixnli_eng_395,0.7602274,-0.39185357
afrixnli_eng_396,0.7602274,-0.39185357
afrixnli_eng_397,0.80420583,-0.8923034
afrixnli_eng_398,0.80420583,-0.8923034
afrixnli_eng_399,0.80420583,-0.8923034
afrixnli_eng_4,0.80420583,-0.8923034
afrixnli_eng_40,0.70679575,0.06111377
afrixnli_eng_400,0.80420583,-0.8923034
afrixnli_eng_401,0.80420583,-0.8923034
afrixnli_eng_402,0.80420583,-0.8923034
afrixnli_eng_403,0.80420583,-0.8923034
afrixnli_eng_404,0.7602274,-0.39185357
afrixnli_eng_405,0.80420583,-0.8923034
afrixnli_eng_406,0.7479983,0.5339449
afrixnli_eng_407,0.80420583,-0.8923034
afrixnli_eng_408,0.80420583,-0.8923034
afrixnli_eng_409,0.80420583,-0.8923034
afrixnli_eng_41,0.7602274,-0.39185357
afrixnli_eng_410,0.80420583,-0.8923034
afrixnli_eng_411,0.7602274,-0.39185357
afrixnli_eng_412,0.80420583,-0.8923034
afrixnli_eng_413,0.7635237,0.08207443
afrixnli_eng_414,0.7611757,-0.39170244
afrixnli_eng_415,0.69565564,-0.40068328
afrixnli_eng_416,0.7635237,0.08207443
afrixnli_eng_417,0.70651853,-0.39941782
afrixnli_eng_418,0.7635237,0.08207443
afrixnli_eng_419,0.80420583,-0.8923034
afrixnli_eng_42,0.7611757,-0.39170244
afrixnli_eng_420,0.80420583,-0.8923034
afrixnli_eng_421,0.64743423,0.03917148
afrixnli_eng_422,0.7602274,-0.39185357
afrixnli_eng_423,0.80420583,-0.8923034
afrixnli_eng_424,0.80420583,-0.8923034
afrixnli_eng_425,0.7611757,-0.39170244
afrixnli_eng_426,0.80420583,-0.8923034
afrixnli_eng_427,0.80420583,-0.8923034
afrixnli_eng_428,0.80420583,-0.8923034
afrixnli_eng_429,0.70651853,-0.39941782
afrixnli_eng_43,0.69565564,-0.40068328
afrixnli_eng_430,0.7059342,0.06079441
afrixnli_eng_431,0.69565564,-0.40068328
afrixnli_eng_432,0.70679575,0.06111377
afrixnli_eng_433,0.70679575,0.06111377
afrixnli_eng_434,0.80420583,-0.8923034
afrixnli_eng_435,0.80420583,-0.8923034
afrixnli_eng_436,0.80420583,-0.8923034
afrixnli_eng_437,0.80420583,-0.8923034
afrixnli_eng_438,0.70679575,0.06111377
afrixnli_eng_439,0.69457096,0.056582592
afrixnli_eng_44,0.7467643,1.4440738
afrixnli_eng_440,0.69565564,-0.40068328
afrixnli_eng_441,0.7611757,-0.39170244
afrixnli_eng_442,0.59398746,0.019788202
afrixnli_eng_443,0.67925465,0.49490166
afrixnli_eng_444,0.7635237,0.08207443
afrixnli_eng_445,0.80420583,-0.8923034
afrixnli_eng_446,0.80420583,-0.8923034
afrixnli_eng_447,0.7467643,1.4440738
afrixnli_eng_448,0.80420583,-0.8923034
afrixnli_eng_449,0.57967764,0.43094468
afrixnli_eng_45,0.7635237,0.08207443
afrixnli_eng_450,0.80420583,-0.8923034
afrixnli_eng_451,0.7635237,0.08207443
afrixnli_eng_452,0.80420583,-0.8923034
afrixnli_eng_453,0.7602274,-0.39185357
afrixnli_eng_454,0.80420583,-0.8923034
afrixnli_eng_455,0.69565564,-0.40068328
afrixnli_eng_456,0.7602274,-0.39185357
afrixnli_eng_457,0.80420583,-0.8923034
afrixnli_eng_458,0.80420583,-0.8923034
afrixnli_eng_459,0.61893564,0.45720002
afrixnli_eng_46,0.80420583,-0.8923034
afrixnli_eng_460,0.7479983,0.5339449
afrixnli_eng_461,0.70651853,-0.39941782
afrixnli_eng_462,0.80420583,-0.8923034
afrixnli_eng_463,0.61893564,0.45720002
afrixnli_eng_464,0.6743284,0.49194366
afrixnli_eng_465,0.80420583,-0.8923034
afrixnli_eng_466,0.80420583,-0.8923034
afrixnli_eng_467,0.7479983,0.5339449
afrixnli_eng_468,0.7635237,0.08207443
afrixnli_eng_469,0.80420583,-0.8923034
afrixnli_eng_47,0.80420583,-0.8923034
afrixnli_eng_470,0.80420583,-0.8923034
afrixnli_eng_471,0.80420583,-0.8923034
afrixnli_eng_472,0.70651853,-0.39941782
afrixnli_eng_473,0.80420583,-0.8923034
afrixnli_eng_474,0.7611757,-0.39170244
afrixnli_eng_475,0.7602274,-0.39185357
afrixnli_eng_476,0.80420583,-0.8923034
afrixnli_eng_477,0.80420583,-0.8923034
afrixnli_eng_478,0.7635237,0.08207443
afrixnli_eng_479,0.80420583,-0.8923034
afrixnli_eng_48,0.68292916,0.9383759
afrixnli_eng_480,0.7602274,-0.39185357
afrixnli_eng_481,0.7611757,-0.39170244
afrixnli_eng_482,0.80420583,-0.8923034
afrixnli_eng_483,0.7635237,0.08207443
afrixnli_eng_484,0.80420583,-0.8923034
afrixnli_eng_485,0.7635237,0.08207443
afrixnli_eng_486,0.7611757,-0.39170244
afrixnli_eng_487,0.80420583,-0.8923034
afrixnli_eng_488,0.80420583,-0.8923034
afrixnli_eng_489,0.7611757,-0.39170244
afrixnli_eng_49,0.69457096,0.056582592
afrixnli_eng_490,0.7635237,0.08207443
afrixnli_eng_491,0.7611757,-0.39170244
afrixnli_eng_492,0.7635237,0.08207443
afrixnli_eng_493,0.80420583,-0.8923034
afrixnli_eng_494,0.73473793,0.5267357
afrixnli_eng_495,0.70679575,0.06111377
afrixnli_eng_496,0.7611757,-0.39170244
afrixnli_eng_497,0.80420583,-0.8923034
afrixnli_eng_498,0.7635237,0.08207443
afrixnli_eng_499,0.7635237,0.08207443
afrixnli_eng_5,0.80420583,-0.8923034
afrixnli_eng_50,0.7635237,0.08207443
afrixnli_eng_500,0.80420583,-0.8923034
afrixnli_eng_501,0.7611757,-0.39170244
afrixnli_eng_502,0.69565564,-0.40068328
afrixnli_eng_503,0.7611757,-0.39170244
afrixnli_eng_504,0.7635237,0.08207443
afrixnli_eng_505,0.80420583,-0.8923034
afrixnli_eng_506,0.7611757,-0.39170244
afrixnli_eng_507,0.80420583,-0.8923034
afrixnli_eng_508,0.80420583,-0.8923034
afrixnli_eng_509,0.80420583,-0.8923034
afrixnli_eng_51,0.80420583,-0.8923034
afrixnli_eng_510,0.7611757,-0.39170244
afrixnli_eng_511,0.7602274,-0.39185357
afrixnli_eng_512,0.80420583,-0.8923034
afrixnli_eng_513,0.70679575,0.06111377
afrixnli_eng_514,0.80420583,-0.8923034
afrixnli_eng_515,0.69457096,0.056582592
afrixnli_eng_516,0.7635237,0.08207443
afrixnli_eng_517,0.7602274,-0.39185357
afrixnli_eng_518,0.80420583,-0.8923034
afrixnli_eng_519,0.80420583,-0.8923034
afrixnli_eng_52,0.80420583,-0.8923034
afrixnli_eng_520,0.7602274,-0.39185357
afrixnli_eng_521,0.70651853,-0.39941782
afrixnli_eng_522,0.70679575,0.06111377
afrixnli_eng_523,0.80420583,-0.8923034
afrixnli_eng_524,0.7611757,-0.39170244
afrixnli_eng_525,0.7635237,0.08207443
afrixnli_eng_526,0.7611757,-0.39170244
afrixnli_eng_527,0.80420583,-0.8923034
afrixnli_eng_528,0.80420583,-0.8923034
afrixnli_eng_529,0.80420583,-0.8923034
afrixnli_eng_53,0.80420583,-0.8923034
afrixnli_eng_530,0.80420583,-0.8923034
afrixnli_eng_531,0.7635237,0.08207443
afrixnli_eng_532,0.7602274,-0.39185357
afrixnli_eng_533,0.57967764,0.43094468
afrixnli_eng_534,0.7467643,1.4440738
afrixnli_eng_535,0.7467643,1.4440738
afrixnli_eng_536,0.7611757,-0.39170244
afrixnli_eng_537,0.69457096,0.056582592
afrixnli_eng_538,0.7635237,0.08207443
afrixnli_eng_539,0.7467643,1.4440738
afrixnli_eng_54,0.80420583,-0.8923034
afrixnli_eng_540,0.7479983,0.5339449
afrixnli_eng_541,0.80420583,-0.8923034
afrixnli_eng_542,0.80420583,-0.8923034
afrixnli_eng_543,0.64743423,0.03917148
afrixnli_eng_544,0.7602274,-0.39185357
afrixnli_eng_545,0.69565564,-0.40068328
afrixnli_eng_546,0.7611757,-0.39170244
afrixnli_eng_547,0.80420583,-0.8923034
afrixnli_eng_548,0.80420583,-0.8923034
afrixnli_eng_549,0.7602274,-0.39185357
afrixnli_eng_55,0.7611757,-0.39170244
afrixnli_eng_550,0.7602274,-0.39185357
afrixnli_eng_551,0.80420583,-0.8923034
afrixnli_eng_552,0.7467643,1.4440738
afrixnli_eng_553,0.70651853,-0.39941782
afrixnli_eng_554,0.7611757,-0.39170244
afrixnli_eng_555,0.80420583,-0.8923034
afrixnli_eng_556,0.80420583,-0.8923034
afrixnli_eng_557,0.7635237,0.08207443
afrixnli_eng_558,0.80420583,-0.8923034
afrixnli_eng_559,0.7635237,0.08207443
afrixnli_eng_56,0.70679575,0.06111377
afrixnli_eng_560,0.80420583,-0.8923034
afrixnli_eng_561,0.7602274,-0.39185357
afrixnli_eng_562,0.80420583,-0.8923034
afrixnli_eng_563,0.80420583,-0.8923034
afrixnli_eng_564,0.70679575,0.06111377
afrixnli_eng_565,0.69565564,-0.40068328
afrixnli_eng_566,0.69565564,-0.40068328
afrixnli_eng_567,0.7635237,0.08207443
afrixnli_eng_568,0.80420583,-0.8923034
afrixnli_eng_569,0.80420583,-0.8923034
afrixnli_eng_57,0.7635237,0.08207443
afrixnli_eng_570,0.80420583,-0.8923034
afrixnli_eng_571,0.80420583,-0.8923034
afrixnli_eng_572,0.7059342,0.06079441
afrixnli_eng_573,0.7479983,0.5339449
afrixnli_eng_574,0.63420725,0.89673305
afrixnli_eng_575,0.69565564,-0.40068328
afrixnli_eng_576,0.7602274,-0.39185357
afrixnli_eng_577,0.80420583,-0.8923034
afrixnli_eng_578,0.80420583,-0.8923034
afrixnli_eng_579,0.69565564,-0.40068328
afrixnli_eng_58,0.7479983,0.5339449
afrixnli_eng_580,0.80420583,-0.8923034
afrixnli_eng_581,0.7635237,0.08207443
afrixnli_eng_582,0.7611757,-0.39170244
afrixnli_eng_583,0.80420583,-0.8923034
afrixnli_eng_584,0.80420583,-0.8923034
afrixnli_eng_585,0.63420725,0.89673305
afrixnli_eng_586,0.59398746,0.019788202
afrixnli_eng_587,0.80420583,-0.8923034
afrixnli_eng_588,0.7635237,0.08207443
afrixnli_eng_589,0.7059342,0.06079441
afrixnli_eng_59,0.69565564,-0.40068328
afrixnli_eng_590,0.57967764,0.43094468
afrixnli_eng_591,0.80420583,-0.8923034
afrixnli_eng_592,0.7635237,0.08207443
afrixnli_eng_593,0.80420583,-0.8923034
afrixnli_eng_594,0.80420583,-0.8923034
afrixnli_eng_595,0.80420583,-0.8923034
afrixnli_eng_596,0.80420583,-0.8923034
afrixnli_eng_597,0.80420583,-0.8923034
afrixnli_eng_598,0.7635237,0.08207443
afrixnli_eng_599,0.57967764,0.43094468
afrixnli_eng_6,0.7635237,0.08207443
afrixnli_eng_60,0.6743284,0.49194366
afrixnli_eng_61,0.80420583,-0.8923034
afrixnli_eng_62,0.80420583,-0.8923034
afrixnli_eng_63,0.7602274,-0.39185357
afrixnli_eng_64,0.59398746,0.019788202
afrixnli_eng_65,0.73473793,0.5267357
afrixnli_eng_66,0.7602274,-0.39185357
afrixnli_eng_67,0.63420725,0.89673305
afrixnli_eng_68,0.63420725,0.89673305
afrixnli_eng_69,0.7635237,0.08207443
afrixnli_eng_7,0.7602274,-0.39185357
afrixnli_eng_70,0.7602274,-0.39185357
afrixnli_eng_71,0.80420583,-0.8923034
afrixnli_eng_72,0.7635237,0.08207443
afrixnli_eng_73,0.7059342,0.06079441
afrixnli_eng_74,0.80420583,-0.8923034
afrixnli_eng_75,0.80420583,-0.8923034
afrixnli_eng_76,0.6182554,0.45675644
afrixnli_eng_77,0.7602274,-0.39185357
afrixnli_eng_78,0.69565564,-0.40068328
afrixnli_eng_79,0.7602274,-0.39185357
afrixnli_eng_8,0.70679575,0.06111377
afrixnli_eng_80,0.7635237,0.08207443
afrixnli_eng_81,0.80420583,-0.8923034
afrixnli_eng_82,0.7611757,-0.39170244
afrixnli_eng_83,0.80420583,-0.8923034
afrixnli_eng_84,0.80420583,-0.8923034
afrixnli_eng_85,0.7479983,0.5339449
afrixnli_eng_86,0.7608128,0.996307
afrixnli_eng_87,0.7635237,0.08207443
afrixnli_eng_88,0.80420583,-0.8923034
afrixnli_eng_89,0.7479983,0.5339449
afrixnli_eng_9,0.7635237,0.08207443
afrixnli_eng_90,0.70651853,-0.39941782
afrixnli_eng_91,0.7602274,-0.39185357
afrixnli_eng_92,0.7611757,-0.39170244
afrixnli_eng_93,0.69565564,-0.40068328
afrixnli_eng_94,0.80420583,-0.8923034
afrixnli_eng_95,0.80420583,-0.8923034
afrixnli_eng_96,0.70679575,0.06111377
afrixnli_eng_97,0.70679575,0.06111377
afrixnli_eng_98,0.7611757,-0.39170244
afrixnli_eng_99,0.7467643,1.4440738
afrixnli_hau_0,0.7611757,-0.39170244
afrixnli_hau_1,0.80420583,-0.8923034
afrixnli_hau_10,0.7059342,0.06079441
afrixnli_hau_100,0.62752295,0.46276397
afrixnli_hau_101,0.7635237,0.08207443
afrixnli_hau_102,0.80420583,-0.8923034
afrixnli_hau_103,0.7611757,-0.39170244
afrixnli_hau_104,0.68292916,0.9383759
afrixnli_hau_105,0.7602274,-0.39185357
afrixnli_hau_106,0.7635237,0.08207443
afrixnli_hau_107,0.59398746,0.019788202
afrixnli_hau_108,0.7608128,0.996307
afrixnli_hau_109,0.57967764,0.43094468
afrixnli_hau_11,0.7602274,-0.39185357
afrixnli_hau_110,0.7635237,0.08207443
afrixnli_hau_111,0.70679575,0.06111377
afrixnli_hau_112,0.7479983,0.5339449
afrixnli_hau_113,0.69565564,-0.40068328
afrixnli_hau_114,0.7602274,-0.39185357
afrixnli_hau_115,0.7479983,0.5339449
afrixnli_hau_116,0.69457096,0.056582592
afrixnli_hau_117,0.7602274,-0.39185357
afrixnli_hau_118,0.80420583,-0.8923034
afrixnli_hau_119,0.7608128,0.996307
afrixnli_hau_12,0.7611757,-0.39170244
afrixnli_hau_120,0.61893564,0.45720002
afrixnli_hau_121,0.7479983,0.5339449
afrixnli_hau_122,0.69565564,-0.40068328
afrixnli_hau_123,0.80420583,-0.8923034
afrixnli_hau_124,0.80420583,-0.8923034
afrixnli_hau_125,0.6947077,0.9477968
afrixnli_hau_126,0.57967764,0.43094468
afrixnli_hau_127,0.70679575,0.06111377
afrixnli_hau_128,0.80420583,-0.8923034
afrixnli_hau_129,0.59398746,0.019788202
afrixnli_hau_13,0.7611757,-0.39170244
afrixnli_hau_130,0.7602274,-0.39185357
afrixnli_hau_131,0.80420583,-0.8923034
afrixnli_hau_132,0.64743423,0.03917148
afrixnli_hau_133,0.7635237,0.08207443
afrixnli_hau_134,0.69565564,-0.40068328
afrixnli_hau_135,0.57967764,0.43094468
afrixnli_hau_136,0.70651853,-0.39941782
afrixnli_hau_137,0.6947077,0.9477968
afrixnli_hau_138,0.63420725,0.89673305
afrixnli_hau_139,0.69457096,0.056582592
afrixnli_hau_14,0.7635237,0.08207443
afrixnli_hau_140,0.6947077,0.9477968
afrixnli_hau_141,0.7479983,0.5339449
afrixnli_hau_142,0.80420583,-0.8923034
afrixnli_hau_143,0.80420583,-0.8923034
afrixnli_hau_144,0.69565564,-0.40068328
afrixnli_hau_145,0.68292916,0.9383759
afrixnli_hau_146,0.7602274,-0.39185357
afrixnli_hau_147,0.80420583,-0.8923034
afrixnli_hau_148,0.7479983,0.5339449
afrixnli_hau_149,0.80420583,-0.8923034
afrixnli_hau_15,0.7611757,-0.39170244
afrixnli_hau_150,0.7602274,-0.39185357
afrixnli_hau_151,0.80420583,-0.8923034
afrixnli_hau_152,0.6743284,0.49194366
afrixnli_hau_153,0.57967764,0.43094468
afrixnli_hau_154,0.7602274,-0.39185357
afrixnli_hau_155,0.7611757,-0.39170244
afrixnli_hau_156,0.7611757,-0.39170244
afrixnli_hau_157,0.7611757,-0.39170244
afrixnli_hau_158,0.57967764,0.43094468
afrixnli_hau_159,0.63420725,0.89673305
afrixnli_hau_16,0.80420583,-0.8923034
afrixnli_hau_160,0.69565564,-0.40068328
afrixnli_hau_161,0.80420583,-0.8923034
afrixnli_hau_162,0.6800837,0.49539727
afrixnli_hau_163,0.7635237,0.08207443
afrixnli_hau_164,0.69565564,-0.40068328
afrixnli_hau_165,0.80420583,-0.8923034
afrixnli_hau_166,0.80420583,-0.8923034
afrixnli_hau_167,0.7602274,-0.39185357
afrixnli_hau_168,0.80420583,-0.8923034
afrixnli_hau_169,0.7635237,0.08207443
afrixnli_hau_17,0.64743423,0.03917148
afrixnli_hau_170,0.80420583,-0.8923034
afrixnli_hau_171,0.63346595,0.89606524
afrixnli_hau_172,0.7479983,0.5339449
afrixnli_hau_173,0.63420725,0.89673305
afrixnli_hau_174,0.80420583,-0.8923034
afrixnli_hau_175,0.7611757,-0.39170244
afrixnli_hau_176,0.7611757,-0.39170244
afrixnli_hau_177,0.6182554,0.45675644
afrixnli_hau_178,0.68292916,0.9383759
afrixnli_hau_179,0.7611757,-0.39170244
afrixnli_hau_18,0.7611757,-0.39170244
afrixnli_hau_180,0.67925465,0.49490166
afrixnli_hau_181,0.7479983,0.5339449
afrixnli_hau_182,0.7611757,-0.39170244
afrixnli_hau_183,0.7602274,-0.39185357
afrixnli_hau_184,0.7602274,-0.39185357
afrixnli_hau_185,0.7635237,0.08207443
afrixnli_hau_186,0.7611757,-0.39170244
afrixnli_hau_187,0.7611757,-0.39170244
afrixnli_hau_188,0.7479983,0.5339449
afrixnli_hau_189,0.69565564,-0.40068328
afrixnli_hau_19,0.7602274,-0.39185357
afrixnli_hau_190,0.70651853,-0.39941782
afrixnli_hau_191,0.80420583,-0.8923034
afrixnli_hau_192,0.80420583,-0.8923034
afrixnli_hau_193,0.7479983,0.5339449
afrixnli_hau_194,0.64743423,0.03917148
afrixnli_hau_195,0.64546615,-0.40515158
afrixnli_hau_196,0.7635237,0.08207443
afrixnli_hau_197,0.7602274,-0.39185357
afrixnli_hau_198,0.7602274,-0.39185357
afrixnli_hau_199,0.7635237,0.08207443
afrixnli_hau_2,0.7467643,1.4440738
afrixnli_hau_20,0.7602274,-0.39185357
afrixnli_hau_200,0.64743423,0.03917148
afrixnli_hau_201,0.70679575,0.06111377
afrixnli_hau_202,0.57967764,0.43094468
afrixnli_hau_203,0.7479983,0.5339449
afrixnli_hau_204,0.69565564,-0.40068328
afrixnli_hau_205,0.7611757,-0.39170244
afrixnli_hau_206,0.7635237,0.08207443
afrixnli_hau_207,0.80420583,-0.8923034
afrixnli_hau_208,0.7608128,0.996307
afrixnli_hau_209,0.7635237,0.08207443
afrixnli_hau_21,0.6182554,0.45675644
afrixnli_hau_210,0.62752295,0.46276397
afrixnli_hau_211,0.59398746,0.019788202
afrixnli_hau_212,0.69457096,0.056582592
afrixnli_hau_213,0.68292916,0.9383759
afrixnli_hau_214,0.6182554,0.45675644
afrixnli_hau_215,0.70679575,0.06111377
afrixnli_hau_216,0.70679575,0.06111377
afrixnli_hau_217,0.7602274,-0.39185357
afrixnli_hau_218,0.80420583,-0.8923034
afrixnli_hau_219,0.61893564,0.45720002
afrixnli_hau_22,0.7611757,-0.39170244
afrixnli_hau_220,0.7059342,0.06079441
afrixnli_hau_221,0.57967764,0.43094468
afrixnli_hau_222,0.7602274,-0.39185357
afrixnli_hau_223,0.7635237,0.08207443
afrixnli_hau_224,0.7608128,0.996307
afrixnli_hau_225,0.80420583,-0.8923034
afrixnli_hau_226,0.73473793,0.5267357
afrixnli_hau_227,0.7611757,-0.39170244
afrixnli_hau_228,0.80420583,-0.8923034
afrixnli_hau_229,0.7602274,-0.39185357
afrixnli_hau_23,0.80420583,-0.8923034
afrixnli_hau_230,0.80420583,-0.8923034
afrixnli_hau_231,0.69540447,0.056891445
afrixnli_hau_232,0.80420583,-0.8923034
afrixnli_hau_233,0.7635237,0.08207443
afrixnli_hau_234,0.73473793,0.5267357
afrixnli_hau_235,0.69540447,0.056891445
afrixnli_hau_236,0.7479983,0.5339449
afrixnli_hau_237,0.7059342,0.06079441
afrixnli_hau_238,0.6800837,0.49539727
afrixnli_hau_239,0.73473793,0.5267357
afrixnli_hau_24,0.7635237,0.08207443
afrixnli_hau_240,0.7635237,0.08207443
afrixnli_hau_241,0.59398746,0.019788202
afrixnli_hau_242,0.70651853,-0.39941782
afrixnli_hau_243,0.69565564,-0.40068328
afrixnli_hau_244,0.70679575,0.06111377
afrixnli_hau_245,0.80420583,-0.8923034
afrixnli_hau_246,0.80420583,-0.8923034
afrixnli_hau_247,0.80420583,-0.8923034
afrixnli_hau_248,0.7611757,-0.39170244
afrixnli_hau_249,0.80420583,-0.8923034
afrixnli_hau_25,0.59398746,0.019788202
afrixnli_hau_250,0.80420583,-0.8923034
afrixnli_hau_251,0.7608128,0.996307
afrixnli_hau_252,0.80420583,-0.8923034
afrixnli_hau_253,0.7635237,0.08207443
afrixnli_hau_254,0.80420583,-0.8923034
afrixnli_hau_255,0.7059342,0.06079441
afrixnli_hau_256,0.68292916,0.9383759
afrixnli_hau_257,0.80420583,-0.8923034
afrixnli_hau_258,0.80420583,-0.8923034
afrixnli_hau_259,0.80420583,-0.8923034
afrixnli_hau_26,0.7467643,1.4440738
afrixnli_hau_260,0.7635237,0.08207443
afrixnli_hau_261,0.7611757,-0.39170244
afrixnli_hau_262,0.64314777,0.03759825
afrixnli_hau_263,0.64743423,0.03917148
afrixnli_hau_264,0.7635237,0.08207443
afrixnli_hau_265,0.80420583,-0.8923034
afrixnli_hau_266,0.7635237,0.08207443
afrixnli_hau_267,0.7467643,1.4440738
afrixnli_hau_268,0.7611757,-0.39170244
afrixnli_hau_269,0.80420583,-0.8923034
afrixnli_hau_27,0.80420583,-0.8923034
afrixnli_hau_270,0.67925465,0.49490166
afrixnli_hau_271,0.7479983,0.5339449
afrixnli_hau_272,0.80420583,-0.8923034
afrixnli_hau_273,0.80420583,-0.8923034
afrixnli_hau_274,0.7467643,1.4440738
afrixnli_hau_275,0.7467643,1.4440738
afrixnli_hau_276,0.69565564,-0.40068328
afrixnli_hau_277,0.7602274,-0.39185357
afrixnli_hau_278,0.7611757,-0.39170244
afrixnli_hau_279,0.7479983,0.5339449
afrixnli_hau_28,0.69565564,-0.40068328
afrixnli_hau_280,0.80420583,-0.8923034
afrixnli_hau_281,0.69565564,-0.40068328
afrixnli_hau_282,0.7611757,-0.39170244
afrixnli_hau_283,0.69565564,-0.40068328
afrixnli_hau_284,0.7602274,-0.39185357
afrixnli_hau_285,0.7467643,1.4440738
afrixnli_hau_286,0.7059342,0.06079441
afrixnli_hau_287,0.7479983,0.5339449
afrixnli_hau_288,0.7602274,-0.39185357
afrixnli_hau_289,0.7635237,0.08207443
afrixnli_hau_29,0.80420583,-0.8923034
afrixnli_hau_290,0.80420583,-0.8923034
afrixnli_hau_291,0.69565564,-0.40068328
afrixnli_hau_292,0.7479983,0.5339449
afrixnli_hau_293,0.69565564,-0.40068328
afrixnli_hau_294,0.7635237,0.08207443
afrixnli_hau_295,0.7059342,0.06079441
afrixnli_hau_296,0.57967764,0.43094468
afrixnli_hau_297,0.7059342,0.06079441
afrixnli_hau_298,0.57967764,0.43094468
afrixnli_hau_299,0.6947077,0.9477968
afrixnli_hau_3,0.80420583,-0.8923034
afrixnli_hau_30,0.80420583,-0.8923034
afrixnli_hau_300,0.7635237,0.08207443
afrixnli_hau_301,0.80420583,-0.8923034
afrixnli_hau_302,0.69565564,-0.40068328
afrixnli_hau_303,0.6021625,0.022713147
afrixnli_hau_304,0.7602274,-0.39185357
afrixnli_hau_305,0.7635237,0.08207443
afrixnli_hau_306,0.59398746,0.019788202
afrixnli_hau_307,0.80420583,-0.8923034
afrixnli_hau_308,0.7479983,0.5339449
afrixnli_hau_309,0.80420583,-0.8923034
afrixnli_hau_31,0.7608128,0.996307
afrixnli_hau_310,0.7479983,0.5339449
afrixnli_hau_311,0.7635237,0.08207443
afrixnli_hau_312,0.69540447,0.056891445
afrixnli_hau_313,0.7602274,-0.39185357
afrixnli_hau_314,0.57967764,0.43094468
afrixnli_hau_315,0.7059342,0.06079441
afrixnli_hau_316,0.7611757,-0.39170244
afrixnli_hau_317,0.69540447,0.056891445
afrixnli_hau_318,0.7479983,0.5339449
afrixnli_hau_319,0.69565564,-0.40068328
afrixnli_hau_32,0.7602274,-0.39185357
afrixnli_hau_320,0.80420583,-0.8923034
afrixnli_hau_321,0.70651853,-0.39941782
afrixnli_hau_322,0.80420583,-0.8923034
afrixnli_hau_323,0.80420583,-0.8923034
afrixnli_hau_324,0.69457096,0.056582592
afrixnli_hau_325,0.80420583,-0.8923034
afrixnli_hau_326,0.6947077,0.9477968
afrixnli_hau_327,0.80420583,-0.8923034
afrixnli_hau_328,0.7479983,0.5339449
afrixnli_hau_329,0.57967764,0.43094468
afrixnli_hau_33,0.7467643,1.4440738
afrixnli_hau_330,0.7608128,0.996307
afrixnli_hau_331,0.7635237,0.08207443
afrixnli_hau_332,0.7479983,0.5339449
afrixnli_hau_333,0.7479983,0.5339449
afrixnli_hau_334,0.80420583,-0.8923034
afrixnli_hau_335,0.80420583,-0.8923034
afrixnli_hau_336,0.7479983,0.5339449
afrixnli_hau_337,0.69565564,-0.40068328
afrixnli_hau_338,0.6800837,0.49539727
afrixnli_hau_339,0.7635237,0.08207443
afrixnli_hau_34,0.69565564,-0.40068328
afrixnli_hau_340,0.80420583,-0.8923034
afrixnli_hau_341,0.6800837,0.49539727
afrixnli_hau_342,0.80420583,-0.8923034
afrixnli_hau_343,0.7608128,0.996307
afrixnli_hau_344,0.69565564,-0.40068328
afrixnli_hau_345,0.69565564,-0.40068328
afrixnli_hau_346,0.7059342,0.06079441
afrixnli_hau_347,0.63420725,0.89673305
afrixnli_hau_348,0.7059342,0.06079441
afrixnli_hau_349,0.70651853,-0.39941782
afrixnli_hau_35,0.7602274,-0.39185357
afrixnli_hau_350,0.80420583,-0.8923034
afrixnli_hau_351,0.7635237,0.08207443
afrixnli_hau_352,0.59398746,0.019788202
afrixnli_hau_353,0.80420583,-0.8923034
afrixnli_hau_354,0.7059342,0.06079441
afrixnli_hau_355,0.59398746,0.019788202
afrixnli_hau_356,0.7602274,-0.39185357
afrixnli_hau_357,0.7602274,-0.39185357
afrixnli_hau_358,0.80420583,-0.8923034
afrixnli_hau_359,0.6800837,0.49539727
afrixnli_hau_36,0.80420583,-0.8923034
afrixnli_hau_360,0.69540447,0.056891445
afrixnli_hau_361,0.69457096,0.056582592
afrixnli_hau_362,0.6947077,0.9477968
afrixnli_hau_363,0.7611757,-0.39170244
afrixnli_hau_364,0.7479983,0.5339449
afrixnli_hau_365,0.80420583,-0.8923034
afrixnli_hau_366,0.7611757,-0.39170244
afrixnli_hau_367,0.64743423,0.03917148
afrixnli_hau_368,0.7602274,-0.39185357
afrixnli_hau_369,0.63346595,0.89606524
afrixnli_hau_37,0.7479983,0.5339449
afrixnli_hau_370,0.69565564,-0.40068328
afrixnli_hau_371,0.64743423,0.03917148
afrixnli_hau_372,0.7479983,0.5339449
afrixnli_hau_373,0.7059342,0.06079441
afrixnli_hau_374,0.6182554,0.45675644
afrixnli_hau_375,0.80420583,-0.8923034
afrixnli_hau_376,0.69565564,-0.40068328
afrixnli_hau_377,0.7635237,0.08207443
afrixnli_hau_378,0.7635237,0.08207443
afrixnli_hau_379,0.80420583,-0.8923034
afrixnli_hau_38,0.6800837,0.49539727
afrixnli_hau_380,0.7611757,-0.39170244
afrixnli_hau_381,0.7602274,-0.39185357
afrixnli_hau_382,0.80420583,-0.8923034
afrixnli_hau_383,0.80420583,-0.8923034
afrixnli_hau_384,0.7602274,-0.39185357
afrixnli_hau_385,0.80420583,-0.8923034
afrixnli_hau_386,0.7611757,-0.39170244
afrixnli_hau_387,0.80420583,-0.8923034
afrixnli_hau_388,0.7635237,0.08207443
afrixnli_hau_389,0.7635237,0.08207443
afrixnli_hau_39,0.7602274,-0.39185357
afrixnli_hau_390,0.80420583,-0.8923034
afrixnli_hau_391,0.6182554,0.45675644
afrixnli_hau_392,0.69540447,0.056891445
afrixnli_hau_393,0.6947077,0.9477968
afrixnli_hau_394,0.80420583,-0.8923034
afrixnli_hau_395,0.63420725,0.89673305
afrixnli_hau_396,0.7608128,0.996307
afrixnli_hau_397,0.69565564,-0.40068328
afrixnli_hau_398,0.7467643,1.4440738
afrixnli_hau_399,0.70651853,-0.39941782
afrixnli_hau_4,0.80420583,-0.8923034
afrixnli_hau_40,0.7479983,0.5339449
afrixnli_hau_400,0.63420725,0.89673305
afrixnli_hau_401,0.7635237,0.08207443
afrixnli_hau_402,0.69565564,-0.40068328
afrixnli_hau_403,0.80420583,-0.8923034
afrixnli_hau_404,0.7479983,0.5339449
afrixnli_hau_405,0.7479983,0.5339449
afrixnli_hau_406,0.7479983,0.5339449
afrixnli_hau_407,0.80420583,-0.8923034
afrixnli_hau_408,0.7479983,0.5339449
afrixnli_hau_409,0.69565564,-0.40068328
afrixnli_hau_41,0.80420583,-0.8923034
afrixnli_hau_410,0.57967764,0.43094468
afrixnli_hau_411,0.80420583,-0.8923034
afrixnli_hau_412,0.69457096,0.056582592
afrixnli_hau_413,0.7479983,0.5339449
afrixnli_hau_414,0.7479983,0.5339449
afrixnli_hau_415,0.64743423,0.03917148
afrixnli_hau_416,0.64546615,-0.40515158
afrixnli_hau_417,0.62752295,0.46276397
afrixnli_hau_418,0.7479983,0.5339449
afrixnli_hau_419,0.80420583,-0.8923034
afrixnli_hau_42,0.7635237,0.08207443
afrixnli_hau_420,0.7059342,0.06079441
afrixnli_hau_421,0.57967764,0.43094468
afrixnli_hau_422,0.7467643,1.4440738
afrixnli_hau_423,0.7611757,-0.39170244
afrixnli_hau_424,0.80420583,-0.8923034
afrixnli_hau_425,0.7602274,-0.39185357
afrixnli_hau_426,0.7602274,-0.39185357
afrixnli_hau_427,0.80420583,-0.8923034
afrixnli_hau_428,0.80420583,-0.8923034
afrixnli_hau_429,0.7479983,0.5339449
afrixnli_hau_43,0.57967764,0.43094468
afrixnli_hau_430,0.70679575,0.06111377
afrixnli_hau_431,0.69540447,0.056891445
afrixnli_hau_432,0.70651853,-0.39941782
afrixnli_hau_433,0.7479983,0.5339449
afrixnli_hau_434,0.57967764,0.43094468
afrixnli_hau_435,0.6800837,0.49539727
afrixnli_hau_436,0.69457096,0.056582592
afrixnli_hau_437,0.7635237,0.08207443
afrixnli_hau_438,0.7635237,0.08207443
afrixnli_hau_439,0.68292916,0.9383759
afrixnli_hau_44,0.63420725,0.89673305
afrixnli_hau_440,0.6800837,0.49539727
afrixnli_hau_441,0.6947077,0.9477968
afrixnli_hau_442,0.69565564,-0.40068328
afrixnli_hau_443,0.7467643,1.4440738
afrixnli_hau_444,0.7479983,0.5339449
afrixnli_hau_445,0.69565564,-0.40068328
afrixnli_hau_446,0.80420583,-0.8923034
afrixnli_hau_447,0.63420725,0.89673305
afrixnli_hau_448,0.7479983,0.5339449
afrixnli_hau_449,0.69565564,-0.40068328
afrixnli_hau_45,0.7635237,0.08207443
afrixnli_hau_450,0.7602274,-0.39185357
afrixnli_hau_451,0.7059342,0.06079441
afrixnli_hau_452,0.80420583,-0.8923034
afrixnli_hau_453,0.7602274,-0.39185357
afrixnli_hau_454,0.80420583,-0.8923034
afrixnli_hau_455,0.59398746,0.019788202
afrixnli_hau_456,0.80420583,-0.8923034
afrixnli_hau_457,0.80420583,-0.8923034
afrixnli_hau_458,0.7635237,0.08207443
afrixnli_hau_459,0.7467643,1.4440738
afrixnli_hau_46,0.80420583,-0.8923034
afrixnli_hau_460,0.6947077,0.9477968
afrixnli_hau_461,0.57967764,0.43094468
afrixnli_hau_462,0.80420583,-0.8923034
afrixnli_hau_463,0.69565564,-0.40068328
afrixnli_hau_464,0.6947077,0.9477968
afrixnli_hau_465,0.7602274,-0.39185357
afrixnli_hau_466,0.80420583,-0.8923034
afrixnli_hau_467,0.7479983,0.5339449
afrixnli_hau_468,0.7635237,0.08207443
afrixnli_hau_469,0.64743423,0.03917148
afrixnli_hau_47,0.80420583,-0.8923034
afrixnli_hau_470,0.80420583,-0.8923034
afrixnli_hau_471,0.80420583,-0.8923034
afrixnli_hau_472,0.7635237,0.08207443
afrixnli_hau_473,0.80420583,-0.8923034
afrixnli_hau_474,0.7635237,0.08207443
afrixnli_hau_475,0.7635237,0.08207443
afrixnli_hau_476,0.80420583,-0.8923034
afrixnli_hau_477,0.7602274,-0.39185357
afrixnli_hau_478,0.7479983,0.5339449
afrixnli_hau_479,0.7611757,-0.39170244
afrixnli_hau_48,0.7467643,1.4440738
afrixnli_hau_480,0.7479983,0.5339449
afrixnli_hau_481,0.7635237,0.08207443
afrixnli_hau_482,0.80420583,-0.8923034
afrixnli_hau_483,0.69565564,-0.40068328
afrixnli_hau_484,0.6182554,0.45675644
afrixnli_hau_485,0.7479983,0.5339449
afrixnli_hau_486,0.7602274,-0.39185357
afrixnli_hau_487,0.80420583,-0.8923034
afrixnli_hau_488,0.7611757,-0.39170244
afrixnli_hau_489,0.69565564,-0.40068328
afrixnli_hau_49,0.70679575,0.06111377
afrixnli_hau_490,0.69540447,0.056891445
afrixnli_hau_491,0.7479983,0.5339449
afrixnli_hau_492,0.80420583,-0.8923034
afrixnli_hau_493,0.7467643,1.4440738
afrixnli_hau_494,0.7467643,1.4440738
afrixnli_hau_495,0.64743423,0.03917148
afrixnli_hau_496,0.7611757,-0.39170244
afrixnli_hau_497,0.80420583,-0.8923034
afrixnli_hau_498,0.7635237,0.08207443
afrixnli_hau_499,0.7611757,-0.39170244
afrixnli_hau_5,0.7611757,-0.39170244
afrixnli_hau_50,0.7602274,-0.39185357
afrixnli_hau_500,0.80420583,-0.8923034
afrixnli_hau_501,0.63420725,0.89673305
afrixnli_hau_502,0.69565564,-0.40068328
afrixnli_hau_503,0.7479983,0.5339449
afrixnli_hau_504,0.7602274,-0.39185357
afrixnli_hau_505,0.80420583,-0.8923034
afrixnli_hau_506,0.73473793,0.5267357
afrixnli_hau_507,0.69565564,-0.40068328
afrixnli_hau_508,0.7611757,-0.39170244
afrixnli_hau_509,0.7635237,0.08207443
afrixnli_hau_51,0.7635237,0.08207443
afrixnli_hau_510,0.7059342,0.06079441
afrixnli_hau_511,0.57967764,0.43094468
afrixnli_hau_512,0.69540447,0.056891445
afrixnli_hau_513,0.7479983,0.5339449
afrixnli_hau_514,0.69565564,-0.40068328
afrixnli_hau_515,0.6182554,0.45675644
afrixnli_hau_516,0.7635237,0.08207443
afrixnli_hau_517,0.7602274,-0.39185357
afrixnli_hau_518,0.80420583,-0.8923034
afrixnli_hau_519,0.80420583,-0.8923034
afrixnli_hau_52,0.57967764,0.43094468
afrixnli_hau_520,0.80420583,-0.8923034
afrixnli_hau_521,0.7059342,0.06079441
afrixnli_hau_522,0.7635237,0.08207443
afrixnli_hau_523,0.69457096,0.056582592
afrixnli_hau_524,0.69565564,-0.40068328
afrixnli_hau_525,0.70679575,0.06111377
afrixnli_hau_526,0.6743284,0.49194366
afrixnli_hau_527,0.63346595,0.89606524
afrixnli_hau_528,0.70679575,0.06111377
afrixnli_hau_529,0.7602274,-0.39185357
afrixnli_hau_53,0.70651853,-0.39941782
afrixnli_hau_530,0.80420583,-0.8923034
afrixnli_hau_531,0.7479983,0.5339449
afrixnli_hau_532,0.80420583,-0.8923034
afrixnli_hau_533,0.6182554,0.45675644
afrixnli_hau_534,0.59398746,0.019788202
afrixnli_hau_535,0.7467643,1.4440738
afrixnli_hau_536,0.7602274,-0.39185357
afrixnli_hau_537,0.69457096,0.056582592
afrixnli_hau_538,0.63420725,0.89673305
afrixnli_hau_539,0.7467643,1.4440738
afrixnli_hau_54,0.69565564,-0.40068328
afrixnli_hau_540,0.62752295,0.46276397
afrixnli_hau_541,0.69565564,-0.40068328
afrixnli_hau_542,0.73473793,0.5267357
afrixnli_hau_543,0.7602274,-0.39185357
afrixnli_hau_544,0.7611757,-0.39170244
afrixnli_hau_545,0.69565564,-0.40068328
afrixnli_hau_546,0.7608128,0.996307
afrixnli_hau_547,0.80420583,-0.8923034
afrixnli_hau_548,0.7611757,-0.39170244
afrixnli_hau_549,0.80420583,-0.8923034
afrixnli_hau_55,0.7602274,-0.39185357
afrixnli_hau_550,0.80420583,-0.8923034
afrixnli_hau_551,0.7602274,-0.39185357
afrixnli_hau_552,0.57967764,0.43094468
afrixnli_hau_553,0.7479983,0.5339449
afrixnli_hau_554,0.7611757,-0.39170244
afrixnli_hau_555,0.69457096,0.056582592
afrixnli_hau_556,0.7602274,-0.39185357
afrixnli_hau_557,0.7635237,0.08207443
afrixnli_hau_558,0.7602274,-0.39185357
afrixnli_hau_559,0.70679575,0.06111377
afrixnli_hau_56,0.69565564,-0.40068328
afrixnli_hau_560,0.7602274,-0.39185357
afrixnli_hau_561,0.7635237,0.08207443
afrixnli_hau_562,0.69540447,0.056891445
afrixnli_hau_563,0.80420583,-0.8923034
afrixnli_hau_564,0.7635237,0.08207443
afrixnli_hau_565,0.7635237,0.08207443
afrixnli_hau_566,0.80420583,-0.8923034
afrixnli_hau_567,0.7479983,0.5339449
afrixnli_hau_568,0.61893564,0.45720002
afrixnli_hau_569,0.69565564,-0.40068328
afrixnli_hau_57,0.62822515,0.46321607
afrixnli_hau_570,0.80420583,-0.8923034
afrixnli_hau_571,0.80420583,-0.8923034
afrixnli_hau_572,0.7602274,-0.39185357
afrixnli_hau_573,0.6947077,0.9477968
afrixnli_hau_574,0.70679575,0.06111377
afrixnli_hau_575,0.7602274,-0.39185357
afrixnli_hau_576,0.7467643,1.4440738
afrixnli_hau_577,0.63346595,0.89606524
afrixnli_hau_578,0.7602274,-0.39185357
afrixnli_hau_579,0.69457096,0.056582592
afrixnli_hau_58,0.68292916,0.9383759
afrixnli_hau_580,0.7608128,0.996307
afrixnli_hau_581,0.6947077,0.9477968
afrixnli_hau_582,0.7635237,0.08207443
afrixnli_hau_583,0.67925465,0.49490166
afrixnli_hau_584,0.69565564,-0.40068328
afrixnli_hau_585,0.7608128,0.996307
afrixnli_hau_586,0.64743423,0.03917148
afrixnli_hau_587,0.7635237,0.08207443
afrixnli_hau_588,0.80420583,-0.8923034
afrixnli_hau_589,0.7602274,-0.39185357
afrixnli_hau_59,0.6800837,0.49539727
afrixnli_hau_590,0.57967764,0.43094468
afrixnli_hau_591,0.69540447,0.056891445
afrixnli_hau_592,0.7479983,0.5339449
afrixnli_hau_593,0.7608128,0.996307
afrixnli_hau_594,0.69457096,0.056582592
afrixnli_hau_595,0.80420583,-0.8923034
afrixnli_hau_596,0.7479983,0.5339449
afrixnli_hau_597,0.7611757,-0.39170244
afrixnli_hau_598,0.70679575,0.06111377
afrixnli_hau_599,0.69565564,-0.40068328
afrixnli_hau_6,0.73473793,0.5267357
afrixnli_hau_60,0.7467643,1.4440738
afrixnli_hau_61,0.7611757,-0.39170244
afrixnli_hau_62,0.69457096,0.056582592
afrixnli_hau_63,0.7467643,1.4440738
afrixnli_hau_64,0.80420583,-0.8923034
afrixnli_hau_65,0.7611757,-0.39170244
afrixnli_hau_66,0.7602274,-0.39185357
afrixnli_hau_67,0.69565564,-0.40068328
afrixnli_hau_68,0.69457096,0.056582592
afrixnli_hau_69,0.7479983,0.5339449
afrixnli_hau_7,0.80420583,-0.8923034
afrixnli_hau_70,0.7611757,-0.39170244
afrixnli_hau_71,0.59398746,0.019788202
afrixnli_hau_72,0.6800837,0.49539727
afrixnli_hau_73,0.7635237,0.08207443
afrixnli_hau_74,0.63346595,0.89606524
afrixnli_hau_75,0.80420583,-0.8923034
afrixnli_hau_76,0.67925465,0.49490166
afrixnli_hau_77,0.80420583,-0.8923034
afrixnli_hau_78,0.6800837,0.49539727
afrixnli_hau_79,0.70651853,-0.39941782
afrixnli_hau_8,0.7479983,0.5339449
afrixnli_hau_80,0.7635237,0.08207443
afrixnli_hau_81,0.80420583,-0.8923034
afrixnli_hau_82,0.7611757,-0.39170244
afrixnli_hau_83,0.80420583,-0.8923034
afrixnli_hau_84,0.57967764,0.43094468
afrixnli_hau_85,0.7479983,0.5339449
afrixnli_hau_86,0.61893564,0.45720002
afrixnli_hau_87,0.70651853,-0.39941782
afrixnli_hau_88,0.69565564,-0.40068328
afrixnli_hau_89,0.7602274,-0.39185357
afrixnli_hau_9,0.7611757,-0.39170244
afrixnli_hau_90,0.80420583,-0.8923034
afrixnli_hau_91,0.7611757,-0.39170244
afrixnli_hau_92,0.73473793,0.5267357
afrixnli_hau_93,0.69540447,0.056891445
afrixnli_hau_94,0.7608128,0.996307
afrixnli_hau_95,0.80420583,-0.8923034
afrixnli_hau_96,0.7635237,0.08207443
afrixnli_hau_97,0.69565564,-0.40068328
afrixnli_hau_98,0.80420583,-0.8923034
afrixnli_hau_99,0.59398746,0.019788202
afrixnli_ibo_0,0.7611757,-0.39170244
afrixnli_ibo_1,0.63346595,0.89606524
afrixnli_ibo_10,0.7635237,0.08207443
afrixnli_ibo_100,0.63346595,0.89606524
afrixnli_ibo_101,0.69540447,0.056891445
afrixnli_ibo_102,0.69565564,-0.40068328
afrixnli_ibo_103,0.7635237,0.08207443
afrixnli_ibo_104,0.7467643,1.4440738
afrixnli_ibo_105,0.7635237,0.08207443
afrixnli_ibo_106,0.70679575,0.06111377
afrixnli_ibo_107,0.63420725,0.89673305
afrixnli_ibo_108,0.73473793,0.5267357
afrixnli_ibo_109,0.7611757,-0.39170244
afrixnli_ibo_11,0.80420583,-0.8923034
afrixnli_ibo_110,0.7635237,0.08207443
afrixnli_ibo_111,0.7611757,-0.39170244
afrixnli_ibo_112,0.7479983,0.5339449
afrixnli_ibo_113,0.80420583,-0.8923034
afrixnli_ibo_114,0.70651853,-0.39941782
afrixnli_ibo_115,0.6947077,0.9477968
afrixnli_ibo_116,0.69565564,-0.40068328
afrixnli_ibo_117,0.61893564,0.45720002
afrixnli_ibo_118,0.7602274,-0.39185357
afrixnli_ibo_119,0.69540447,0.056891445
afrixnli_ibo_12,0.70679575,0.06111377
afrixnli_ibo_120,0.69565564,-0.40068328
afrixnli_ibo_121,0.7602274,-0.39185357
afrixnli_ibo_122,0.80420583,-0.8923034
afrixnli_ibo_123,0.80420583,-0.8923034
afrixnli_ibo_124,0.69540447,0.056891445
afrixnli_ibo_125,0.7467643,1.4440738
afrixnli_ibo_126,0.59398746,0.019788202
afrixnli_ibo_127,0.7602274,-0.39185357
afrixnli_ibo_128,0.80420583,-0.8923034
afrixnli_ibo_129,0.69565564,-0.40068328
afrixnli_ibo_13,0.69565564,-0.40068328
afrixnli_ibo_130,0.7602274,-0.39185357
afrixnli_ibo_131,0.69540447,0.056891445
afrixnli_ibo_132,0.59398746,0.019788202
afrixnli_ibo_133,0.7479983,0.5339449
afrixnli_ibo_134,0.80420583,-0.8923034
afrixnli_ibo_135,0.80420583,-0.8923034
afrixnli_ibo_136,0.80420583,-0.8923034
afrixnli_ibo_137,0.7479983,0.5339449
afrixnli_ibo_138,0.7467643,1.4440738
afrixnli_ibo_139,0.7467643,1.4440738
afrixnli_ibo_14,0.7602274,-0.39185357
afrixnli_ibo_140,0.7635237,0.08207443
afrixnli_ibo_141,0.7635237,0.08207443
afrixnli_ibo_142,0.7611757,-0.39170244
afrixnli_ibo_143,0.80420583,-0.8923034
afrixnli_ibo_144,0.63420725,0.89673305
afrixnli_ibo_145,0.61893564,0.45720002
afrixnli_ibo_146,0.7479983,0.5339449
afrixnli_ibo_147,0.69565564,-0.40068328
afrixnli_ibo_148,0.7479983,0.5339449
afrixnli_ibo_149,0.80420583,-0.8923034
afrixnli_ibo_15,0.7611757,-0.39170244
afrixnli_ibo_150,0.7602274,-0.39185357
afrixnli_ibo_151,0.80420583,-0.8923034
afrixnli_ibo_152,0.6947077,0.9477968
afrixnli_ibo_153,0.63346595,0.89606524
afrixnli_ibo_154,0.73473793,0.5267357
afrixnli_ibo_155,0.7059342,0.06079441
afrixnli_ibo_156,0.7635237,0.08207443
afrixnli_ibo_157,0.70651853,-0.39941782
afrixnli_ibo_158,0.61893564,0.45720002
afrixnli_ibo_159,0.57967764,0.43094468
afrixnli_ibo_16,0.7611757,-0.39170244
afrixnli_ibo_160,0.69565564,-0.40068328
afrixnli_ibo_161,0.7611757,-0.39170244
afrixnli_ibo_162,0.80420583,-0.8923034
afrixnli_ibo_163,0.80420583,-0.8923034
afrixnli_ibo_164,0.69565564,-0.40068328
afrixnli_ibo_165,0.80420583,-0.8923034
afrixnli_ibo_166,0.7611757,-0.39170244
afrixnli_ibo_167,0.80420583,-0.8923034
afrixnli_ibo_168,0.80420583,-0.8923034
afrixnli_ibo_169,0.7479983,0.5339449
afrixnli_ibo_17,0.64743423,0.03917148
afrixnli_ibo_170,0.80420583,-0.8923034
afrixnli_ibo_171,0.7608128,0.996307
afrixnli_ibo_172,0.70679575,0.06111377
afrixnli_ibo_173,0.59398746,0.019788202
afrixnli_ibo_174,0.7602274,-0.39185357
afrixnli_ibo_175,0.70651853,-0.39941782
afrixnli_ibo_176,0.7635237,0.08207443
afrixnli_ibo_177,0.63346595,0.89606524
afrixnli_ibo_178,0.73473793,0.5267357
afrixnli_ibo_179,0.69565564,-0.40068328
afrixnli_ibo_18,0.7602274,-0.39185357
afrixnli_ibo_180,0.70651853,-0.39941782
afrixnli_ibo_181,0.7635237,0.08207443
afrixnli_ibo_182,0.7635237,0.08207443
afrixnli_ibo_183,0.70679575,0.06111377
afrixnli_ibo_184,0.69565564,-0.40068328
afrixnli_ibo_185,0.7611757,-0.39170244
afrixnli_ibo_186,0.80420583,-0.8923034
afrixnli_ibo_187,0.69540447,0.056891445
afrixnli_ibo_188,0.70679575,0.06111377
afrixnli_ibo_189,0.61893564,0.45720002
afrixnli_ibo_19,0.80420583,-0.8923034
afrixnli_ibo_190,0.7611757,-0.39170244
afrixnli_ibo_191,0.80420583,-0.8923034
afrixnli_ibo_192,0.7602274,-0.39185357
afrixnli_ibo_193,0.7611757,-0.39170244
afrixnli_ibo_194,0.70651853,-0.39941782
afrixnli_ibo_195,0.69565564,-0.40068328
afrixnli_ibo_196,0.7611757,-0.39170244
afrixnli_ibo_197,0.64743423,0.03917148
afrixnli_ibo_198,0.67925465,0.49490166
afrixnli_ibo_199,0.70651853,-0.39941782
afrixnli_ibo_2,0.7635237,0.08207443
afrixnli_ibo_20,0.80420583,-0.8923034
afrixnli_ibo_200,0.7608128,0.996307
afrixnli_ibo_201,0.63346595,0.89606524
afrixnli_ibo_202,0.68292916,0.9383759
afrixnli_ibo_203,0.70651853,-0.39941782
afrixnli_ibo_204,0.61893564,0.45720002
afrixnli_ibo_205,0.80420583,-0.8923034
afrixnli_ibo_206,0.7059342,0.06079441
afrixnli_ibo_207,0.59398746,0.019788202
afrixnli_ibo_208,0.57967764,0.43094468
afrixnli_ibo_209,0.7479983,0.5339449
afrixnli_ibo_21,0.69540447,0.056891445
afrixnli_ibo_210,0.70679575,0.06111377
afrixnli_ibo_211,0.7467643,1.4440738
afrixnli_ibo_212,0.69565564,-0.40068328
afrixnli_ibo_213,0.68292916,0.9383759
afrixnli_ibo_214,0.6182554,0.45675644
afrixnli_ibo_215,0.7479983,0.5339449
afrixnli_ibo_216,0.7479983,0.5339449
afrixnli_ibo_217,0.7602274,-0.39185357
afrixnli_ibo_218,0.80420583,-0.8923034
afrixnli_ibo_219,0.69540447,0.056891445
afrixnli_ibo_22,0.70679575,0.06111377
afrixnli_ibo_220,0.7602274,-0.39185357
afrixnli_ibo_221,0.73473793,0.5267357
afrixnli_ibo_222,0.7608128,0.996307
afrixnli_ibo_223,0.7059342,0.06079441
afrixnli_ibo_224,0.67925465,0.49490166
afrixnli_ibo_225,0.70651853,-0.39941782
afrixnli_ibo_226,0.68292916,0.9383759
afrixnli_ibo_227,0.7602274,-0.39185357
afrixnli_ibo_228,0.70679575,0.06111377
afrixnli_ibo_229,0.70651853,-0.39941782
afrixnli_ibo_23,0.80420583,-0.8923034
afrixnli_ibo_230,0.80420583,-0.8923034
afrixnli_ibo_231,0.69457096,0.056582592
afrixnli_ibo_232,0.7602274,-0.39185357
afrixnli_ibo_233,0.80420583,-0.8923034
afrixnli_ibo_234,0.7635237,0.08207443
afrixnli_ibo_235,0.7611757,-0.39170244
afrixnli_ibo_236,0.7479983,0.5339449
afrixnli_ibo_237,0.7635237,0.08207443
afrixnli_ibo_238,0.70651853,-0.39941782
afrixnli_ibo_239,0.64314777,0.03759825
afrixnli_ibo_24,0.7635237,0.08207443
afrixnli_ibo_240,0.7635237,0.08207443
afrixnli_ibo_241,0.7608128,0.996307
afrixnli_ibo_242,0.80420583,-0.8923034
afrixnli_ibo_243,0.69565564,-0.40068328
afrixnli_ibo_244,0.80420583,-0.8923034
afrixnli_ibo_245,0.7635237,0.08207443
afrixnli_ibo_246,0.80420583,-0.8923034
afrixnli_ibo_247,0.80420583,-0.8923034
afrixnli_ibo_248,0.7611757,-0.39170244
afrixnli_ibo_249,0.80420583,-0.8923034
afrixnli_ibo_25,0.7611757,-0.39170244
afrixnli_ibo_250,0.80420583,-0.8923034
afrixnli_ibo_251,0.7479983,0.5339449
afrixnli_ibo_252,0.80420583,-0.8923034
afrixnli_ibo_253,0.7635237,0.08207443
afrixnli_ibo_254,0.80420583,-0.8923034
afrixnli_ibo_255,0.69565564,-0.40068328
afrixnli_ibo_256,0.68292916,0.9383759
afrixnli_ibo_257,0.7635237,0.08207443
afrixnli_ibo_258,0.80420583,-0.8923034
afrixnli_ibo_259,0.7602274,-0.39185357
afrixnli_ibo_26,0.7059342,0.06079441
afrixnli_ibo_260,0.7611757,-0.39170244
afrixnli_ibo_261,0.6947077,0.9477968
afrixnli_ibo_262,0.62822515,0.46321607
afrixnli_ibo_263,0.7467643,1.4440738
afrixnli_ibo_264,0.68292916,0.9383759
afrixnli_ibo_265,0.69565564,-0.40068328
afrixnli_ibo_266,0.70679575,0.06111377
afrixnli_ibo_267,0.80420583,-0.8923034
afrixnli_ibo_268,0.7059342,0.06079441
afrixnli_ibo_269,0.7611757,-0.39170244
afrixnli_ibo_27,0.80420583,-0.8923034
afrixnli_ibo_270,0.7467643,1.4440738
afrixnli_ibo_271,0.7479983,0.5339449
afrixnli_ibo_272,0.70651853,-0.39941782
afrixnli_ibo_273,0.80420583,-0.8923034
afrixnli_ibo_274,0.7467643,1.4440738
afrixnli_ibo_275,0.7467643,1.4440738
afrixnli_ibo_276,0.7602274,-0.39185357
afrixnli_ibo_277,0.7602274,-0.39185357
afrixnli_ibo_278,0.70679575,0.06111377
afrixnli_ibo_279,0.7602274,-0.39185357
afrixnli_ibo_28,0.80420583,-0.8923034
afrixnli_ibo_280,0.80420583,-0.8923034
afrixnli_ibo_281,0.80420583,-0.8923034
afrixnli_ibo_282,0.80420583,-0.8923034
afrixnli_ibo_283,0.80420583,-0.8923034
afrixnli_ibo_284,0.7467643,1.4440738
afrixnli_ibo_285,0.7635237,0.08207443
afrixnli_ibo_286,0.7611757,-0.39170244
afrixnli_ibo_287,0.80420583,-0.8923034
afrixnli_ibo_288,0.80420583,-0.8923034
afrixnli_ibo_289,0.7479983,0.5339449
afrixnli_ibo_29,0.80420583,-0.8923034
afrixnli_ibo_290,0.68292916,0.9383759
afrixnli_ibo_291,0.7611757,-0.39170244
afrixnli_ibo_292,0.7635237,0.08207443
afrixnli_ibo_293,0.7602274,-0.39185357
afrixnli_ibo_294,0.7467643,1.4440738
afrixnli_ibo_295,0.63420725,0.89673305
afrixnli_ibo_296,0.7467643,1.4440738
afrixnli_ibo_297,0.7602274,-0.39185357
afrixnli_ibo_298,0.61893564,0.45720002
afrixnli_ibo_299,0.6947077,0.9477968
afrixnli_ibo_3,0.80420583,-0.8923034
afrixnli_ibo_30,0.69565564,-0.40068328
afrixnli_ibo_300,0.7611757,-0.39170244
afrixnli_ibo_301,0.69565564,-0.40068328
afrixnli_ibo_302,0.57967764,0.43094468
afrixnli_ibo_303,0.80420583,-0.8923034
afrixnli_ibo_304,0.7611757,-0.39170244
afrixnli_ibo_305,0.7602274,-0.39185357
afrixnli_ibo_306,0.80420583,-0.8923034
afrixnli_ibo_307,0.80420583,-0.8923034
afrixnli_ibo_308,0.7479983,0.5339449
afrixnli_ibo_309,0.80420583,-0.8923034
afrixnli_ibo_31,0.7467643,1.4440738
afrixnli_ibo_310,0.7611757,-0.39170244
afrixnli_ibo_311,0.69565564,-0.40068328
afrixnli_ibo_312,0.80420583,-0.8923034
afrixnli_ibo_313,0.62822515,0.46321607
afrixnli_ibo_314,0.64743423,0.03917148
afrixnli_ibo_315,0.7059342,0.06079441
afrixnli_ibo_316,0.69565564,-0.40068328
afrixnli_ibo_317,0.6800837,0.49539727
afrixnli_ibo_318,0.7635237,0.08207443
afrixnli_ibo_319,0.69565564,-0.40068328
afrixnli_ibo_32,0.80420583,-0.8923034
afrixnli_ibo_320,0.6800837,0.49539727
afrixnli_ibo_321,0.80420583,-0.8923034
afrixnli_ibo_322,0.80420583,-0.8923034
afrixnli_ibo_323,0.7602274,-0.39185357
afrixnli_ibo_324,0.69540447,0.056891445
afrixnli_ibo_325,0.80420583,-0.8923034
afrixnli_ibo_326,0.7479983,0.5339449
afrixnli_ibo_327,0.80420583,-0.8923034
afrixnli_ibo_328,0.7635237,0.08207443
afrixnli_ibo_329,0.69565564,-0.40068328
afrixnli_ibo_33,0.7635237,0.08207443
afrixnli_ibo_330,0.63420725,0.89673305
afrixnli_ibo_331,0.7602274,-0.39185357
afrixnli_ibo_332,0.7479983,0.5339449
afrixnli_ibo_333,0.7479983,0.5339449
afrixnli_ibo_334,0.80420583,-0.8923034
afrixnli_ibo_335,0.80420583,-0.8923034
afrixnli_ibo_336,0.7479983,0.5339449
afrixnli_ibo_337,0.57967764,0.43094468
afrixnli_ibo_338,0.59398746,0.019788202
afrixnli_ibo_339,0.7635237,0.08207443
afrixnli_ibo_34,0.7611757,-0.39170244
afrixnli_ibo_340,0.70651853,-0.39941782
afrixnli_ibo_341,0.69540447,0.056891445
afrixnli_ibo_342,0.80420583,-0.8923034
afrixnli_ibo_343,0.7479983,0.5339449
afrixnli_ibo_344,0.69540447,0.056891445
afrixnli_ibo_345,0.69565564,-0.40068328
afrixnli_ibo_346,0.7602274,-0.39185357
afrixnli_ibo_347,0.7467643,1.4440738
afrixnli_ibo_348,0.80420583,-0.8923034
afrixnli_ibo_349,0.80420583,-0.8923034
afrixnli_ibo_35,0.80420583,-0.8923034
afrixnli_ibo_350,0.7602274,-0.39185357
afrixnli_ibo_351,0.7479983,0.5339449
afrixnli_ibo_352,0.70679575,0.06111377
afrixnli_ibo_353,0.7602274,-0.39185357
afrixnli_ibo_354,0.7635237,0.08207443
afrixnli_ibo_355,0.69457096,0.056582592
afrixnli_ibo_356,0.80420583,-0.8923034
afrixnli_ibo_357,0.80420583,-0.8923034
afrixnli_ibo_358,0.7602274,-0.39185357
afrixnli_ibo_359,0.7635237,0.08207443
afrixnli_ibo_36,0.80420583,-0.8923034
afrixnli_ibo_360,0.73473793,0.5267357
afrixnli_ibo_361,0.7602274,-0.39185357
afrixnli_ibo_362,0.7611757,-0.39170244
afrixnli_ibo_363,0.7602274,-0.39185357
afrixnli_ibo_364,0.70651853,-0.39941782
afrixnli_ibo_365,0.69565564,-0.40068328
afrixnli_ibo_366,0.7635237,0.08207443
afrixnli_ibo_367,0.64743423,0.03917148
afrixnli_ibo_368,0.80420583,-0.8923034
afrixnli_ibo_369,0.61893564,0.45720002
afrixnli_ibo_37,0.7611757,-0.39170244
afrixnli_ibo_370,0.7611757,-0.39170244
afrixnli_ibo_371,0.7059342,0.06079441
afrixnli_ibo_372,0.70679575,0.06111377
afrixnli_ibo_373,0.62752295,0.46276397
afrixnli_ibo_374,0.69565564,-0.40068328
afrixnli_ibo_375,0.80420583,-0.8923034
afrixnli_ibo_376,0.7602274,-0.39185357
afrixnli_ibo_377,0.64546615,-0.40515158
afrixnli_ibo_378,0.7635237,0.08207443
afrixnli_ibo_379,0.80420583,-0.8923034
afrixnli_ibo_38,0.7611757,-0.39170244
afrixnli_ibo_380,0.7611757,-0.39170244
afrixnli_ibo_381,0.7602274,-0.39185357
afrixnli_ibo_382,0.80420583,-0.8923034
afrixnli_ibo_383,0.70651853,-0.39941782
afrixnli_ibo_384,0.70679575,0.06111377
afrixnli_ibo_385,0.6182554,0.45675644
afrixnli_ibo_386,0.80420583,-0.8923034
afrixnli_ibo_387,0.80420583,-0.8923034
afrixnli_ibo_388,0.7635237,0.08207443
afrixnli_ibo_389,0.80420583,-0.8923034
afrixnli_ibo_39,0.80420583,-0.8923034
afrixnli_ibo_390,0.70651853,-0.39941782
afrixnli_ibo_391,0.69565564,-0.40068328
afrixnli_ibo_392,0.7602274,-0.39185357
afrixnli_ibo_393,0.62752295,0.46276397
afrixnli_ibo_394,0.7602274,-0.39185357
afrixnli_ibo_395,0.7611757,-0.39170244
afrixnli_ibo_396,0.80420583,-0.8923034
afrixnli_ibo_397,0.7635237,0.08207443
afrixnli_ibo_398,0.70679575,0.06111377
afrixnli_ibo_399,0.80420583,-0.8923034
afrixnli_ibo_4,0.7611757,-0.39170244
afrixnli_ibo_40,0.7059342,0.06079441
afrixnli_ibo_400,0.7467643,1.4440738
afrixnli_ibo_401,0.7602274,-0.39185357
afrixnli_ibo_402,0.80420583,-0.8923034
afrixnli_ibo_403,0.80420583,-0.8923034
afrixnli_ibo_404,0.7635237,0.08207443
afrixnli_ibo_405,0.80420583,-0.8923034
afrixnli_ibo_406,0.70679575,0.06111377
afrixnli_ibo_407,0.7602274,-0.39185357
afrixnli_ibo_408,0.7635237,0.08207443
afrixnli_ibo_409,0.69457096,0.056582592
afrixnli_ibo_41,0.80420583,-0.8923034
afrixnli_ibo_410,0.64743423,0.03917148
afrixnli_ibo_411,0.7059342,0.06079441
afrixnli_ibo_412,0.69457096,0.056582592
afrixnli_ibo_413,0.7479983,0.5339449
afrixnli_ibo_414,0.7635237,0.08207443
afrixnli_ibo_415,0.69565564,-0.40068328
afrixnli_ibo_416,0.70679575,0.06111377
afrixnli_ibo_417,0.64743423,0.03917148
afrixnli_ibo_418,0.61893564,0.45720002
afrixnli_ibo_419,0.80420583,-0.8923034
afrixnli_ibo_42,0.7635237,0.08207443
afrixnli_ibo_420,0.7479983,0.5339449
afrixnli_ibo_421,0.57967764,0.43094468
afrixnli_ibo_422,0.7611757,-0.39170244
afrixnli_ibo_423,0.7467643,1.4440738
afrixnli_ibo_424,0.80420583,-0.8923034
afrixnli_ibo_425,0.7635237,0.08207443
afrixnli_ibo_426,0.7602274,-0.39185357
afrixnli_ibo_427,0.80420583,-0.8923034
afrixnli_ibo_428,0.7611757,-0.39170244
afrixnli_ibo_429,0.7479983,0.5339449
afrixnli_ibo_43,0.63346595,0.89606524
afrixnli_ibo_430,0.70651853,-0.39941782
afrixnli_ibo_431,0.69540447,0.056891445
afrixnli_ibo_432,0.7059342,0.06079441
afrixnli_ibo_433,0.70651853,-0.39941782
afrixnli_ibo_434,0.80420583,-0.8923034
afrixnli_ibo_435,0.7602274,-0.39185357
afrixnli_ibo_436,0.80420583,-0.8923034
afrixnli_ibo_437,0.80420583,-0.8923034
afrixnli_ibo_438,0.7479983,0.5339449
afrixnli_ibo_439,0.64743423,0.03917148
afrixnli_ibo_44,0.57967764,0.43094468
afrixnli_ibo_440,0.69540447,0.056891445
afrixnli_ibo_441,0.7611757,-0.39170244
afrixnli_ibo_442,0.80420583,-0.8923034
afrixnli_ibo_443,0.70679575,0.06111377
afrixnli_ibo_444,0.70679575,0.06111377
afrixnli_ibo_445,0.80420583,-0.8923034
afrixnli_ibo_446,0.7602274,-0.39185357
afrixnli_ibo_447,0.63420725,0.89673305
afrixnli_ibo_448,0.7479983,0.5339449
afrixnli_ibo_449,0.7467643,1.4440738
afrixnli_ibo_45,0.80420583,-0.8923034
afrixnli_ibo_450,0.64743423,0.03917148
afrixnli_ibo_451,0.7635237,0.08207443
afrixnli_ibo_452,0.70651853,-0.39941782
afrixnli_ibo_453,0.7479983,0.5339449
afrixnli_ibo_454,0.80420583,-0.8923034
afrixnli_ibo_455,0.69565564,-0.40068328
afrixnli_ibo_456,0.80420583,-0.8923034
afrixnli_ibo_457,0.80420583,-0.8923034
afrixnli_ibo_458,0.7635237,0.08207443
afrixnli_ibo_459,0.61893564,0.45720002
afrixnli_ibo_46,0.69565564,-0.40068328
afrixnli_ibo_460,0.7479983,0.5339449
afrixnli_ibo_461,0.70651853,-0.39941782
afrixnli_ibo_462,0.80420583,-0.8923034
afrixnli_ibo_463,0.69565564,-0.40068328
afrixnli_ibo_464,0.7479983,0.5339449
afrixnli_ibo_465,0.80420583,-0.8923034
afrixnli_ibo_466,0.80420583,-0.8923034
afrixnli_ibo_467,0.7611757,-0.39170244
afrixnli_ibo_468,0.7479983,0.5339449
afrixnli_ibo_469,0.7467643,1.4440738
afrixnli_ibo_47,0.80420583,-0.8923034
afrixnli_ibo_470,0.80420583,-0.8923034
afrixnli_ibo_471,0.7602274,-0.39185357
afrixnli_ibo_472,0.70651853,-0.39941782
afrixnli_ibo_473,0.7611757,-0.39170244
afrixnli_ibo_474,0.70651853,-0.39941782
afrixnli_ibo_475,0.7635237,0.08207443
afrixnli_ibo_476,0.80420583,-0.8923034
afrixnli_ibo_477,0.80420583,-0.8923034
afrixnli_ibo_478,0.7479983,0.5339449
afrixnli_ibo_479,0.70679575,0.06111377
afrixnli_ibo_48,0.63420725,0.89673305
afrixnli_ibo_480,0.7635237,0.08207443
afrixnli_ibo_481,0.7611757,-0.39170244
afrixnli_ibo_482,0.80420583,-0.8923034
afrixnli_ibo_483,0.69457096,0.056582592
afrixnli_ibo_484,0.80420583,-0.8923034
afrixnli_ibo_485,0.7479983,0.5339449
afrixnli_ibo_486,0.7602274,-0.39185357
afrixnli_ibo_487,0.80420583,-0.8923034
afrixnli_ibo_488,0.7611757,-0.39170244
afrixnli_ibo_489,0.7635237,0.08207443
afrixnli_ibo_49,0.69565564,-0.40068328
afrixnli_ibo_490,0.7602274,-0.39185357
afrixnli_ibo_491,0.70679575,0.06111377
afrixnli_ibo_492,0.80420583,-0.8923034
afrixnli_ibo_493,0.7467643,1.4440738
afrixnli_ibo_494,0.7467643,1.4440738
afrixnli_ibo_495,0.6800837,0.49539727
afrixnli_ibo_496,0.7479983,0.5339449
afrixnli_ibo_497,0.57967764,0.43094468
afrixnli_ibo_498,0.7611757,-0.39170244
afrixnli_ibo_499,0.64743423,0.03917148
afrixnli_ibo_5,0.7602274,-0.39185357
afrixnli_ibo_50,0.7635237,0.08207443
afrixnli_ibo_500,0.69540447,0.056891445
afrixnli_ibo_501,0.7635237,0.08207443
afrixnli_ibo_502,0.63420725,0.89673305
afrixnli_ibo_503,0.70679575,0.06111377
afrixnli_ibo_504,0.7479983,0.5339449
afrixnli_ibo_505,0.80420583,-0.8923034
afrixnli_ibo_506,0.7611757,-0.39170244
afrixnli_ibo_507,0.7611757,-0.39170244
afrixnli_ibo_508,0.80420583,-0.8923034
afrixnli_ibo_509,0.7602274,-0.39185357
afrixnli_ibo_51,0.7059342,0.06079441
afrixnli_ibo_510,0.7479983,0.5339449
afrixnli_ibo_511,0.67925465,0.49490166
afrixnli_ibo_512,0.61893564,0.45720002
afrixnli_ibo_513,0.7479983,0.5339449
afrixnli_ibo_514,0.80420583,-0.8923034
afrixnli_ibo_515,0.7467643,1.4440738
afrixnli_ibo_516,0.7635237,0.08207443
afrixnli_ibo_517,0.80420583,-0.8923034
afrixnli_ibo_518,0.80420583,-0.8923034
afrixnli_ibo_519,0.80420583,-0.8923034
afrixnli_ibo_52,0.80420583,-0.8923034
afrixnli_ibo_520,0.7602274,-0.39185357
afrixnli_ibo_521,0.7602274,-0.39185357
afrixnli_ibo_522,0.7479983,0.5339449
afrixnli_ibo_523,0.80420583,-0.8923034
afrixnli_ibo_524,0.7602274,-0.39185357
afrixnli_ibo_525,0.80420583,-0.8923034
afrixnli_ibo_526,0.62822515,0.46321607
afrixnli_ibo_527,0.80420583,-0.8923034
afrixnli_ibo_528,0.70679575,0.06111377
afrixnli_ibo_529,0.80420583,-0.8923034
afrixnli_ibo_53,0.7635237,0.08207443
afrixnli_ibo_530,0.80420583,-0.8923034
afrixnli_ibo_531,0.7635237,0.08207443
afrixnli_ibo_532,0.7635237,0.08207443
afrixnli_ibo_533,0.6182554,0.45675644
afrixnli_ibo_534,0.59398746,0.019788202
afrixnli_ibo_535,0.7467643,1.4440738
afrixnli_ibo_536,0.7602274,-0.39185357
afrixnli_ibo_537,0.59398746,0.019788202
afrixnli_ibo_538,0.7479983,0.5339449
afrixnli_ibo_539,0.7608128,0.996307
afrixnli_ibo_54,0.7611757,-0.39170244
afrixnli_ibo_540,0.7479983,0.5339449
afrixnli_ibo_541,0.69565564,-0.40068328
afrixnli_ibo_542,0.7602274,-0.39185357
afrixnli_ibo_543,0.80420583,-0.8923034
afrixnli_ibo_544,0.7635237,0.08207443
afrixnli_ibo_545,0.69565564,-0.40068328
afrixnli_ibo_546,0.7611757,-0.39170244
afrixnli_ibo_547,0.7602274,-0.39185357
afrixnli_ibo_548,0.69565564,-0.40068328
afrixnli_ibo_549,0.80420583,-0.8923034
afrixnli_ibo_55,0.7602274,-0.39185357
afrixnli_ibo_550,0.73473793,0.5267357
afrixnli_ibo_551,0.7602274,-0.39185357
afrixnli_ibo_552,0.63346595,0.89606524
afrixnli_ibo_553,0.80420583,-0.8923034
afrixnli_ibo_554,0.6947077,0.9477968
afrixnli_ibo_555,0.69565564,-0.40068328
afrixnli_ibo_556,0.70651853,-0.39941782
afrixnli_ibo_557,0.7479983,0.5339449
afrixnli_ibo_558,0.80420583,-0.8923034
afrixnli_ibo_559,0.64743423,0.03917148
afrixnli_ibo_56,0.69457096,0.056582592
afrixnli_ibo_560,0.80420583,-0.8923034
afrixnli_ibo_561,0.7479983,0.5339449
afrixnli_ibo_562,0.80420583,-0.8923034
afrixnli_ibo_563,0.7635237,0.08207443
afrixnli_ibo_564,0.7479983,0.5339449
afrixnli_ibo_565,0.73473793,0.5267357
afrixnli_ibo_566,0.63346595,0.89606524
afrixnli_ibo_567,0.7479983,0.5339449
afrixnli_ibo_568,0.68292916,0.9383759
afrixnli_ibo_569,0.69565564,-0.40068328
afrixnli_ibo_57,0.7059342,0.06079441
afrixnli_ibo_570,0.64743423,0.03917148
afrixnli_ibo_571,0.80420583,-0.8923034
afrixnli_ibo_572,0.70651853,-0.39941782
afrixnli_ibo_573,0.7635237,0.08207443
afrixnli_ibo_574,0.7467643,1.4440738
afrixnli_ibo_575,0.80420583,-0.8923034
afrixnli_ibo_576,0.63346595,0.89606524
afrixnli_ibo_577,0.73473793,0.5267357
afrixnli_ibo_578,0.80420583,-0.8923034
afrixnli_ibo_579,0.69565564,-0.40068328
afrixnli_ibo_58,0.7467643,1.4440738
afrixnli_ibo_580,0.6800837,0.49539727
afrixnli_ibo_581,0.7479983,0.5339449
afrixnli_ibo_582,0.7611757,-0.39170244
afrixnli_ibo_583,0.7479983,0.5339449
afrixnli_ibo_584,0.7611757,-0.39170244
afrixnli_ibo_585,0.7608128,0.996307
afrixnli_ibo_586,0.69540447,0.056891445
afrixnli_ibo_587,0.80420583,-0.8923034
afrixnli_ibo_588,0.70651853,-0.39941782
afrixnli_ibo_589,0.7611757,-0.39170244
afrixnli_ibo_59,0.69565564,-0.40068328
afrixnli_ibo_590,0.57967764,0.43094468
afrixnli_ibo_591,0.69565564,-0.40068328
afrixnli_ibo_592,0.7611757,-0.39170244
afrixnli_ibo_593,0.70679575,0.06111377
afrixnli_ibo_594,0.80420583,-0.8923034
afrixnli_ibo_595,0.80420583,-0.8923034
afrixnli_ibo_596,0.7611757,-0.39170244
afrixnli_ibo_597,0.7611757,-0.39170244
afrixnli_ibo_598,0.7611757,-0.39170244
afrixnli_ibo_599,0.69565564,-0.40068328
afrixnli_ibo_6,0.7635237,0.08207443
afrixnli_ibo_60,0.7635237,0.08207443
afrixnli_ibo_61,0.80420583,-0.8923034
afrixnli_ibo_62,0.69565564,-0.40068328
afrixnli_ibo_63,0.7635237,0.08207443
afrixnli_ibo_64,0.80420583,-0.8923034
afrixnli_ibo_65,0.7635237,0.08207443
afrixnli_ibo_66,0.7635237,0.08207443
afrixnli_ibo_67,0.7467643,1.4440738
afrixnli_ibo_68,0.7467643,1.4440738
afrixnli_ibo_69,0.7059342,0.06079441
afrixnli_ibo_7,0.7611757,-0.39170244
afrixnli_ibo_70,0.80420583,-0.8923034
afrixnli_ibo_71,0.70651853,-0.39941782
afrixnli_ibo_72,0.7467643,1.4440738
afrixnli_ibo_73,0.7059342,0.06079441
afrixnli_ibo_74,0.57967764,0.43094468
afrixnli_ibo_75,0.69457096,0.056582592
afrixnli_ibo_76,0.7467643,1.4440738
afrixnli_ibo_77,0.80420583,-0.8923034
afrixnli_ibo_78,0.7467643,1.4440738
afrixnli_ibo_79,0.7059342,0.06079441
afrixnli_ibo_8,0.7479983,0.5339449
afrixnli_ibo_80,0.64743423,0.03917148
afrixnli_ibo_81,0.7059342,0.06079441
afrixnli_ibo_82,0.7635237,0.08207443
afrixnli_ibo_83,0.70679575,0.06111377
afrixnli_ibo_84,0.61893564,0.45720002
afrixnli_ibo_85,0.7635237,0.08207443
afrixnli_ibo_86,0.6182554,0.45675644
afrixnli_ibo_87,0.64743423,0.03917148
afrixnli_ibo_88,0.69565564,-0.40068328
afrixnli_ibo_89,0.7479983,0.5339449
afrixnli_ibo_9,0.7611757,-0.39170244
afrixnli_ibo_90,0.80420583,-0.8923034
afrixnli_ibo_91,0.7479983,0.5339449
afrixnli_ibo_92,0.7467643,1.4440738
afrixnli_ibo_93,0.69565564,-0.40068328
afrixnli_ibo_94,0.80420583,-0.8923034
afrixnli_ibo_95,0.7635237,0.08207443
afrixnli_ibo_96,0.7635237,0.08207443
afrixnli_ibo_97,0.80420583,-0.8923034
afrixnli_ibo_98,0.69565564,-0.40068328
afrixnli_ibo_99,0.61893564,0.45720002
afrixnli_kin_0,0.7611757,-0.39170244
afrixnli_kin_1,0.63420725,0.89673305
afrixnli_kin_10,0.7059342,0.06079441
afrixnli_kin_100,0.63346595,0.89606524
afrixnli_kin_101,0.7479983,0.5339449
afrixnli_kin_102,0.69540447,0.056891445
afrixnli_kin_103,0.7059342,0.06079441
afrixnli_kin_104,0.73473793,0.5267357
afrixnli_kin_105,0.7611757,-0.39170244
afrixnli_kin_106,0.69540447,0.056891445
afrixnli_kin_107,0.61893564,0.45720002
afrixnli_kin_108,0.69540447,0.056891445
afrixnli_kin_109,0.80420583,-0.8923034
afrixnli_kin_11,0.59398746,0.019788202
afrixnli_kin_110,0.7059342,0.06079441
afrixnli_kin_111,0.7635237,0.08207443
afrixnli_kin_112,0.7479983,0.5339449
afrixnli_kin_113,0.80420583,-0.8923034
afrixnli_kin_114,0.80420583,-0.8923034
afrixnli_kin_115,0.63346595,0.89606524
afrixnli_kin_116,0.7611757,-0.39170244
afrixnli_kin_117,0.7059342,0.06079441
afrixnli_kin_118,0.6947077,0.9477968
afrixnli_kin_119,0.7467643,1.4440738
afrixnli_kin_12,0.70679575,0.06111377
afrixnli_kin_120,0.59398746,0.019788202
afrixnli_kin_121,0.7602274,-0.39185357
afrixnli_kin_122,0.73473793,0.5267357
afrixnli_kin_123,0.7608128,0.996307
afrixnli_kin_124,0.7611757,-0.39170244
afrixnli_kin_125,0.62822515,0.46321607
afrixnli_kin_126,0.57967764,0.43094468
afrixnli_kin_127,0.7602274,-0.39185357
afrixnli_kin_128,0.80420583,-0.8923034
afrixnli_kin_129,0.7608128,0.996307
afrixnli_kin_13,0.7635237,0.08207443
afrixnli_kin_130,0.7602274,-0.39185357
afrixnli_kin_131,0.69565564,-0.40068328
afrixnli_kin_132,0.64743423,0.03917148
afrixnli_kin_133,0.7635237,0.08207443
afrixnli_kin_134,0.80420583,-0.8923034
afrixnli_kin_135,0.80420583,-0.8923034
afrixnli_kin_136,0.70651853,-0.39941782
afrixnli_kin_137,0.7635237,0.08207443
afrixnli_kin_138,0.63420725,0.89673305
afrixnli_kin_139,0.7467643,1.4440738
afrixnli_kin_14,0.7635237,0.08207443
afrixnli_kin_140,0.7479983,0.5339449
afrixnli_kin_141,0.7479983,0.5339449
afrixnli_kin_142,0.80420583,-0.8923034
afrixnli_kin_143,0.80420583,-0.8923034
afrixnli_kin_144,0.63346595,0.89606524
afrixnli_kin_145,0.69565564,-0.40068328
afrixnli_kin_146,0.7059342,0.06079441
afrixnli_kin_147,0.59398746,0.019788202
afrixnli_kin_148,0.7479983,0.5339449
afrixnli_kin_149,0.64743423,0.03917148
afrixnli_kin_15,0.69540447,0.056891445
afrixnli_kin_150,0.7611757,-0.39170244
afrixnli_kin_151,0.7635237,0.08207443
afrixnli_kin_152,0.6947077,0.9477968
afrixnli_kin_153,0.7608128,0.996307
afrixnli_kin_154,0.7479983,0.5339449
afrixnli_kin_155,0.7635237,0.08207443
afrixnli_kin_156,0.7611757,-0.39170244
afrixnli_kin_157,0.7059342,0.06079441
afrixnli_kin_158,0.63420725,0.89673305
afrixnli_kin_159,0.57967764,0.43094468
afrixnli_kin_16,0.7635237,0.08207443
afrixnli_kin_160,0.80420583,-0.8923034
afrixnli_kin_161,0.7635237,0.08207443
afrixnli_kin_162,0.80420583,-0.8923034
afrixnli_kin_163,0.7479983,0.5339449
afrixnli_kin_164,0.69565564,-0.40068328
afrixnli_kin_165,0.80420583,-0.8923034
afrixnli_kin_166,0.80420583,-0.8923034
afrixnli_kin_167,0.7602274,-0.39185357
afrixnli_kin_168,0.59398746,0.019788202
afrixnli_kin_169,0.7635237,0.08207443
afrixnli_kin_17,0.69540447,0.056891445
afrixnli_kin_170,0.80420583,-0.8923034
afrixnli_kin_171,0.73473793,0.5267357
afrixnli_kin_172,0.7059342,0.06079441
afrixnli_kin_173,0.57967764,0.43094468
afrixnli_kin_174,0.80420583,-0.8923034
afrixnli_kin_175,0.7479983,0.5339449
afrixnli_kin_176,0.7635237,0.08207443
afrixnli_kin_177,0.7635237,0.08207443
afrixnli_kin_178,0.7635237,0.08207443
afrixnli_kin_179,0.80420583,-0.8923034
afrixnli_kin_18,0.7611757,-0.39170244
afrixnli_kin_180,0.7611757,-0.39170244
afrixnli_kin_181,0.7059342,0.06079441
afrixnli_kin_182,0.7635237,0.08207443
afrixnli_kin_183,0.7635237,0.08207443
afrixnli_kin_184,0.70651853,-0.39941782
afrixnli_kin_185,0.7635237,0.08207443
afrixnli_kin_186,0.7611757,-0.39170244
afrixnli_kin_187,0.7059342,0.06079441
afrixnli_kin_188,0.7635237,0.08207443
afrixnli_kin_189,0.7467643,1.4440738
afrixnli_kin_19,0.69565564,-0.40068328
afrixnli_kin_190,0.80420583,-0.8923034
afrixnli_kin_191,0.7602274,-0.39185357
afrixnli_kin_192,0.80420583,-0.8923034
afrixnli_kin_193,0.7602274,-0.39185357
afrixnli_kin_194,0.7602274,-0.39185357
afrixnli_kin_195,0.7602274,-0.39185357
afrixnli_kin_196,0.7479983,0.5339449
afrixnli_kin_197,0.69540447,0.056891445
afrixnli_kin_198,0.70679575,0.06111377
afrixnli_kin_199,0.7059342,0.06079441
afrixnli_kin_2,0.7602274,-0.39185357
afrixnli_kin_20,0.7635237,0.08207443
afrixnli_kin_200,0.7608128,0.996307
afrixnli_kin_201,0.7467643,1.4440738
afrixnli_kin_202,0.61893564,0.45720002
afrixnli_kin_203,0.7059342,0.06079441
afrixnli_kin_204,0.61893564,0.45720002
afrixnli_kin_205,0.7635237,0.08207443
afrixnli_kin_206,0.7059342,0.06079441
afrixnli_kin_207,0.59398746,0.019788202
afrixnli_kin_208,0.63346595,0.89606524
afrixnli_kin_209,0.7059342,0.06079441
afrixnli_kin_21,0.63420725,0.89673305
afrixnli_kin_210,0.7479983,0.5339449
afrixnli_kin_211,0.69565564,-0.40068328
afrixnli_kin_212,0.80420583,-0.8923034
afrixnli_kin_213,0.7467643,1.4440738
afrixnli_kin_214,0.57967764,0.43094468
afrixnli_kin_215,0.7635237,0.08207443
afrixnli_kin_216,0.7479983,0.5339449
afrixnli_kin_217,0.7635237,0.08207443
afrixnli_kin_218,0.80420583,-0.8923034
afrixnli_kin_219,0.61893564,0.45720002
afrixnli_kin_22,0.7059342,0.06079441
afrixnli_kin_220,0.7059342,0.06079441
afrixnli_kin_221,0.7467643,1.4440738
afrixnli_kin_222,0.7467643,1.4440738
afrixnli_kin_223,0.7059342,0.06079441
afrixnli_kin_224,0.63420725,0.89673305
afrixnli_kin_225,0.80420583,-0.8923034
afrixnli_kin_226,0.7635237,0.08207443
afrixnli_kin_227,0.7611757,-0.39170244
afrixnli_kin_228,0.7635237,0.08207443
afrixnli_kin_229,0.7059342,0.06079441
afrixnli_kin_23,0.69565564,-0.40068328
afrixnli_kin_230,0.80420583,-0.8923034
afrixnli_kin_231,0.64743423,0.03917148
afrixnli_kin_232,0.80420583,-0.8923034
afrixnli_kin_233,0.7467643,1.4440738
afrixnli_kin_234,0.63420725,0.89673305
afrixnli_kin_235,0.68292916,0.9383759
afrixnli_kin_236,0.6947077,0.9477968
afrixnli_kin_237,0.7059342,0.06079441
afrixnli_kin_238,0.73473793,0.5267357
afrixnli_kin_239,0.69540447,0.056891445
afrixnli_kin_24,0.7635237,0.08207443
afrixnli_kin_240,0.70679575,0.06111377
afrixnli_kin_241,0.73473793,0.5267357
afrixnli_kin_242,0.80420583,-0.8923034
afrixnli_kin_243,0.69565564,-0.40068328
afrixnli_kin_244,0.7602274,-0.39185357
afrixnli_kin_245,0.7635237,0.08207443
afrixnli_kin_246,0.7611757,-0.39170244
afrixnli_kin_247,0.80420583,-0.8923034
afrixnli_kin_248,0.7635237,0.08207443
afrixnli_kin_249,0.70651853,-0.39941782
afrixnli_kin_25,0.63420725,0.89673305
afrixnli_kin_250,0.69565564,-0.40068328
afrixnli_kin_251,0.7608128,0.996307
afrixnli_kin_252,0.64743423,0.03917148
afrixnli_kin_253,0.7479983,0.5339449
afrixnli_kin_254,0.80420583,-0.8923034
afrixnli_kin_255,0.7611757,-0.39170244
afrixnli_kin_256,0.80420583,-0.8923034
afrixnli_kin_257,0.7602274,-0.39185357
afrixnli_kin_258,0.80420583,-0.8923034
afrixnli_kin_259,0.7602274,-0.39185357
afrixnli_kin_26,0.7059342,0.06079441
afrixnli_kin_260,0.7611757,-0.39170244
afrixnli_kin_261,0.70679575,0.06111377
afrixnli_kin_262,0.7635237,0.08207443
afrixnli_kin_263,0.70679575,0.06111377
afrixnli_kin_264,0.80420583,-0.8923034
afrixnli_kin_265,0.69565564,-0.40068328
afrixnli_kin_266,0.7479983,0.5339449
afrixnli_kin_267,0.80420583,-0.8923034
afrixnli_kin_268,0.7479983,0.5339449
afrixnli_kin_269,0.7611757,-0.39170244
afrixnli_kin_27,0.7611757,-0.39170244
afrixnli_kin_270,0.64743423,0.03917148
afrixnli_kin_271,0.7479983,0.5339449
afrixnli_kin_272,0.7602274,-0.39185357
afrixnli_kin_273,0.7059342,0.06079441
afrixnli_kin_274,0.69540447,0.056891445
afrixnli_kin_275,0.7608128,0.996307
afrixnli_kin_276,0.7608128,0.996307
afrixnli_kin_277,0.80420583,-0.8923034
afrixnli_kin_278,0.7479983,0.5339449
afrixnli_kin_279,0.7602274,-0.39185357
afrixnli_kin_28,0.80420583,-0.8923034
afrixnli_kin_280,0.80420583,-0.8923034
afrixnli_kin_281,0.80420583,-0.8923034
afrixnli_kin_282,0.7611757,-0.39170244
afrixnli_kin_283,0.7635237,0.08207443
afrixnli_kin_284,0.6424385,0.037338115
afrixnli_kin_285,0.80420583,-0.8923034
afrixnli_kin_286,0.7635237,0.08207443
afrixnli_kin_287,0.70679575,0.06111377
afrixnli_kin_288,0.7611757,-0.39170244
afrixnli_kin_289,0.7479983,0.5339449
afrixnli_kin_29,0.80420583,-0.8923034
afrixnli_kin_290,0.6182554,0.45675644
afrixnli_kin_291,0.80420583,-0.8923034
afrixnli_kin_292,0.7635237,0.08207443
afrixnli_kin_293,0.80420583,-0.8923034
afrixnli_kin_294,0.6947077,0.9477968
afrixnli_kin_295,0.7635237,0.08207443
afrixnli_kin_296,0.80420583,-0.8923034
afrixnli_kin_297,0.7611757,-0.39170244
afrixnli_kin_298,0.61893564,0.45720002
afrixnli_kin_299,0.6947077,0.9477968
afrixnli_kin_3,0.7602274,-0.39185357
afrixnli_kin_30,0.69565564,-0.40068328
afrixnli_kin_300,0.70651853,-0.39941782
afrixnli_kin_301,0.80420583,-0.8923034
afrixnli_kin_302,0.63346595,0.89606524
afrixnli_kin_303,0.70679575,0.06111377
afrixnli_kin_304,0.7059342,0.06079441
afrixnli_kin_305,0.7635237,0.08207443
afrixnli_kin_306,0.64743423,0.03917148
afrixnli_kin_307,0.80420583,-0.8923034
afrixnli_kin_308,0.7479983,0.5339449
afrixnli_kin_309,0.80420583,-0.8923034
afrixnli_kin_31,0.7608128,0.996307
afrixnli_kin_310,0.6947077,0.9477968
afrixnli_kin_311,0.69540447,0.056891445
afrixnli_kin_312,0.80420583,-0.8923034
afrixnli_kin_313,0.7059342,0.06079441
afrixnli_kin_314,0.69565564,-0.40068328
afrixnli_kin_315,0.7479983,0.5339449
afrixnli_kin_316,0.7602274,-0.39185357
afrixnli_kin_317,0.69457096,0.056582592
afrixnli_kin_318,0.7611757,-0.39170244
afrixnli_kin_319,0.70651853,-0.39941782
afrixnli_kin_32,0.7635237,0.08207443
afrixnli_kin_320,0.7635237,0.08207443
afrixnli_kin_321,0.7611757,-0.39170244
afrixnli_kin_322,0.7611757,-0.39170244
afrixnli_kin_323,0.80420583,-0.8923034
afrixnli_kin_324,0.80420583,-0.8923034
afrixnli_kin_325,0.7611757,-0.39170244
afrixnli_kin_326,0.7059342,0.06079441
afrixnli_kin_327,0.69457096,0.056582592
afrixnli_kin_328,0.7479983,0.5339449
afrixnli_kin_329,0.57967764,0.43094468
afrixnli_kin_33,0.7635237,0.08207443
afrixnli_kin_330,0.7467643,1.4440738
afrixnli_kin_331,0.62822515,0.46321607
afrixnli_kin_332,0.7479983,0.5339449
afrixnli_kin_333,0.7635237,0.08207443
afrixnli_kin_334,0.80420583,-0.8923034
afrixnli_kin_335,0.80420583,-0.8923034
afrixnli_kin_336,0.7479983,0.5339449
afrixnli_kin_337,0.59398746,0.019788202
afrixnli_kin_338,0.68292916,0.9383759
afrixnli_kin_339,0.7611757,-0.39170244
afrixnli_kin_34,0.6182554,0.45675644
afrixnli_kin_340,0.80420583,-0.8923034
afrixnli_kin_341,0.69540447,0.056891445
afrixnli_kin_342,0.80420583,-0.8923034
afrixnli_kin_343,0.7611757,-0.39170244
afrixnli_kin_344,0.7467643,1.4440738
afrixnli_kin_345,0.6800837,0.49539727
afrixnli_kin_346,0.7602274,-0.39185357
afrixnli_kin_347,0.73473793,0.5267357
afrixnli_kin_348,0.57967764,0.43094468
afrixnli_kin_349,0.63420725,0.89673305
afrixnli_kin_35,0.80420583,-0.8923034
afrixnli_kin_350,0.7602274,-0.39185357
afrixnli_kin_351,0.62822515,0.46321607
afrixnli_kin_352,0.6800837,0.49539727
afrixnli_kin_353,0.7479983,0.5339449
afrixnli_kin_354,0.70679575,0.06111377
afrixnli_kin_355,0.63346595,0.89606524
afrixnli_kin_356,0.7635237,0.08207443
afrixnli_kin_357,0.7602274,-0.39185357
afrixnli_kin_358,0.80420583,-0.8923034
afrixnli_kin_359,0.7635237,0.08207443
afrixnli_kin_36,0.80420583,-0.8923034
afrixnli_kin_360,0.7467643,1.4440738
afrixnli_kin_361,0.63420725,0.89673305
afrixnli_kin_362,0.7602274,-0.39185357
afrixnli_kin_363,0.69457096,0.056582592
afrixnli_kin_364,0.70651853,-0.39941782
afrixnli_kin_365,0.7602274,-0.39185357
afrixnli_kin_366,0.70679575,0.06111377
afrixnli_kin_367,0.80420583,-0.8923034
afrixnli_kin_368,0.7635237,0.08207443
afrixnli_kin_369,0.7479983,0.5339449
afrixnli_kin_37,0.7479983,0.5339449
afrixnli_kin_370,0.70651853,-0.39941782
afrixnli_kin_371,0.67925465,0.49490166
afrixnli_kin_372,0.73473793,0.5267357
afrixnli_kin_373,0.62752295,0.46276397
afrixnli_kin_374,0.7611757,-0.39170244
afrixnli_kin_375,0.7611757,-0.39170244
afrixnli_kin_376,0.7602274,-0.39185357
afrixnli_kin_377,0.62752295,0.46276397
afrixnli_kin_378,0.7611757,-0.39170244
afrixnli_kin_379,0.69457096,0.056582592
afrixnli_kin_38,0.70679575,0.06111377
afrixnli_kin_380,0.7608128,0.996307
afrixnli_kin_381,0.69565564,-0.40068328
afrixnli_kin_382,0.80420583,-0.8923034
afrixnli_kin_383,0.70679575,0.06111377
afrixnli_kin_384,0.7635237,0.08207443
afrixnli_kin_385,0.57967764,0.43094468
afrixnli_kin_386,0.69540447,0.056891445
afrixnli_kin_387,0.7602274,-0.39185357
afrixnli_kin_388,0.70679575,0.06111377
afrixnli_kin_389,0.80420583,-0.8923034
afrixnli_kin_39,0.80420583,-0.8923034
afrixnli_kin_390,0.70651853,-0.39941782
afrixnli_kin_391,0.7467643,1.4440738
afrixnli_kin_392,0.7635237,0.08207443
afrixnli_kin_393,0.7479983,0.5339449
afrixnli_kin_394,0.69540447,0.056891445
afrixnli_kin_395,0.7611757,-0.39170244
afrixnli_kin_396,0.7467643,1.4440738
afrixnli_kin_397,0.69565564,-0.40068328
afrixnli_kin_398,0.70651853,-0.39941782
afrixnli_kin_399,0.68292916,0.9383759
afrixnli_kin_4,0.7611757,-0.39170244
afrixnli_kin_40,0.7635237,0.08207443
afrixnli_kin_400,0.7467643,1.4440738
afrixnli_kin_401,0.7602274,-0.39185357
afrixnli_kin_402,0.69565564,-0.40068328
afrixnli_kin_403,0.80420583,-0.8923034
afrixnli_kin_404,0.80420583,-0.8923034
afrixnli_kin_405,0.7479983,0.5339449
afrixnli_kin_406,0.7635237,0.08207443
afrixnli_kin_407,0.7602274,-0.39185357
afrixnli_kin_408,0.7635237,0.08207443
afrixnli_kin_409,0.68292916,0.9383759
afrixnli_kin_41,0.80420583,-0.8923034
afrixnli_kin_410,0.61893564,0.45720002
afrixnli_kin_411,0.67925465,0.49490166
afrixnli_kin_412,0.7467643,1.4440738
afrixnli_kin_413,0.70679575,0.06111377
afrixnli_kin_414,0.7635237,0.08207443
afrixnli_kin_415,0.68292916,0.9383759
afrixnli_kin_416,0.7608128,0.996307
afrixnli_kin_417,0.63346595,0.89606524
afrixnli_kin_418,0.70679575,0.06111377
afrixnli_kin_419,0.67925465,0.49490166
afrixnli_kin_42,0.7611757,-0.39170244
afrixnli_kin_420,0.7479983,0.5339449
afrixnli_kin_421,0.63420725,0.89673305
afrixnli_kin_422,0.7635237,0.08207443
afrixnli_kin_423,0.7467643,1.4440738
afrixnli_kin_424,0.80420583,-0.8923034
afrixnli_kin_425,0.70651853,-0.39941782
afrixnli_kin_426,0.80420583,-0.8923034
afrixnli_kin_427,0.7611757,-0.39170244
afrixnli_kin_428,0.7467643,1.4440738
afrixnli_kin_429,0.7611757,-0.39170244
afrixnli_kin_43,0.80420583,-0.8923034
afrixnli_kin_430,0.69565564,-0.40068328
afrixnli_kin_431,0.57967764,0.43094468
afrixnli_kin_432,0.7602274,-0.39185357
afrixnli_kin_433,0.7059342,0.06079441
afrixnli_kin_434,0.80420583,-0.8923034
afrixnli_kin_435,0.7467643,1.4440738
afrixnli_kin_436,0.63346595,0.89606524
afrixnli_kin_437,0.80420583,-0.8923034
afrixnli_kin_438,0.7608128,0.996307
afrixnli_kin_439,0.61893564,0.45720002
afrixnli_kin_44,0.7467643,1.4440738
afrixnli_kin_440,0.69565564,-0.40068328
afrixnli_kin_441,0.6424385,0.037338115
afrixnli_kin_442,0.57967764,0.43094468
afrixnli_kin_443,0.7467643,1.4440738
afrixnli_kin_444,0.7635237,0.08207443
afrixnli_kin_445,0.80420583,-0.8923034
afrixnli_kin_446,0.7602274,-0.39185357
afrixnli_kin_447,0.70651853,-0.39941782
afrixnli_kin_448,0.7635237,0.08207443
afrixnli_kin_449,0.57967764,0.43094468
afrixnli_kin_45,0.7635237,0.08207443
afrixnli_kin_450,0.64743423,0.03917148
afrixnli_kin_451,0.7635237,0.08207443
afrixnli_kin_452,0.69565564,-0.40068328
afrixnli_kin_453,0.7635237,0.08207443
afrixnli_kin_454,0.69565564,-0.40068328
afrixnli_kin_455,0.63420725,0.89673305
afrixnli_kin_456,0.80420583,-0.8923034
afrixnli_kin_457,0.80420583,-0.8923034
afrixnli_kin_458,0.80420583,-0.8923034
afrixnli_kin_459,0.61893564,0.45720002
afrixnli_kin_46,0.7635237,0.08207443
afrixnli_kin_460,0.7479983,0.5339449
afrixnli_kin_461,0.67925465,0.49490166
afrixnli_kin_462,0.80420583,-0.8923034
afrixnli_kin_463,0.80420583,-0.8923034
afrixnli_kin_464,0.7467643,1.4440738
afrixnli_kin_465,0.7608128,0.996307
afrixnli_kin_466,0.63346595,0.89606524
afrixnli_kin_467,0.70679575,0.06111377
afrixnli_kin_468,0.7635237,0.08207443
afrixnli_kin_469,0.63346595,0.89606524
afrixnli_kin_47,0.7635237,0.08207443
afrixnli_kin_470,0.7467643,1.4440738
afrixnli_kin_471,0.7467643,1.4440738
afrixnli_kin_472,0.70651853,-0.39941782
afrixnli_kin_473,0.7479983,0.5339449
afrixnli_kin_474,0.80420583,-0.8923034
afrixnli_kin_475,0.7635237,0.08207443
afrixnli_kin_476,0.68292916,0.9383759
afrixnli_kin_477,0.80420583,-0.8923034
afrixnli_kin_478,0.70679575,0.06111377
afrixnli_kin_479,0.80420583,-0.8923034
afrixnli_kin_48,0.7467643,1.4440738
afrixnli_kin_480,0.64314777,0.03759825
afrixnli_kin_481,0.7611757,-0.39170244
afrixnli_kin_482,0.80420583,-0.8923034
afrixnli_kin_483,0.68292916,0.9383759
afrixnli_kin_484,0.63420725,0.89673305
afrixnli_kin_485,0.7611757,-0.39170244
afrixnli_kin_486,0.62752295,0.46276397
afrixnli_kin_487,0.69540447,0.056891445
afrixnli_kin_488,0.7611757,-0.39170244
afrixnli_kin_489,0.68292916,0.9383759
afrixnli_kin_49,0.7059342,0.06079441
afrixnli_kin_490,0.7608128,0.996307
afrixnli_kin_491,0.7479983,0.5339449
afrixnli_kin_492,0.80420583,-0.8923034
afrixnli_kin_493,0.63420725,0.89673305
afrixnli_kin_494,0.7467643,1.4440738
afrixnli_kin_495,0.7479983,0.5339449
afrixnli_kin_496,0.7611757,-0.39170244
afrixnli_kin_497,0.80420583,-0.8923034
afrixnli_kin_498,0.7602274,-0.39185357
afrixnli_kin_499,0.7467643,1.4440738
afrixnli_kin_5,0.7059342,0.06079441
afrixnli_kin_50,0.7635237,0.08207443
afrixnli_kin_500,0.63420725,0.89673305
afrixnli_kin_501,0.6800837,0.49539727
afrixnli_kin_502,0.68292916,0.9383759
afrixnli_kin_503,0.80420583,-0.8923034
afrixnli_kin_504,0.7059342,0.06079441
afrixnli_kin_505,0.61893564,0.45720002
afrixnli_kin_506,0.7608128,0.996307
afrixnli_kin_507,0.80420583,-0.8923034
afrixnli_kin_508,0.7635237,0.08207443
afrixnli_kin_509,0.70651853,-0.39941782
afrixnli_kin_51,0.7059342,0.06079441
afrixnli_kin_510,0.7602274,-0.39185357
afrixnli_kin_511,0.68292916,0.9383759
afrixnli_kin_512,0.7467643,1.4440738
afrixnli_kin_513,0.7635237,0.08207443
afrixnli_kin_514,0.7611757,-0.39170244
afrixnli_kin_515,0.69565564,-0.40068328
afrixnli_kin_516,0.80420583,-0.8923034
afrixnli_kin_517,0.7602274,-0.39185357
afrixnli_kin_518,0.80420583,-0.8923034
afrixnli_kin_519,0.80420583,-0.8923034
afrixnli_kin_52,0.80420583,-0.8923034
afrixnli_kin_520,0.80420583,-0.8923034
afrixnli_kin_521,0.7611757,-0.39170244
afrixnli_kin_522,0.7611757,-0.39170244
afrixnli_kin_523,0.69565564,-0.40068328
afrixnli_kin_524,0.7611757,-0.39170244
afrixnli_kin_525,0.63346595,0.89606524
afrixnli_kin_526,0.80420583,-0.8923034
afrixnli_kin_527,0.63346595,0.89606524
afrixnli_kin_528,0.80420583,-0.8923034
afrixnli_kin_529,0.7602274,-0.39185357
afrixnli_kin_53,0.69540447,0.056891445
afrixnli_kin_530,0.7635237,0.08207443
afrixnli_kin_531,0.7059342,0.06079441
afrixnli_kin_532,0.73473793,0.5267357
afrixnli_kin_533,0.7467643,1.4440738
afrixnli_kin_534,0.69565564,-0.40068328
afrixnli_kin_535,0.7467643,1.4440738
afrixnli_kin_536,0.7635237,0.08207443
afrixnli_kin_537,0.69457096,0.056582592
afrixnli_kin_538,0.7635237,0.08207443
afrixnli_kin_539,0.7467643,1.4440738
afrixnli_kin_54,0.7611757,-0.39170244
afrixnli_kin_540,0.7479983,0.5339449
afrixnli_kin_541,0.80420583,-0.8923034
afrixnli_kin_542,0.70651853,-0.39941782
afrixnli_kin_543,0.73473793,0.5267357
afrixnli_kin_544,0.7611757,-0.39170244
afrixnli_kin_545,0.7635237,0.08207443
afrixnli_kin_546,0.7467643,1.4440738
afrixnli_kin_547,0.69565564,-0.40068328
afrixnli_kin_548,0.7611757,-0.39170244
afrixnli_kin_549,0.7611757,-0.39170244
afrixnli_kin_55,0.7602274,-0.39185357
afrixnli_kin_550,0.7602274,-0.39185357
afrixnli_kin_551,0.80420583,-0.8923034
afrixnli_kin_552,0.63346595,0.89606524
afrixnli_kin_553,0.7602274,-0.39185357
afrixnli_kin_554,0.63346595,0.89606524
afrixnli_kin_555,0.7602274,-0.39185357
afrixnli_kin_556,0.7635237,0.08207443
afrixnli_kin_557,0.6947077,0.9477968
afrixnli_kin_558,0.80420583,-0.8923034
afrixnli_kin_559,0.6800837,0.49539727
afrixnli_kin_56,0.61893564,0.45720002
afrixnli_kin_560,0.7467643,1.4440738
afrixnli_kin_561,0.7602274,-0.39185357
afrixnli_kin_562,0.7611757,-0.39170244
afrixnli_kin_563,0.80420583,-0.8923034
afrixnli_kin_564,0.7602274,-0.39185357
afrixnli_kin_565,0.7602274,-0.39185357
afrixnli_kin_566,0.80420583,-0.8923034
afrixnli_kin_567,0.7479983,0.5339449
afrixnli_kin_568,0.69540447,0.056891445
afrixnli_kin_569,0.80420583,-0.8923034
afrixnli_kin_57,0.7635237,0.08207443
afrixnli_kin_570,0.7611757,-0.39170244
afrixnli_kin_571,0.80420583,-0.8923034
afrixnli_kin_572,0.7059342,0.06079441
afrixnli_kin_573,0.7602274,-0.39185357
afrixnli_kin_574,0.73473793,0.5267357
afrixnli_kin_575,0.61893564,0.45720002
afrixnli_kin_576,0.63346595,0.89606524
afrixnli_kin_577,0.68292916,0.9383759
afrixnli_kin_578,0.7602274,-0.39185357
afrixnli_kin_579,0.69540447,0.056891445
afrixnli_kin_58,0.7467643,1.4440738
afrixnli_kin_580,0.69565564,-0.40068328
afrixnli_kin_581,0.7479983,0.5339449
afrixnli_kin_582,0.7602274,-0.39185357
afrixnli_kin_583,0.6800837,0.49539727
afrixnli_kin_584,0.7611757,-0.39170244
afrixnli_kin_585,0.7467643,1.4440738
afrixnli_kin_586,0.69565564,-0.40068328
afrixnli_kin_587,0.7635237,0.08207443
afrixnli_kin_588,0.70651853,-0.39941782
afrixnli_kin_589,0.7602274,-0.39185357
afrixnli_kin_59,0.63420725,0.89673305
afrixnli_kin_590,0.63420725,0.89673305
afrixnli_kin_591,0.57967764,0.43094468
afrixnli_kin_592,0.7635237,0.08207443
afrixnli_kin_593,0.73473793,0.5267357
afrixnli_kin_594,0.80420583,-0.8923034
afrixnli_kin_595,0.80420583,-0.8923034
afrixnli_kin_596,0.70679575,0.06111377
afrixnli_kin_597,0.80420583,-0.8923034
afrixnli_kin_598,0.7479983,0.5339449
afrixnli_kin_599,0.80420583,-0.8923034
afrixnli_kin_6,0.7635237,0.08207443
afrixnli_kin_60,0.7602274,-0.39185357
afrixnli_kin_61,0.7602274,-0.39185357
afrixnli_kin_62,0.69540447,0.056891445
afrixnli_kin_63,0.7479983,0.5339449
afrixnli_kin_64,0.63420725,0.89673305
afrixnli_kin_65,0.7479983,0.5339449
afrixnli_kin_66,0.7602274,-0.39185357
afrixnli_kin_67,0.80420583,-0.8923034
afrixnli_kin_68,0.63420725,0.89673305
afrixnli_kin_69,0.7479983,0.5339449
afrixnli_kin_7,0.7611757,-0.39170244
afrixnli_kin_70,0.80420583,-0.8923034
afrixnli_kin_71,0.59398746,0.019788202
afrixnli_kin_72,0.7479983,0.5339449
afrixnli_kin_73,0.7479983,0.5339449
afrixnli_kin_74,0.64743423,0.03917148
afrixnli_kin_75,0.7602274,-0.39185357
afrixnli_kin_76,0.64743423,0.03917148
afrixnli_kin_77,0.7635237,0.08207443
afrixnli_kin_78,0.7467643,1.4440738
afrixnli_kin_79,0.7059342,0.06079441
afrixnli_kin_8,0.7479983,0.5339449
afrixnli_kin_80,0.57967764,0.43094468
afrixnli_kin_81,0.80420583,-0.8923034
afrixnli_kin_82,0.7479983,0.5339449
afrixnli_kin_83,0.7611757,-0.39170244
afrixnli_kin_84,0.69457096,0.056582592
afrixnli_kin_85,0.7479983,0.5339449
afrixnli_kin_86,0.7608128,0.996307
afrixnli_kin_87,0.73473793,0.5267357
afrixnli_kin_88,0.80420583,-0.8923034
afrixnli_kin_89,0.7479983,0.5339449
afrixnli_kin_9,0.7611757,-0.39170244
afrixnli_kin_90,0.6800837,0.49539727
afrixnli_kin_91,0.59398746,0.019788202
afrixnli_kin_92,0.68292916,0.9383759
afrixnli_kin_93,0.7611757,-0.39170244
afrixnli_kin_94,0.80420583,-0.8923034
afrixnli_kin_95,0.7059342,0.06079441
afrixnli_kin_96,0.7635237,0.08207443
afrixnli_kin_97,0.80420583,-0.8923034
afrixnli_kin_98,0.80420583,-0.8923034
afrixnli_kin_99,0.63420725,0.89673305
afrixnli_lin_0,0.61893564,0.45720002
afrixnli_lin_1,0.61893564,0.45720002
afrixnli_lin_10,0.7059342,0.06079441
afrixnli_lin_100,0.70651853,-0.39941782
afrixnli_lin_101,0.7467643,1.4440738
afrixnli_lin_102,0.63420725,0.89673305
afrixnli_lin_103,0.7635237,0.08207443
afrixnli_lin_104,0.7467643,1.4440738
afrixnli_lin_105,0.7467643,1.4440738
afrixnli_lin_106,0.7467643,1.4440738
afrixnli_lin_107,0.61893564,0.45720002
afrixnli_lin_108,0.7467643,1.4440738
afrixnli_lin_109,0.59398746,0.019788202
afrixnli_lin_11,0.68292916,0.9383759
afrixnli_lin_110,0.7467643,1.4440738
afrixnli_lin_111,0.7467643,1.4440738
afrixnli_lin_112,0.7635237,0.08207443
afrixnli_lin_113,0.63420725,0.89673305
afrixnli_lin_114,0.80420583,-0.8923034
afrixnli_lin_115,0.7602274,-0.39185357
afrixnli_lin_116,0.63420725,0.89673305
afrixnli_lin_117,0.68292916,0.9383759
afrixnli_lin_118,0.7059342,0.06079441
afrixnli_lin_119,0.7467643,1.4440738
afrixnli_lin_12,0.7479983,0.5339449
afrixnli_lin_120,0.63420725,0.89673305
afrixnli_lin_121,0.7602274,-0.39185357
afrixnli_lin_122,0.7467643,1.4440738
afrixnli_lin_123,0.7467643,1.4440738
afrixnli_lin_124,0.63420725,0.89673305
afrixnli_lin_125,0.7602274,-0.39185357
afrixnli_lin_126,0.61893564,0.45720002
afrixnli_lin_127,0.7602274,-0.39185357
afrixnli_lin_128,0.7467643,1.4440738
afrixnli_lin_129,0.7467643,1.4440738
afrixnli_lin_13,0.7467643,1.4440738
afrixnli_lin_130,0.7059342,0.06079441
afrixnli_lin_131,0.63420725,0.89673305
afrixnli_lin_132,0.68292916,0.9383759
afrixnli_lin_133,0.7467643,1.4440738
afrixnli_lin_134,0.63420725,0.89673305
afrixnli_lin_135,0.57967764,0.43094468
afrixnli_lin_136,0.57967764,0.43094468
afrixnli_lin_137,0.7059342,0.06079441
afrixnli_lin_138,0.7467643,1.4440738
afrixnli_lin_139,0.59398746,0.019788202
afrixnli_lin_14,0.7467643,1.4440738
afrixnli_lin_140,0.7635237,0.08207443
afrixnli_lin_141,0.62752295,0.46276397
afrixnli_lin_142,0.7467643,1.4440738
afrixnli_lin_143,0.7467643,1.4440738
afrixnli_lin_144,0.7608128,0.996307
afrixnli_lin_145,0.57967764,0.43094468
afrixnli_lin_146,0.7479983,0.5339449
afrixnli_lin_147,0.68292916,0.9383759
afrixnli_lin_148,0.7059342,0.06079441
afrixnli_lin_149,0.57967764,0.43094468
afrixnli_lin_15,0.7611757,-0.39170244
afrixnli_lin_150,0.7467643,1.4440738
afrixnli_lin_151,0.7467643,1.4440738
afrixnli_lin_152,0.7635237,0.08207443
afrixnli_lin_153,0.68292916,0.9383759
afrixnli_lin_154,0.63420725,0.89673305
afrixnli_lin_155,0.7635237,0.08207443
afrixnli_lin_156,0.63420725,0.89673305
afrixnli_lin_157,0.7059342,0.06079441
afrixnli_lin_158,0.63420725,0.89673305
afrixnli_lin_159,0.7467643,1.4440738
afrixnli_lin_16,0.7602274,-0.39185357
afrixnli_lin_160,0.7467643,1.4440738
afrixnli_lin_161,0.7059342,0.06079441
afrixnli_lin_162,0.63420725,0.89673305
afrixnli_lin_163,0.7059342,0.06079441
afrixnli_lin_164,0.63420725,0.89673305
afrixnli_lin_165,0.7467643,1.4440738
afrixnli_lin_166,0.61893564,0.45720002
afrixnli_lin_167,0.7059342,0.06079441
afrixnli_lin_168,0.59398746,0.019788202
afrixnli_lin_169,0.6947077,0.9477968
afrixnli_lin_17,0.61893564,0.45720002
afrixnli_lin_170,0.7467643,1.4440738
afrixnli_lin_171,0.7479983,0.5339449
afrixnli_lin_172,0.6182554,0.45675644
afrixnli_lin_173,0.61893564,0.45720002
afrixnli_lin_174,0.63346595,0.89606524
afrixnli_lin_175,0.61893564,0.45720002
afrixnli_lin_176,0.7635237,0.08207443
afrixnli_lin_177,0.61893564,0.45720002
afrixnli_lin_178,0.62752295,0.46276397
afrixnli_lin_179,0.7467643,1.4440738
afrixnli_lin_18,0.7635237,0.08207443
afrixnli_lin_180,0.63420725,0.89673305
afrixnli_lin_181,0.7479983,0.5339449
afrixnli_lin_182,0.7467643,1.4440738
afrixnli_lin_183,0.68292916,0.9383759
afrixnli_lin_184,0.7467643,1.4440738
afrixnli_lin_185,0.7059342,0.06079441
afrixnli_lin_186,0.61893564,0.45720002
afrixnli_lin_187,0.63346595,0.89606524
afrixnli_lin_188,0.7635237,0.08207443
afrixnli_lin_189,0.63420725,0.89673305
afrixnli_lin_19,0.63420725,0.89673305
afrixnli_lin_190,0.7479983,0.5339449
afrixnli_lin_191,0.7467643,1.4440738
afrixnli_lin_192,0.61893564,0.45720002
afrixnli_lin_193,0.7479983,0.5339449
afrixnli_lin_194,0.7467643,1.4440738
afrixnli_lin_195,0.7467643,1.4440738
afrixnli_lin_196,0.63346595,0.89606524
afrixnli_lin_197,0.6021625,0.022713147
afrixnli_lin_198,0.68292916,0.9383759
afrixnli_lin_199,0.80420583,-0.8923034
afrixnli_lin_2,0.70651853,-0.39941782
afrixnli_lin_20,0.63346595,0.89606524
afrixnli_lin_200,0.63420725,0.89673305
afrixnli_lin_201,0.63346595,0.89606524
afrixnli_lin_202,0.68292916,0.9383759
afrixnli_lin_203,0.7635237,0.08207443
afrixnli_lin_204,0.7467643,1.4440738
afrixnli_lin_205,0.63346595,0.89606524
afrixnli_lin_206,0.7602274,-0.39185357
afrixnli_lin_207,0.7467643,1.4440738
afrixnli_lin_208,0.63420725,0.89673305
afrixnli_lin_209,0.7635237,0.08207443
afrixnli_lin_21,0.68292916,0.9383759
afrixnli_lin_210,0.59398746,0.019788202
afrixnli_lin_211,0.63420725,0.89673305
afrixnli_lin_212,0.63346595,0.89606524
afrixnli_lin_213,0.63346595,0.89606524
afrixnli_lin_214,0.61893564,0.45720002
afrixnli_lin_215,0.7479983,0.5339449
afrixnli_lin_216,0.63346595,0.89606524
afrixnli_lin_217,0.7467643,1.4440738
afrixnli_lin_218,0.7467643,1.4440738
afrixnli_lin_219,0.57967764,0.43094468
afrixnli_lin_22,0.63346595,0.89606524
afrixnli_lin_220,0.7479983,0.5339449
afrixnli_lin_221,0.7467643,1.4440738
afrixnli_lin_222,0.7608128,0.996307
afrixnli_lin_223,0.7635237,0.08207443
afrixnli_lin_224,0.61893564,0.45720002
afrixnli_lin_225,0.61893564,0.45720002
afrixnli_lin_226,0.7467643,1.4440738
afrixnli_lin_227,0.7602274,-0.39185357
afrixnli_lin_228,0.7467643,1.4440738
afrixnli_lin_229,0.7602274,-0.39185357
afrixnli_lin_23,0.7467643,1.4440738
afrixnli_lin_230,0.63420725,0.89673305
afrixnli_lin_231,0.68292916,0.9383759
afrixnli_lin_232,0.7059342,0.06079441
afrixnli_lin_233,0.63346595,0.89606524
afrixnli_lin_234,0.61893564,0.45720002
afrixnli_lin_235,0.63346595,0.89606524
afrixnli_lin_236,0.7059342,0.06079441
afrixnli_lin_237,0.7635237,0.08207443
afrixnli_lin_238,0.63346595,0.89606524
afrixnli_lin_239,0.7467643,1.4440738
afrixnli_lin_24,0.7467643,1.4440738
afrixnli_lin_240,0.7059342,0.06079441
afrixnli_lin_241,0.57967764,0.43094468
afrixnli_lin_242,0.7467643,1.4440738
afrixnli_lin_243,0.61893564,0.45720002
afrixnli_lin_244,0.7059342,0.06079441
afrixnli_lin_245,0.7467643,1.4440738
afrixnli_lin_246,0.7602274,-0.39185357
afrixnli_lin_247,0.61893564,0.45720002
afrixnli_lin_248,0.7479983,0.5339449
afrixnli_lin_249,0.7467643,1.4440738
afrixnli_lin_25,0.63420725,0.89673305
afrixnli_lin_250,0.63420725,0.89673305
afrixnli_lin_251,0.7479983,0.5339449
afrixnli_lin_252,0.61893564,0.45720002
afrixnli_lin_253,0.7059342,0.06079441
afrixnli_lin_254,0.69565564,-0.40068328
afrixnli_lin_255,0.68292916,0.9383759
afrixnli_lin_256,0.7467643,1.4440738
afrixnli_lin_257,0.7479983,0.5339449
afrixnli_lin_258,0.7467643,1.4440738
afrixnli_lin_259,0.7467643,1.4440738
afrixnli_lin_26,0.7479983,0.5339449
afrixnli_lin_260,0.7635237,0.08207443
afrixnli_lin_261,0.7467643,1.4440738
afrixnli_lin_262,0.7602274,-0.39185357
afrixnli_lin_263,0.7467643,1.4440738
afrixnli_lin_264,0.63420725,0.89673305
afrixnli_lin_265,0.7467643,1.4440738
afrixnli_lin_266,0.7602274,-0.39185357
afrixnli_lin_267,0.63420725,0.89673305
afrixnli_lin_268,0.7059342,0.06079441
afrixnli_lin_269,0.63346595,0.89606524
afrixnli_lin_27,0.63420725,0.89673305
afrixnli_lin_270,0.7467643,1.4440738
afrixnli_lin_271,0.7467643,1.4440738
afrixnli_lin_272,0.63346595,0.89606524
afrixnli_lin_273,0.7611757,-0.39170244
afrixnli_lin_274,0.63346595,0.89606524
afrixnli_lin_275,0.57967764,0.43094468
afrixnli_lin_276,0.63420725,0.89673305
afrixnli_lin_277,0.57967764,0.43094468
afrixnli_lin_278,0.7602274,-0.39185357
afrixnli_lin_279,0.7602274,-0.39185357
afrixnli_lin_28,0.63420725,0.89673305
afrixnli_lin_280,0.63420725,0.89673305
afrixnli_lin_281,0.63346595,0.89606524
afrixnli_lin_282,0.69565564,-0.40068328
afrixnli_lin_283,0.68292916,0.9383759
afrixnli_lin_284,0.70651853,-0.39941782
afrixnli_lin_285,0.63346595,0.89606524
afrixnli_lin_286,0.7059342,0.06079441
afrixnli_lin_287,0.63420725,0.89673305
afrixnli_lin_288,0.63346595,0.89606524
afrixnli_lin_289,0.7059342,0.06079441
afrixnli_lin_29,0.7479983,0.5339449
afrixnli_lin_290,0.7467643,1.4440738
afrixnli_lin_291,0.7467643,1.4440738
afrixnli_lin_292,0.7479983,0.5339449
afrixnli_lin_293,0.7467643,1.4440738
afrixnli_lin_294,0.7602274,-0.39185357
afrixnli_lin_295,0.7467643,1.4440738
afrixnli_lin_296,0.61893564,0.45720002
afrixnli_lin_297,0.61893564,0.45720002
afrixnli_lin_298,0.7467643,1.4440738
afrixnli_lin_299,0.7635237,0.08207443
afrixnli_lin_3,0.7467643,1.4440738
afrixnli_lin_30,0.63420725,0.89673305
afrixnli_lin_300,0.7479983,0.5339449
afrixnli_lin_301,0.63346595,0.89606524
afrixnli_lin_302,0.61893564,0.45720002
afrixnli_lin_303,0.7635237,0.08207443
afrixnli_lin_304,0.63346595,0.89606524
afrixnli_lin_305,0.7467643,1.4440738
afrixnli_lin_306,0.63420725,0.89673305
afrixnli_lin_307,0.63420725,0.89673305
afrixnli_lin_308,0.7602274,-0.39185357
afrixnli_lin_309,0.7467643,1.4440738
afrixnli_lin_31,0.63420725,0.89673305
afrixnli_lin_310,0.6947077,0.9477968
afrixnli_lin_311,0.63346595,0.89606524
afrixnli_lin_312,0.63346595,0.89606524
afrixnli_lin_313,0.70651853,-0.39941782
afrixnli_lin_314,0.7467643,1.4440738
afrixnli_lin_315,0.6947077,0.9477968
afrixnli_lin_316,0.6182554,0.45675644
afrixnli_lin_317,0.68292916,0.9383759
afrixnli_lin_318,0.7467643,1.4440738
afrixnli_lin_319,0.68292916,0.9383759
afrixnli_lin_32,0.7635237,0.08207443
afrixnli_lin_320,0.7467643,1.4440738
afrixnli_lin_321,0.6947077,0.9477968
afrixnli_lin_322,0.57967764,0.43094468
afrixnli_lin_323,0.7467643,1.4440738
afrixnli_lin_324,0.7467643,1.4440738
afrixnli_lin_325,0.63346595,0.89606524
afrixnli_lin_326,0.6424385,0.037338115
afrixnli_lin_327,0.63420725,0.89673305
afrixnli_lin_328,0.80420583,-0.8923034
afrixnli_lin_329,0.7467643,1.4440738
afrixnli_lin_33,0.62752295,0.46276397
afrixnli_lin_330,0.7467643,1.4440738
afrixnli_lin_331,0.57967764,0.43094468
afrixnli_lin_332,0.7635237,0.08207443
afrixnli_lin_333,0.7479983,0.5339449
afrixnli_lin_334,0.57967764,0.43094468
afrixnli_lin_335,0.63420725,0.89673305
afrixnli_lin_336,0.7479983,0.5339449
afrixnli_lin_337,0.7467643,1.4440738
afrixnli_lin_338,0.63346595,0.89606524
afrixnli_lin_339,0.7602274,-0.39185357
afrixnli_lin_34,0.7467643,1.4440738
afrixnli_lin_340,0.57967764,0.43094468
afrixnli_lin_341,0.61893564,0.45720002
afrixnli_lin_342,0.57967764,0.43094468
afrixnli_lin_343,0.7635237,0.08207443
afrixnli_lin_344,0.61893564,0.45720002
afrixnli_lin_345,0.57967764,0.43094468
afrixnli_lin_346,0.6947077,0.9477968
afrixnli_lin_347,0.7467643,1.4440738
afrixnli_lin_348,0.63346595,0.89606524
afrixnli_lin_349,0.69565564,-0.40068328
afrixnli_lin_35,0.7467643,1.4440738
afrixnli_lin_350,0.6743284,0.49194366
afrixnli_lin_351,0.63346595,0.89606524
afrixnli_lin_352,0.80420583,-0.8923034
afrixnli_lin_353,0.7467643,1.4440738
afrixnli_lin_354,0.62822515,0.46321607
afrixnli_lin_355,0.63346595,0.89606524
afrixnli_lin_356,0.63420725,0.89673305
afrixnli_lin_357,0.7602274,-0.39185357
afrixnli_lin_358,0.63420725,0.89673305
afrixnli_lin_359,0.7467643,1.4440738
afrixnli_lin_36,0.63420725,0.89673305
afrixnli_lin_360,0.63346595,0.89606524
afrixnli_lin_361,0.7467643,1.4440738
afrixnli_lin_362,0.7602274,-0.39185357
afrixnli_lin_363,0.63346595,0.89606524
afrixnli_lin_364,0.7059342,0.06079441
afrixnli_lin_365,0.68292916,0.9383759
afrixnli_lin_366,0.7635237,0.08207443
afrixnli_lin_367,0.63420725,0.89673305
afrixnli_lin_368,0.63420725,0.89673305
afrixnli_lin_369,0.7635237,0.08207443
afrixnli_lin_37,0.7602274,-0.39185357
afrixnli_lin_370,0.61893564,0.45720002
afrixnli_lin_371,0.57967764,0.43094468
afrixnli_lin_372,0.7467643,1.4440738
afrixnli_lin_373,0.7602274,-0.39185357
afrixnli_lin_374,0.63420725,0.89673305
afrixnli_lin_375,0.63346595,0.89606524
afrixnli_lin_376,0.61893564,0.45720002
afrixnli_lin_377,0.7479983,0.5339449
afrixnli_lin_378,0.68292916,0.9383759
afrixnli_lin_379,0.6182554,0.45675644
afrixnli_lin_38,0.7467643,1.4440738
afrixnli_lin_380,0.6182554,0.45675644
afrixnli_lin_381,0.7467643,1.4440738
afrixnli_lin_382,0.57967764,0.43094468
afrixnli_lin_383,0.7635237,0.08207443
afrixnli_lin_384,0.7059342,0.06079441
afrixnli_lin_385,0.61893564,0.45720002
afrixnli_lin_386,0.63346595,0.89606524
afrixnli_lin_387,0.63346595,0.89606524
afrixnli_lin_388,0.6743284,0.49194366
afrixnli_lin_389,0.80420583,-0.8923034
afrixnli_lin_39,0.7467643,1.4440738
afrixnli_lin_390,0.7479983,0.5339449
afrixnli_lin_391,0.57967764,0.43094468
afrixnli_lin_392,0.7467643,1.4440738
afrixnli_lin_393,0.7635237,0.08207443
afrixnli_lin_394,0.61893564,0.45720002
afrixnli_lin_395,0.57967764,0.43094468
afrixnli_lin_396,0.62752295,0.46276397
afrixnli_lin_397,0.7467643,1.4440738
afrixnli_lin_398,0.7635237,0.08207443
afrixnli_lin_399,0.57967764,0.43094468
afrixnli_lin_4,0.68292916,0.9383759
afrixnli_lin_40,0.63346595,0.89606524
afrixnli_lin_400,0.63346595,0.89606524
afrixnli_lin_401,0.7611757,-0.39170244
afrixnli_lin_402,0.61893564,0.45720002
afrixnli_lin_403,0.63346595,0.89606524
afrixnli_lin_404,0.70679575,0.06111377
afrixnli_lin_405,0.57967764,0.43094468
afrixnli_lin_406,0.7635237,0.08207443
afrixnli_lin_407,0.7467643,1.4440738
afrixnli_lin_408,0.7611757,-0.39170244
afrixnli_lin_409,0.7467643,1.4440738
afrixnli_lin_41,0.6021625,0.022713147
afrixnli_lin_410,0.57967764,0.43094468
afrixnli_lin_411,0.7467643,1.4440738
afrixnli_lin_412,0.68292916,0.9383759
afrixnli_lin_413,0.7059342,0.06079441
afrixnli_lin_414,0.7602274,-0.39185357
afrixnli_lin_415,0.63420725,0.89673305
afrixnli_lin_416,0.63420725,0.89673305
afrixnli_lin_417,0.63346595,0.89606524
afrixnli_lin_418,0.7635237,0.08207443
afrixnli_lin_419,0.57967764,0.43094468
afrixnli_lin_42,0.7059342,0.06079441
afrixnli_lin_420,0.7635237,0.08207443
afrixnli_lin_421,0.63420725,0.89673305
afrixnli_lin_422,0.63420725,0.89673305
afrixnli_lin_423,0.6182554,0.45675644
afrixnli_lin_424,0.61893564,0.45720002
afrixnli_lin_425,0.7635237,0.08207443
afrixnli_lin_426,0.7635237,0.08207443
afrixnli_lin_427,0.7467643,1.4440738
afrixnli_lin_428,0.63420725,0.89673305
afrixnli_lin_429,0.63346595,0.89606524
afrixnli_lin_43,0.61893564,0.45720002
afrixnli_lin_430,0.69540447,0.056891445
afrixnli_lin_431,0.63420725,0.89673305
afrixnli_lin_432,0.7467643,1.4440738
afrixnli_lin_433,0.7059342,0.06079441
afrixnli_lin_434,0.63420725,0.89673305
afrixnli_lin_435,0.69540447,0.056891445
afrixnli_lin_436,0.7467643,1.4440738
afrixnli_lin_437,0.7602274,-0.39185357
afrixnli_lin_438,0.6947077,0.9477968
afrixnli_lin_439,0.7467643,1.4440738
afrixnli_lin_44,0.7467643,1.4440738
afrixnli_lin_440,0.61893564,0.45720002
afrixnli_lin_441,0.7467643,1.4440738
afrixnli_lin_442,0.63420725,0.89673305
afrixnli_lin_443,0.63346595,0.89606524
afrixnli_lin_444,0.7467643,1.4440738
afrixnli_lin_445,0.7467643,1.4440738
afrixnli_lin_446,0.7635237,0.08207443
afrixnli_lin_447,0.7467643,1.4440738
afrixnli_lin_448,0.7635237,0.08207443
afrixnli_lin_449,0.7467643,1.4440738
afrixnli_lin_45,0.63346595,0.89606524
afrixnli_lin_450,0.57967764,0.43094468
afrixnli_lin_451,0.7467643,1.4440738
afrixnli_lin_452,0.63420725,0.89673305
afrixnli_lin_453,0.7479983,0.5339449
afrixnli_lin_454,0.7467643,1.4440738
afrixnli_lin_455,0.63420725,0.89673305
afrixnli_lin_456,0.59398746,0.019788202
afrixnli_lin_457,0.68292916,0.9383759
afrixnli_lin_458,0.7635237,0.08207443
afrixnli_lin_459,0.63420725,0.89673305
afrixnli_lin_46,0.63420725,0.89673305
afrixnli_lin_460,0.7602274,-0.39185357
afrixnli_lin_461,0.7467643,1.4440738
afrixnli_lin_462,0.7467643,1.4440738
afrixnli_lin_463,0.61893564,0.45720002
afrixnli_lin_464,0.7602274,-0.39185357
afrixnli_lin_465,0.63346595,0.89606524
afrixnli_lin_466,0.63420725,0.89673305
afrixnli_lin_467,0.7479983,0.5339449
afrixnli_lin_468,0.7635237,0.08207443
afrixnli_lin_469,0.59398746,0.019788202
afrixnli_lin_47,0.7467643,1.4440738
afrixnli_lin_470,0.7467643,1.4440738
afrixnli_lin_471,0.63346595,0.89606524
afrixnli_lin_472,0.7479983,0.5339449
afrixnli_lin_473,0.7467643,1.4440738
afrixnli_lin_474,0.7635237,0.08207443
afrixnli_lin_475,0.7467643,1.4440738
afrixnli_lin_476,0.63346595,0.89606524
afrixnli_lin_477,0.63420725,0.89673305
afrixnli_lin_478,0.7602274,-0.39185357
afrixnli_lin_479,0.63346595,0.89606524
afrixnli_lin_48,0.7467643,1.4440738
afrixnli_lin_480,0.63346595,0.89606524
afrixnli_lin_481,0.68292916,0.9383759
afrixnli_lin_482,0.7467643,1.4440738
afrixnli_lin_483,0.73473793,0.5267357
afrixnli_lin_484,0.61893564,0.45720002
afrixnli_lin_485,0.7635237,0.08207443
afrixnli_lin_486,0.7059342,0.06079441
afrixnli_lin_487,0.61893564,0.45720002
afrixnli_lin_488,0.63346595,0.89606524
afrixnli_lin_489,0.57967764,0.43094468
afrixnli_lin_49,0.63420725,0.89673305
afrixnli_lin_490,0.63346595,0.89606524
afrixnli_lin_491,0.7479983,0.5339449
afrixnli_lin_492,0.62752295,0.46276397
afrixnli_lin_493,0.57967764,0.43094468
afrixnli_lin_494,0.7467643,1.4440738
afrixnli_lin_495,0.7467643,1.4440738
afrixnli_lin_496,0.7479983,0.5339449
afrixnli_lin_497,0.61893564,0.45720002
afrixnli_lin_498,0.6743284,0.49194366
afrixnli_lin_499,0.63420725,0.89673305
afrixnli_lin_5,0.7059342,0.06079441
afrixnli_lin_50,0.7602274,-0.39185357
afrixnli_lin_500,0.69457096,0.056582592
afrixnli_lin_501,0.7602274,-0.39185357
afrixnli_lin_502,0.80420583,-0.8923034
afrixnli_lin_503,0.7479983,0.5339449
afrixnli_lin_504,0.7602274,-0.39185357
afrixnli_lin_505,0.70679575,0.06111377
afrixnli_lin_506,0.7611757,-0.39170244
afrixnli_lin_507,0.7635237,0.08207443
afrixnli_lin_508,0.7479983,0.5339449
afrixnli_lin_509,0.7467643,1.4440738
afrixnli_lin_51,0.7059342,0.06079441
afrixnli_lin_510,0.7635237,0.08207443
afrixnli_lin_511,0.7602274,-0.39185357
afrixnli_lin_512,0.63346595,0.89606524
afrixnli_lin_513,0.7467643,1.4440738
afrixnli_lin_514,0.63420725,0.89673305
afrixnli_lin_515,0.6182554,0.45675644
afrixnli_lin_516,0.7479983,0.5339449
afrixnli_lin_517,0.57967764,0.43094468
afrixnli_lin_518,0.57967764,0.43094468
afrixnli_lin_519,0.63346595,0.89606524
afrixnli_lin_52,0.63420725,0.89673305
afrixnli_lin_520,0.7602274,-0.39185357
afrixnli_lin_521,0.7611757,-0.39170244
afrixnli_lin_522,0.70679575,0.06111377
afrixnli_lin_523,0.68292916,0.9383759
afrixnli_lin_524,0.67925465,0.49490166
afrixnli_lin_525,0.57967764,0.43094468
afrixnli_lin_526,0.7602274,-0.39185357
afrixnli_lin_527,0.7467643,1.4440738
afrixnli_lin_528,0.7635237,0.08207443
afrixnli_lin_529,0.61893564,0.45720002
afrixnli_lin_53,0.7467643,1.4440738
afrixnli_lin_530,0.7467643,1.4440738
afrixnli_lin_531,0.7635237,0.08207443
afrixnli_lin_532,0.7467643,1.4440738
afrixnli_lin_533,0.59398746,0.019788202
afrixnli_lin_534,0.61893564,0.45720002
afrixnli_lin_535,0.7467643,1.4440738
afrixnli_lin_536,0.7602274,-0.39185357
afrixnli_lin_537,0.59398746,0.019788202
afrixnli_lin_538,0.7479983,0.5339449
afrixnli_lin_539,0.63346595,0.89606524
afrixnli_lin_54,0.7467643,1.4440738
afrixnli_lin_540,0.7635237,0.08207443
afrixnli_lin_541,0.80420583,-0.8923034
afrixnli_lin_542,0.63346595,0.89606524
afrixnli_lin_543,0.61893564,0.45720002
afrixnli_lin_544,0.7059342,0.06079441
afrixnli_lin_545,0.57967764,0.43094468
afrixnli_lin_546,0.7467643,1.4440738
afrixnli_lin_547,0.63420725,0.89673305
afrixnli_lin_548,0.63346595,0.89606524
afrixnli_lin_549,0.7467643,1.4440738
afrixnli_lin_55,0.7602274,-0.39185357
afrixnli_lin_550,0.61893564,0.45720002
afrixnli_lin_551,0.7602274,-0.39185357
afrixnli_lin_552,0.63346595,0.89606524
afrixnli_lin_553,0.7635237,0.08207443
afrixnli_lin_554,0.7467643,1.4440738
afrixnli_lin_555,0.7611757,-0.39170244
afrixnli_lin_556,0.7467643,1.4440738
afrixnli_lin_557,0.7635237,0.08207443
afrixnli_lin_558,0.63346595,0.89606524
afrixnli_lin_559,0.7467643,1.4440738
afrixnli_lin_56,0.63420725,0.89673305
afrixnli_lin_560,0.61893564,0.45720002
afrixnli_lin_561,0.7602274,-0.39185357
afrixnli_lin_562,0.7467643,1.4440738
afrixnli_lin_563,0.61893564,0.45720002
afrixnli_lin_564,0.7479983,0.5339449
afrixnli_lin_565,0.63346595,0.89606524
afrixnli_lin_566,0.63420725,0.89673305
afrixnli_lin_567,0.7635237,0.08207443
afrixnli_lin_568,0.7467643,1.4440738
afrixnli_lin_569,0.63420725,0.89673305
afrixnli_lin_57,0.7602274,-0.39185357
afrixnli_lin_570,0.63346595,0.89606524
afrixnli_lin_571,0.63420725,0.89673305
afrixnli_lin_572,0.7602274,-0.39185357
afrixnli_lin_573,0.7635237,0.08207443
afrixnli_lin_574,0.57967764,0.43094468
afrixnli_lin_575,0.63420725,0.89673305
afrixnli_lin_576,0.63346595,0.89606524
afrixnli_lin_577,0.63420725,0.89673305
afrixnli_lin_578,0.7635237,0.08207443
afrixnli_lin_579,0.63420725,0.89673305
afrixnli_lin_58,0.7467643,1.4440738
afrixnli_lin_580,0.7467643,1.4440738
afrixnli_lin_581,0.7602274,-0.39185357
afrixnli_lin_582,0.7479983,0.5339449
afrixnli_lin_583,0.63420725,0.89673305
afrixnli_lin_584,0.7467643,1.4440738
afrixnli_lin_585,0.63346595,0.89606524
afrixnli_lin_586,0.63420725,0.89673305
afrixnli_lin_587,0.7479983,0.5339449
afrixnli_lin_588,0.7602274,-0.39185357
afrixnli_lin_589,0.7602274,-0.39185357
afrixnli_lin_59,0.63420725,0.89673305
afrixnli_lin_590,0.7467643,1.4440738
afrixnli_lin_591,0.6800837,0.49539727
afrixnli_lin_592,0.63346595,0.89606524
afrixnli_lin_593,0.7467643,1.4440738
afrixnli_lin_594,0.61893564,0.45720002
afrixnli_lin_595,0.68292916,0.9383759
afrixnli_lin_596,0.7635237,0.08207443
afrixnli_lin_597,0.63346595,0.89606524
afrixnli_lin_598,0.7635237,0.08207443
afrixnli_lin_599,0.7467643,1.4440738
afrixnli_lin_6,0.7467643,1.4440738
afrixnli_lin_60,0.7635237,0.08207443
afrixnli_lin_61,0.7467643,1.4440738
afrixnli_lin_62,0.61893564,0.45720002
afrixnli_lin_63,0.7059342,0.06079441
afrixnli_lin_64,0.59398746,0.019788202
afrixnli_lin_65,0.7467643,1.4440738
afrixnli_lin_66,0.7602274,-0.39185357
afrixnli_lin_67,0.7467643,1.4440738
afrixnli_lin_68,0.61893564,0.45720002
afrixnli_lin_69,0.7059342,0.06079441
afrixnli_lin_7,0.63420725,0.89673305
afrixnli_lin_70,0.7608128,0.996307
afrixnli_lin_71,0.63420725,0.89673305
afrixnli_lin_72,0.63346595,0.89606524
afrixnli_lin_73,0.7635237,0.08207443
afrixnli_lin_74,0.7467643,1.4440738
afrixnli_lin_75,0.59398746,0.019788202
afrixnli_lin_76,0.7602274,-0.39185357
afrixnli_lin_77,0.63420725,0.89673305
afrixnli_lin_78,0.61893564,0.45720002
afrixnli_lin_79,0.7635237,0.08207443
afrixnli_lin_8,0.63346595,0.89606524
afrixnli_lin_80,0.63346595,0.89606524
afrixnli_lin_81,0.59398746,0.019788202
afrixnli_lin_82,0.7602274,-0.39185357
afrixnli_lin_83,0.7467643,1.4440738
afrixnli_lin_84,0.63420725,0.89673305
afrixnli_lin_85,0.62752295,0.46276397
afrixnli_lin_86,0.7467643,1.4440738
afrixnli_lin_87,0.7467643,1.4440738
afrixnli_lin_88,0.80420583,-0.8923034
afrixnli_lin_89,0.63346595,0.89606524
afrixnli_lin_9,0.7467643,1.4440738
afrixnli_lin_90,0.7467643,1.4440738
afrixnli_lin_91,0.7467643,1.4440738
afrixnli_lin_92,0.63420725,0.89673305
afrixnli_lin_93,0.61893564,0.45720002
afrixnli_lin_94,0.62822515,0.46321607
afrixnli_lin_95,0.6182554,0.45675644
afrixnli_lin_96,0.7467643,1.4440738
afrixnli_lin_97,0.63346595,0.89606524
afrixnli_lin_98,0.61893564,0.45720002
afrixnli_lin_99,0.63420725,0.89673305
afrixnli_lug_0,0.7635237,0.08207443
afrixnli_lug_1,0.6182554,0.45675644
afrixnli_lug_10,0.7602274,-0.39185357
afrixnli_lug_100,0.7467643,1.4440738
afrixnli_lug_101,0.68292916,0.9383759
afrixnli_lug_102,0.7602274,-0.39185357
afrixnli_lug_103,0.7479983,0.5339449
afrixnli_lug_104,0.7635237,0.08207443
afrixnli_lug_105,0.7479983,0.5339449
afrixnli_lug_106,0.70679575,0.06111377
afrixnli_lug_107,0.69565564,-0.40068328
afrixnli_lug_108,0.63420725,0.89673305
afrixnli_lug_109,0.69565564,-0.40068328
afrixnli_lug_11,0.68292916,0.9383759
afrixnli_lug_110,0.7479983,0.5339449
afrixnli_lug_111,0.7059342,0.06079441
afrixnli_lug_112,0.7479983,0.5339449
afrixnli_lug_113,0.80420583,-0.8923034
afrixnli_lug_114,0.7479983,0.5339449
afrixnli_lug_115,0.7467643,1.4440738
afrixnli_lug_116,0.80420583,-0.8923034
afrixnli_lug_117,0.68292916,0.9383759
afrixnli_lug_118,0.7479983,0.5339449
afrixnli_lug_119,0.63346595,0.89606524
afrixnli_lug_12,0.7059342,0.06079441
afrixnli_lug_120,0.59398746,0.019788202
afrixnli_lug_121,0.7479983,0.5339449
afrixnli_lug_122,0.69565564,-0.40068328
afrixnli_lug_123,0.7467643,1.4440738
afrixnli_lug_124,0.7611757,-0.39170244
afrixnli_lug_125,0.6947077,0.9477968
afrixnli_lug_126,0.7602274,-0.39185357
afrixnli_lug_127,0.7635237,0.08207443
afrixnli_lug_128,0.7611757,-0.39170244
afrixnli_lug_129,0.67925465,0.49490166
afrixnli_lug_13,0.69565564,-0.40068328
afrixnli_lug_130,0.7602274,-0.39185357
afrixnli_lug_131,0.69540447,0.056891445
afrixnli_lug_132,0.59398746,0.019788202
afrixnli_lug_133,0.7635237,0.08207443
afrixnli_lug_134,0.80420583,-0.8923034
afrixnli_lug_135,0.73473793,0.5267357
afrixnli_lug_136,0.80420583,-0.8923034
afrixnli_lug_137,0.7479983,0.5339449
afrixnli_lug_138,0.64743423,0.03917148
afrixnli_lug_139,0.7059342,0.06079441
afrixnli_lug_14,0.7467643,1.4440738
afrixnli_lug_140,0.7635237,0.08207443
afrixnli_lug_141,0.7479983,0.5339449
afrixnli_lug_142,0.69565564,-0.40068328
afrixnli_lug_143,0.80420583,-0.8923034
afrixnli_lug_144,0.69565564,-0.40068328
afrixnli_lug_145,0.63420725,0.89673305
afrixnli_lug_146,0.7059342,0.06079441
afrixnli_lug_147,0.80420583,-0.8923034
afrixnli_lug_148,0.7635237,0.08207443
afrixnli_lug_149,0.80420583,-0.8923034
afrixnli_lug_15,0.7635237,0.08207443
afrixnli_lug_150,0.7611757,-0.39170244
afrixnli_lug_151,0.7635237,0.08207443
afrixnli_lug_152,0.6947077,0.9477968
afrixnli_lug_153,0.69457096,0.056582592
afrixnli_lug_154,0.7479983,0.5339449
afrixnli_lug_155,0.7635237,0.08207443
afrixnli_lug_156,0.7059342,0.06079441
afrixnli_lug_157,0.73473793,0.5267357
afrixnli_lug_158,0.61893564,0.45720002
afrixnli_lug_159,0.7467643,1.4440738
afrixnli_lug_16,0.7611757,-0.39170244
afrixnli_lug_160,0.68292916,0.9383759
afrixnli_lug_161,0.80420583,-0.8923034
afrixnli_lug_162,0.70651853,-0.39941782
afrixnli_lug_163,0.7479983,0.5339449
afrixnli_lug_164,0.59398746,0.019788202
afrixnli_lug_165,0.80420583,-0.8923034
afrixnli_lug_166,0.80420583,-0.8923034
afrixnli_lug_167,0.7611757,-0.39170244
afrixnli_lug_168,0.80420583,-0.8923034
afrixnli_lug_169,0.7479983,0.5339449
afrixnli_lug_17,0.7059342,0.06079441
afrixnli_lug_170,0.80420583,-0.8923034
afrixnli_lug_171,0.7611757,-0.39170244
afrixnli_lug_172,0.7479983,0.5339449
afrixnli_lug_173,0.57967764,0.43094468
afrixnli_lug_174,0.80420583,-0.8923034
afrixnli_lug_175,0.70651853,-0.39941782
afrixnli_lug_176,0.7602274,-0.39185357
afrixnli_lug_177,0.59398746,0.019788202
afrixnli_lug_178,0.7635237,0.08207443
afrixnli_lug_179,0.64314777,0.03759825
afrixnli_lug_18,0.7611757,-0.39170244
afrixnli_lug_180,0.64743423,0.03917148
afrixnli_lug_181,0.7059342,0.06079441
afrixnli_lug_182,0.7635237,0.08207443
afrixnli_lug_183,0.7635237,0.08207443
afrixnli_lug_184,0.59398746,0.019788202
afrixnli_lug_185,0.7479983,0.5339449
afrixnli_lug_186,0.80420583,-0.8923034
afrixnli_lug_187,0.7602274,-0.39185357
afrixnli_lug_188,0.67925465,0.49490166
afrixnli_lug_189,0.63346595,0.89606524
afrixnli_lug_19,0.80420583,-0.8923034
afrixnli_lug_190,0.7611757,-0.39170244
afrixnli_lug_191,0.7479983,0.5339449
afrixnli_lug_192,0.80420583,-0.8923034
afrixnli_lug_193,0.80420583,-0.8923034
afrixnli_lug_194,0.69540447,0.056891445
afrixnli_lug_195,0.7635237,0.08207443
afrixnli_lug_196,0.7611757,-0.39170244
afrixnli_lug_197,0.6182554,0.45675644
afrixnli_lug_198,0.7608128,0.996307
afrixnli_lug_199,0.7059342,0.06079441
afrixnli_lug_2,0.7635237,0.08207443
afrixnli_lug_20,0.7059342,0.06079441
afrixnli_lug_200,0.73473793,0.5267357
afrixnli_lug_201,0.6947077,0.9477968
afrixnli_lug_202,0.57967764,0.43094468
afrixnli_lug_203,0.7479983,0.5339449
afrixnli_lug_204,0.69457096,0.056582592
afrixnli_lug_205,0.7611757,-0.39170244
afrixnli_lug_206,0.7479983,0.5339449
afrixnli_lug_207,0.63420725,0.89673305
afrixnli_lug_208,0.7467643,1.4440738
afrixnli_lug_209,0.7479983,0.5339449
afrixnli_lug_21,0.69565564,-0.40068328
afrixnli_lug_210,0.6743284,0.49194366
afrixnli_lug_211,0.63346595,0.89606524
afrixnli_lug_212,0.7467643,1.4440738
afrixnli_lug_213,0.7602274,-0.39185357
afrixnli_lug_214,0.7467643,1.4440738
afrixnli_lug_215,0.70679575,0.06111377
afrixnli_lug_216,0.70651853,-0.39941782
afrixnli_lug_217,0.7479983,0.5339449
afrixnli_lug_218,0.67925465,0.49490166
afrixnli_lug_219,0.61893564,0.45720002
afrixnli_lug_22,0.7602274,-0.39185357
afrixnli_lug_220,0.7059342,0.06079441
afrixnli_lug_221,0.63346595,0.89606524
afrixnli_lug_222,0.6800837,0.49539727
afrixnli_lug_223,0.7635237,0.08207443
afrixnli_lug_224,0.67925465,0.49490166
afrixnli_lug_225,0.69565564,-0.40068328
afrixnli_lug_226,0.73473793,0.5267357
afrixnli_lug_227,0.80420583,-0.8923034
afrixnli_lug_228,0.7635237,0.08207443
afrixnli_lug_229,0.7611757,-0.39170244
afrixnli_lug_23,0.80420583,-0.8923034
afrixnli_lug_230,0.67925465,0.49490166
afrixnli_lug_231,0.61893564,0.45720002
afrixnli_lug_232,0.80420583,-0.8923034
afrixnli_lug_233,0.6800837,0.49539727
afrixnli_lug_234,0.69540447,0.056891445
afrixnli_lug_235,0.7608128,0.996307
afrixnli_lug_236,0.7479983,0.5339449
afrixnli_lug_237,0.7479983,0.5339449
afrixnli_lug_238,0.7608128,0.996307
afrixnli_lug_239,0.57967764,0.43094468
afrixnli_lug_24,0.7611757,-0.39170244
afrixnli_lug_240,0.7635237,0.08207443
afrixnli_lug_241,0.7467643,1.4440738
afrixnli_lug_242,0.7608128,0.996307
afrixnli_lug_243,0.64743423,0.03917148
afrixnli_lug_244,0.80420583,-0.8923034
afrixnli_lug_245,0.7635237,0.08207443
afrixnli_lug_246,0.80420583,-0.8923034
afrixnli_lug_247,0.57967764,0.43094468
afrixnli_lug_248,0.7479983,0.5339449
afrixnli_lug_249,0.80420583,-0.8923034
afrixnli_lug_25,0.70679575,0.06111377
afrixnli_lug_250,0.69565564,-0.40068328
afrixnli_lug_251,0.6947077,0.9477968
afrixnli_lug_252,0.80420583,-0.8923034
afrixnli_lug_253,0.68292916,0.9383759
afrixnli_lug_254,0.80420583,-0.8923034
afrixnli_lug_255,0.7059342,0.06079441
afrixnli_lug_256,0.7611757,-0.39170244
afrixnli_lug_257,0.7635237,0.08207443
afrixnli_lug_258,0.69565564,-0.40068328
afrixnli_lug_259,0.67925465,0.49490166
afrixnli_lug_26,0.7059342,0.06079441
afrixnli_lug_260,0.7635237,0.08207443
afrixnli_lug_261,0.6947077,0.9477968
afrixnli_lug_262,0.70651853,-0.39941782
afrixnli_lug_263,0.7602274,-0.39185357
afrixnli_lug_264,0.7467643,1.4440738
afrixnli_lug_265,0.57967764,0.43094468
afrixnli_lug_266,0.7635237,0.08207443
afrixnli_lug_267,0.7635237,0.08207443
afrixnli_lug_268,0.80420583,-0.8923034
afrixnli_lug_269,0.7635237,0.08207443
afrixnli_lug_27,0.80420583,-0.8923034
afrixnli_lug_270,0.69565564,-0.40068328
afrixnli_lug_271,0.7479983,0.5339449
afrixnli_lug_272,0.7611757,-0.39170244
afrixnli_lug_273,0.80420583,-0.8923034
afrixnli_lug_274,0.7608128,0.996307
afrixnli_lug_275,0.80420583,-0.8923034
afrixnli_lug_276,0.64743423,0.03917148
afrixnli_lug_277,0.59398746,0.019788202
afrixnli_lug_278,0.7479983,0.5339449
afrixnli_lug_279,0.80420583,-0.8923034
afrixnli_lug_28,0.80420583,-0.8923034
afrixnli_lug_280,0.7602274,-0.39185357
afrixnli_lug_281,0.7611757,-0.39170244
afrixnli_lug_282,0.7635237,0.08207443
afrixnli_lug_283,0.80420583,-0.8923034
afrixnli_lug_284,0.7479983,0.5339449
afrixnli_lug_285,0.69565564,-0.40068328
afrixnli_lug_286,0.7479983,0.5339449
afrixnli_lug_287,0.7635237,0.08207443
afrixnli_lug_288,0.7479983,0.5339449
afrixnli_lug_289,0.7611757,-0.39170244
afrixnli_lug_29,0.80420583,-0.8923034
afrixnli_lug_290,0.80420583,-0.8923034
afrixnli_lug_291,0.80420583,-0.8923034
afrixnli_lug_292,0.7479983,0.5339449
afrixnli_lug_293,0.80420583,-0.8923034
afrixnli_lug_294,0.6947077,0.9477968
afrixnli_lug_295,0.70679575,0.06111377
afrixnli_lug_296,0.57967764,0.43094468
afrixnli_lug_297,0.7611757,-0.39170244
afrixnli_lug_298,0.6182554,0.45675644
afrixnli_lug_299,0.7479983,0.5339449
afrixnli_lug_3,0.7602274,-0.39185357
afrixnli_lug_30,0.63346595,0.89606524
afrixnli_lug_300,0.7611757,-0.39170244
afrixnli_lug_301,0.80420583,-0.8923034
afrixnli_lug_302,0.69565564,-0.40068328
afrixnli_lug_303,0.80420583,-0.8923034
afrixnli_lug_304,0.7479983,0.5339449
afrixnli_lug_305,0.67925465,0.49490166
afrixnli_lug_306,0.80420583,-0.8923034
afrixnli_lug_307,0.80420583,-0.8923034
afrixnli_lug_308,0.7608128,0.996307
afrixnli_lug_309,0.69565564,-0.40068328
afrixnli_lug_31,0.73473793,0.5267357
afrixnli_lug_310,0.70679575,0.06111377
afrixnli_lug_311,0.7608128,0.996307
afrixnli_lug_312,0.70651853,-0.39941782
afrixnli_lug_313,0.80420583,-0.8923034
afrixnli_lug_314,0.69565564,-0.40068328
afrixnli_lug_315,0.7635237,0.08207443
afrixnli_lug_316,0.7602274,-0.39185357
afrixnli_lug_317,0.69540447,0.056891445
afrixnli_lug_318,0.7059342,0.06079441
afrixnli_lug_319,0.7602274,-0.39185357
afrixnli_lug_32,0.59398746,0.019788202
afrixnli_lug_320,0.80420583,-0.8923034
afrixnli_lug_321,0.7635237,0.08207443
afrixnli_lug_322,0.69565564,-0.40068328
afrixnli_lug_323,0.7479983,0.5339449
afrixnli_lug_324,0.80420583,-0.8923034
afrixnli_lug_325,0.7611757,-0.39170244
afrixnli_lug_326,0.7479983,0.5339449
afrixnli_lug_327,0.64743423,0.03917148
afrixnli_lug_328,0.70679575,0.06111377
afrixnli_lug_329,0.80420583,-0.8923034
afrixnli_lug_33,0.7479983,0.5339449
afrixnli_lug_330,0.68292916,0.9383759
afrixnli_lug_331,0.80420583,-0.8923034
afrixnli_lug_332,0.62822515,0.46321607
afrixnli_lug_333,0.7635237,0.08207443
afrixnli_lug_334,0.80420583,-0.8923034
afrixnli_lug_335,0.80420583,-0.8923034
afrixnli_lug_336,0.7635237,0.08207443
afrixnli_lug_337,0.69457096,0.056582592
afrixnli_lug_338,0.6182554,0.45675644
afrixnli_lug_339,0.7479983,0.5339449
afrixnli_lug_34,0.69565564,-0.40068328
afrixnli_lug_340,0.80420583,-0.8923034
afrixnli_lug_341,0.69565564,-0.40068328
afrixnli_lug_342,0.7611757,-0.39170244
afrixnli_lug_343,0.7479983,0.5339449
afrixnli_lug_344,0.69565564,-0.40068328
afrixnli_lug_345,0.7479983,0.5339449
afrixnli_lug_346,0.70651853,-0.39941782
afrixnli_lug_347,0.7608128,0.996307
afrixnli_lug_348,0.80420583,-0.8923034
afrixnli_lug_349,0.80420583,-0.8923034
afrixnli_lug_35,0.69565564,-0.40068328
afrixnli_lug_350,0.7059342,0.06079441
afrixnli_lug_351,0.73473793,0.5267357
afrixnli_lug_352,0.7479983,0.5339449
afrixnli_lug_353,0.64546615,-0.40515158
afrixnli_lug_354,0.7611757,-0.39170244
afrixnli_lug_355,0.69457096,0.056582592
afrixnli_lug_356,0.7602274,-0.39185357
afrixnli_lug_357,0.70679575,0.06111377
afrixnli_lug_358,0.6182554,0.45675644
afrixnli_lug_359,0.6800837,0.49539727
afrixnli_lug_36,0.70651853,-0.39941782
afrixnli_lug_360,0.80420583,-0.8923034
afrixnli_lug_361,0.7611757,-0.39170244
afrixnli_lug_362,0.7479983,0.5339449
afrixnli_lug_363,0.7059342,0.06079441
afrixnli_lug_364,0.70651853,-0.39941782
afrixnli_lug_365,0.80420583,-0.8923034
afrixnli_lug_366,0.7611757,-0.39170244
afrixnli_lug_367,0.64743423,0.03917148
afrixnli_lug_368,0.7611757,-0.39170244
afrixnli_lug_369,0.68292916,0.9383759
afrixnli_lug_37,0.7635237,0.08207443
afrixnli_lug_370,0.80420583,-0.8923034
afrixnli_lug_371,0.7467643,1.4440738
afrixnli_lug_372,0.73473793,0.5267357
afrixnli_lug_373,0.62822515,0.46321607
afrixnli_lug_374,0.7608128,0.996307
afrixnli_lug_375,0.7479983,0.5339449
afrixnli_lug_376,0.7608128,0.996307
afrixnli_lug_377,0.64546615,-0.40515158
afrixnli_lug_378,0.7479983,0.5339449
afrixnli_lug_379,0.80420583,-0.8923034
afrixnli_lug_38,0.64743423,0.03917148
afrixnli_lug_380,0.80420583,-0.8923034
afrixnli_lug_381,0.70651853,-0.39941782
afrixnli_lug_382,0.70651853,-0.39941782
afrixnli_lug_383,0.70651853,-0.39941782
afrixnli_lug_384,0.70679575,0.06111377
afrixnli_lug_385,0.7602274,-0.39185357
afrixnli_lug_386,0.7635237,0.08207443
afrixnli_lug_387,0.80420583,-0.8923034
afrixnli_lug_388,0.7611757,-0.39170244
afrixnli_lug_389,0.80420583,-0.8923034
afrixnli_lug_39,0.7467643,1.4440738
afrixnli_lug_390,0.80420583,-0.8923034
afrixnli_lug_391,0.57967764,0.43094468
afrixnli_lug_392,0.73473793,0.5267357
afrixnli_lug_393,0.70651853,-0.39941782
afrixnli_lug_394,0.80420583,-0.8923034
afrixnli_lug_395,0.7608128,0.996307
afrixnli_lug_396,0.7467643,1.4440738
afrixnli_lug_397,0.69457096,0.056582592
afrixnli_lug_398,0.59398746,0.019788202
afrixnli_lug_399,0.80420583,-0.8923034
afrixnli_lug_4,0.7611757,-0.39170244
afrixnli_lug_40,0.7602274,-0.39185357
afrixnli_lug_400,0.69540447,0.056891445
afrixnli_lug_401,0.7602274,-0.39185357
afrixnli_lug_402,0.80420583,-0.8923034
afrixnli_lug_403,0.80420583,-0.8923034
afrixnli_lug_404,0.70679575,0.06111377
afrixnli_lug_405,0.7635237,0.08207443
afrixnli_lug_406,0.7635237,0.08207443
afrixnli_lug_407,0.80420583,-0.8923034
afrixnli_lug_408,0.7611757,-0.39170244
afrixnli_lug_409,0.80420583,-0.8923034
afrixnli_lug_41,0.7611757,-0.39170244
afrixnli_lug_410,0.7635237,0.08207443
afrixnli_lug_411,0.67925465,0.49490166
afrixnli_lug_412,0.69565564,-0.40068328
afrixnli_lug_413,0.7635237,0.08207443
afrixnli_lug_414,0.6947077,0.9477968
afrixnli_lug_415,0.61893564,0.45720002
afrixnli_lug_416,0.7608128,0.996307
afrixnli_lug_417,0.7602274,-0.39185357
afrixnli_lug_418,0.7479983,0.5339449
afrixnli_lug_419,0.63346595,0.89606524
afrixnli_lug_42,0.7635237,0.08207443
afrixnli_lug_420,0.7479983,0.5339449
afrixnli_lug_421,0.64546615,-0.40515158
afrixnli_lug_422,0.7635237,0.08207443
afrixnli_lug_423,0.80420583,-0.8923034
afrixnli_lug_424,0.80420583,-0.8923034
afrixnli_lug_425,0.70651853,-0.39941782
afrixnli_lug_426,0.80420583,-0.8923034
afrixnli_lug_427,0.80420583,-0.8923034
afrixnli_lug_428,0.80420583,-0.8923034
afrixnli_lug_429,0.7635237,0.08207443
afrixnli_lug_43,0.59398746,0.019788202
afrixnli_lug_430,0.7635237,0.08207443
afrixnli_lug_431,0.80420583,-0.8923034
afrixnli_lug_432,0.70679575,0.06111377
afrixnli_lug_433,0.7059342,0.06079441
afrixnli_lug_434,0.61893564,0.45720002
afrixnli_lug_435,0.7059342,0.06079441
afrixnli_lug_436,0.69565564,-0.40068328
afrixnli_lug_437,0.7611757,-0.39170244
afrixnli_lug_438,0.7611757,-0.39170244
afrixnli_lug_439,0.69457096,0.056582592
afrixnli_lug_44,0.63346595,0.89606524
afrixnli_lug_440,0.80420583,-0.8923034
afrixnli_lug_441,0.7611757,-0.39170244
afrixnli_lug_442,0.6182554,0.45675644
afrixnli_lug_443,0.63346595,0.89606524
afrixnli_lug_444,0.73473793,0.5267357
afrixnli_lug_445,0.80420583,-0.8923034
afrixnli_lug_446,0.80420583,-0.8923034
afrixnli_lug_447,0.7608128,0.996307
afrixnli_lug_448,0.70679575,0.06111377
afrixnli_lug_449,0.7467643,1.4440738
afrixnli_lug_45,0.7635237,0.08207443
afrixnli_lug_450,0.80420583,-0.8923034
afrixnli_lug_451,0.7611757,-0.39170244
afrixnli_lug_452,0.80420583,-0.8923034
afrixnli_lug_453,0.70679575,0.06111377
afrixnli_lug_454,0.7602274,-0.39185357
afrixnli_lug_455,0.73473793,0.5267357
afrixnli_lug_456,0.7602274,-0.39185357
afrixnli_lug_457,0.7635237,0.08207443
afrixnli_lug_458,0.7611757,-0.39170244
afrixnli_lug_459,0.59398746,0.019788202
afrixnli_lug_46,0.80420583,-0.8923034
afrixnli_lug_460,0.7479983,0.5339449
afrixnli_lug_461,0.7479983,0.5339449
afrixnli_lug_462,0.69565564,-0.40068328
afrixnli_lug_463,0.69565564,-0.40068328
afrixnli_lug_464,0.6947077,0.9477968
afrixnli_lug_465,0.70651853,-0.39941782
afrixnli_lug_466,0.7602274,-0.39185357
afrixnli_lug_467,0.7635237,0.08207443
afrixnli_lug_468,0.7635237,0.08207443
afrixnli_lug_469,0.80420583,-0.8923034
afrixnli_lug_47,0.80420583,-0.8923034
afrixnli_lug_470,0.7611757,-0.39170244
afrixnli_lug_471,0.7602274,-0.39185357
afrixnli_lug_472,0.62752295,0.46276397
afrixnli_lug_473,0.7611757,-0.39170244
afrixnli_lug_474,0.80420583,-0.8923034
afrixnli_lug_475,0.7635237,0.08207443
afrixnli_lug_476,0.7602274,-0.39185357
afrixnli_lug_477,0.80420583,-0.8923034
afrixnli_lug_478,0.7059342,0.06079441
afrixnli_lug_479,0.7635237,0.08207443
afrixnli_lug_48,0.68292916,0.9383759
afrixnli_lug_480,0.7635237,0.08207443
afrixnli_lug_481,0.80420583,-0.8923034
afrixnli_lug_482,0.80420583,-0.8923034
afrixnli_lug_483,0.80420583,-0.8923034
afrixnli_lug_484,0.7611757,-0.39170244
afrixnli_lug_485,0.7479983,0.5339449
afrixnli_lug_486,0.7059342,0.06079441
afrixnli_lug_487,0.7611757,-0.39170244
afrixnli_lug_488,0.7635237,0.08207443
afrixnli_lug_489,0.7608128,0.996307
afrixnli_lug_49,0.63420725,0.89673305
afrixnli_lug_490,0.7608128,0.996307
afrixnli_lug_491,0.7635237,0.08207443
afrixnli_lug_492,0.7611757,-0.39170244
afrixnli_lug_493,0.61893564,0.45720002
afrixnli_lug_494,0.7467643,1.4440738
afrixnli_lug_495,0.69565564,-0.40068328
afrixnli_lug_496,0.80420583,-0.8923034
afrixnli_lug_497,0.7602274,-0.39185357
afrixnli_lug_498,0.7059342,0.06079441
afrixnli_lug_499,0.7479983,0.5339449
afrixnli_lug_5,0.7602274,-0.39185357
afrixnli_lug_50,0.7479983,0.5339449
afrixnli_lug_500,0.6800837,0.49539727
afrixnli_lug_501,0.7602274,-0.39185357
afrixnli_lug_502,0.6182554,0.45675644
afrixnli_lug_503,0.7611757,-0.39170244
afrixnli_lug_504,0.7059342,0.06079441
afrixnli_lug_505,0.57967764,0.43094468
afrixnli_lug_506,0.7602274,-0.39185357
afrixnli_lug_507,0.7635237,0.08207443
afrixnli_lug_508,0.7611757,-0.39170244
afrixnli_lug_509,0.7635237,0.08207443
afrixnli_lug_51,0.7059342,0.06079441
afrixnli_lug_510,0.70651853,-0.39941782
afrixnli_lug_511,0.70651853,-0.39941782
afrixnli_lug_512,0.80420583,-0.8923034
afrixnli_lug_513,0.7635237,0.08207443
afrixnli_lug_514,0.68292916,0.9383759
afrixnli_lug_515,0.69457096,0.056582592
afrixnli_lug_516,0.7635237,0.08207443
afrixnli_lug_517,0.7635237,0.08207443
afrixnli_lug_518,0.80420583,-0.8923034
afrixnli_lug_519,0.80420583,-0.8923034
afrixnli_lug_52,0.61893564,0.45720002
afrixnli_lug_520,0.7059342,0.06079441
afrixnli_lug_521,0.80420583,-0.8923034
afrixnli_lug_522,0.70679575,0.06111377
afrixnli_lug_523,0.69565564,-0.40068328
afrixnli_lug_524,0.7602274,-0.39185357
afrixnli_lug_525,0.7635237,0.08207443
afrixnli_lug_526,0.70679575,0.06111377
afrixnli_lug_527,0.69457096,0.056582592
afrixnli_lug_528,0.70679575,0.06111377
afrixnli_lug_529,0.80420583,-0.8923034
afrixnli_lug_53,0.7467643,1.4440738
afrixnli_lug_530,0.80420583,-0.8923034
afrixnli_lug_531,0.7611757,-0.39170244
afrixnli_lug_532,0.7635237,0.08207443
afrixnli_lug_533,0.63346595,0.89606524
afrixnli_lug_534,0.64743423,0.03917148
afrixnli_lug_535,0.7467643,1.4440738
afrixnli_lug_536,0.7611757,-0.39170244
afrixnli_lug_537,0.73473793,0.5267357
afrixnli_lug_538,0.6947077,0.9477968
afrixnli_lug_539,0.7608128,0.996307
afrixnli_lug_54,0.61893564,0.45720002
afrixnli_lug_540,0.7635237,0.08207443
afrixnli_lug_541,0.80420583,-0.8923034
afrixnli_lug_542,0.7602274,-0.39185357
afrixnli_lug_543,0.80420583,-0.8923034
afrixnli_lug_544,0.7611757,-0.39170244
afrixnli_lug_545,0.69457096,0.056582592
afrixnli_lug_546,0.68292916,0.9383759
afrixnli_lug_547,0.57967764,0.43094468
afrixnli_lug_548,0.62752295,0.46276397
afrixnli_lug_549,0.7635237,0.08207443
afrixnli_lug_55,0.7059342,0.06079441
afrixnli_lug_550,0.7479983,0.5339449
afrixnli_lug_551,0.70679575,0.06111377
afrixnli_lug_552,0.7467643,1.4440738
afrixnli_lug_553,0.7479983,0.5339449
afrixnli_lug_554,0.7611757,-0.39170244
afrixnli_lug_555,0.7602274,-0.39185357
afrixnli_lug_556,0.73473793,0.5267357
afrixnli_lug_557,0.7467643,1.4440738
afrixnli_lug_558,0.7611757,-0.39170244
afrixnli_lug_559,0.7611757,-0.39170244
afrixnli_lug_56,0.69540447,0.056891445
afrixnli_lug_560,0.69457096,0.056582592
afrixnli_lug_561,0.7602274,-0.39185357
afrixnli_lug_562,0.80420583,-0.8923034
afrixnli_lug_563,0.7602274,-0.39185357
afrixnli_lug_564,0.7059342,0.06079441
afrixnli_lug_565,0.7608128,0.996307
afrixnli_lug_566,0.6743284,0.49194366
afrixnli_lug_567,0.7602274,-0.39185357
afrixnli_lug_568,0.7635237,0.08207443
afrixnli_lug_569,0.64743423,0.03917148
afrixnli_lug_57,0.63346595,0.89606524
afrixnli_lug_570,0.80420583,-0.8923034
afrixnli_lug_571,0.69565564,-0.40068328
afrixnli_lug_572,0.7635237,0.08207443
afrixnli_lug_573,0.7635237,0.08207443
afrixnli_lug_574,0.73473793,0.5267357
afrixnli_lug_575,0.7608128,0.996307
afrixnli_lug_576,0.7467643,1.4440738
afrixnli_lug_577,0.7602274,-0.39185357
afrixnli_lug_578,0.7611757,-0.39170244
afrixnli_lug_579,0.69565564,-0.40068328
afrixnli_lug_58,0.73473793,0.5267357
afrixnli_lug_580,0.7467643,1.4440738
afrixnli_lug_581,0.7635237,0.08207443
afrixnli_lug_582,0.7635237,0.08207443
afrixnli_lug_583,0.7611757,-0.39170244
afrixnli_lug_584,0.6743284,0.49194366
afrixnli_lug_585,0.7467643,1.4440738
afrixnli_lug_586,0.59398746,0.019788202
afrixnli_lug_587,0.7479983,0.5339449
afrixnli_lug_588,0.80420583,-0.8923034
afrixnli_lug_589,0.7611757,-0.39170244
afrixnli_lug_59,0.7467643,1.4440738
afrixnli_lug_590,0.57967764,0.43094468
afrixnli_lug_591,0.69565564,-0.40068328
afrixnli_lug_592,0.7479983,0.5339449
afrixnli_lug_593,0.7479983,0.5339449
afrixnli_lug_594,0.69565564,-0.40068328
afrixnli_lug_595,0.80420583,-0.8923034
afrixnli_lug_596,0.7635237,0.08207443
afrixnli_lug_597,0.80420583,-0.8923034
afrixnli_lug_598,0.7602274,-0.39185357
afrixnli_lug_599,0.69565564,-0.40068328
afrixnli_lug_6,0.7635237,0.08207443
afrixnli_lug_60,0.7479983,0.5339449
afrixnli_lug_61,0.80420583,-0.8923034
afrixnli_lug_62,0.69565564,-0.40068328
afrixnli_lug_63,0.7479983,0.5339449
afrixnli_lug_64,0.59398746,0.019788202
afrixnli_lug_65,0.67925465,0.49490166
afrixnli_lug_66,0.7479983,0.5339449
afrixnli_lug_67,0.69565564,-0.40068328
afrixnli_lug_68,0.63420725,0.89673305
afrixnli_lug_69,0.7059342,0.06079441
afrixnli_lug_7,0.6800837,0.49539727
afrixnli_lug_70,0.80420583,-0.8923034
afrixnli_lug_71,0.69565564,-0.40068328
afrixnli_lug_72,0.7602274,-0.39185357
afrixnli_lug_73,0.7479983,0.5339449
afrixnli_lug_74,0.61893564,0.45720002
afrixnli_lug_75,0.73473793,0.5267357
afrixnli_lug_76,0.63420725,0.89673305
afrixnli_lug_77,0.7602274,-0.39185357
afrixnli_lug_78,0.61893564,0.45720002
afrixnli_lug_79,0.7635237,0.08207443
afrixnli_lug_8,0.70679575,0.06111377
afrixnli_lug_80,0.7467643,1.4440738
afrixnli_lug_81,0.63346595,0.89606524
afrixnli_lug_82,0.7479983,0.5339449
afrixnli_lug_83,0.7635237,0.08207443
afrixnli_lug_84,0.69565564,-0.40068328
afrixnli_lug_85,0.7635237,0.08207443
afrixnli_lug_86,0.7467643,1.4440738
afrixnli_lug_87,0.7602274,-0.39185357
afrixnli_lug_88,0.7611757,-0.39170244
afrixnli_lug_89,0.7635237,0.08207443
afrixnli_lug_9,0.7611757,-0.39170244
afrixnli_lug_90,0.70679575,0.06111377
afrixnli_lug_91,0.70679575,0.06111377
afrixnli_lug_92,0.69457096,0.056582592
afrixnli_lug_93,0.6800837,0.49539727
afrixnli_lug_94,0.70679575,0.06111377
afrixnli_lug_95,0.7635237,0.08207443
afrixnli_lug_96,0.7479983,0.5339449
afrixnli_lug_97,0.69540447,0.056891445
afrixnli_lug_98,0.70651853,-0.39941782
afrixnli_lug_99,0.68292916,0.9383759
afrixnli_orm_0,0.7611757,-0.39170244
afrixnli_orm_1,0.7467643,1.4440738
afrixnli_orm_10,0.80420583,-0.8923034
afrixnli_orm_100,0.57967764,0.43094468
afrixnli_orm_101,0.7635237,0.08207443
afrixnli_orm_102,0.64546615,-0.40515158
afrixnli_orm_103,0.62752295,0.46276397
afrixnli_orm_104,0.68292916,0.9383759
afrixnli_orm_105,0.7479983,0.5339449
afrixnli_orm_106,0.70679575,0.06111377
afrixnli_orm_107,0.7611757,-0.39170244
afrixnli_orm_108,0.68292916,0.9383759
afrixnli_orm_109,0.69565564,-0.40068328
afrixnli_orm_11,0.7611757,-0.39170244
afrixnli_orm_110,0.7635237,0.08207443
afrixnli_orm_111,0.7635237,0.08207443
afrixnli_orm_112,0.7479983,0.5339449
afrixnli_orm_113,0.80420583,-0.8923034
afrixnli_orm_114,0.7059342,0.06079441
afrixnli_orm_115,0.7467643,1.4440738
afrixnli_orm_116,0.7611757,-0.39170244
afrixnli_orm_117,0.63420725,0.89673305
afrixnli_orm_118,0.6947077,0.9477968
afrixnli_orm_119,0.67925465,0.49490166
afrixnli_orm_12,0.7479983,0.5339449
afrixnli_orm_120,0.59398746,0.019788202
afrixnli_orm_121,0.7635237,0.08207443
afrixnli_orm_122,0.69540447,0.056891445
afrixnli_orm_123,0.80420583,-0.8923034
afrixnli_orm_124,0.80420583,-0.8923034
afrixnli_orm_125,0.68292916,0.9383759
afrixnli_orm_126,0.80420583,-0.8923034
afrixnli_orm_127,0.7059342,0.06079441
afrixnli_orm_128,0.69457096,0.056582592
afrixnli_orm_129,0.69457096,0.056582592
afrixnli_orm_13,0.80420583,-0.8923034
afrixnli_orm_130,0.7602274,-0.39185357
afrixnli_orm_131,0.63420725,0.89673305
afrixnli_orm_132,0.64743423,0.03917148
afrixnli_orm_133,0.7479983,0.5339449
afrixnli_orm_134,0.80420583,-0.8923034
afrixnli_orm_135,0.80420583,-0.8923034
afrixnli_orm_136,0.80420583,-0.8923034
afrixnli_orm_137,0.7479983,0.5339449
afrixnli_orm_138,0.6800837,0.49539727
afrixnli_orm_139,0.80420583,-0.8923034
afrixnli_orm_14,0.7635237,0.08207443
afrixnli_orm_140,0.7635237,0.08207443
afrixnli_orm_141,0.7602274,-0.39185357
afrixnli_orm_142,0.80420583,-0.8923034
afrixnli_orm_143,0.80420583,-0.8923034
afrixnli_orm_144,0.7467643,1.4440738
afrixnli_orm_145,0.69540447,0.056891445
afrixnli_orm_146,0.7479983,0.5339449
afrixnli_orm_147,0.80420583,-0.8923034
afrixnli_orm_148,0.7635237,0.08207443
afrixnli_orm_149,0.70651853,-0.39941782
afrixnli_orm_15,0.7635237,0.08207443
afrixnli_orm_150,0.7611757,-0.39170244
afrixnli_orm_151,0.7635237,0.08207443
afrixnli_orm_152,0.67925465,0.49490166
afrixnli_orm_153,0.59398746,0.019788202
afrixnli_orm_154,0.7635237,0.08207443
afrixnli_orm_155,0.7479983,0.5339449
afrixnli_orm_156,0.7635237,0.08207443
afrixnli_orm_157,0.7059342,0.06079441
afrixnli_orm_158,0.63420725,0.89673305
afrixnli_orm_159,0.64743423,0.03917148
afrixnli_orm_16,0.7602274,-0.39185357
afrixnli_orm_160,0.80420583,-0.8923034
afrixnli_orm_161,0.7479983,0.5339449
afrixnli_orm_162,0.69565564,-0.40068328
afrixnli_orm_163,0.7479983,0.5339449
afrixnli_orm_164,0.80420583,-0.8923034
afrixnli_orm_165,0.80420583,-0.8923034
afrixnli_orm_166,0.80420583,-0.8923034
afrixnli_orm_167,0.7602274,-0.39185357
afrixnli_orm_168,0.7611757,-0.39170244
afrixnli_orm_169,0.7635237,0.08207443
afrixnli_orm_17,0.64743423,0.03917148
afrixnli_orm_170,0.80420583,-0.8923034
afrixnli_orm_171,0.63346595,0.89606524
afrixnli_orm_172,0.7635237,0.08207443
afrixnli_orm_173,0.63346595,0.89606524
afrixnli_orm_174,0.80420583,-0.8923034
afrixnli_orm_175,0.7479983,0.5339449
afrixnli_orm_176,0.7635237,0.08207443
afrixnli_orm_177,0.73473793,0.5267357
afrixnli_orm_178,0.7635237,0.08207443
afrixnli_orm_179,0.7611757,-0.39170244
afrixnli_orm_18,0.7602274,-0.39185357
afrixnli_orm_180,0.70651853,-0.39941782
afrixnli_orm_181,0.7059342,0.06079441
afrixnli_orm_182,0.7635237,0.08207443
afrixnli_orm_183,0.7635237,0.08207443
afrixnli_orm_184,0.6800837,0.49539727
afrixnli_orm_185,0.7479983,0.5339449
afrixnli_orm_186,0.59398746,0.019788202
afrixnli_orm_187,0.69457096,0.056582592
afrixnli_orm_188,0.6947077,0.9477968
afrixnli_orm_189,0.69565564,-0.40068328
afrixnli_orm_19,0.80420583,-0.8923034
afrixnli_orm_190,0.80420583,-0.8923034
afrixnli_orm_191,0.7602274,-0.39185357
afrixnli_orm_192,0.80420583,-0.8923034
afrixnli_orm_193,0.7635237,0.08207443
afrixnli_orm_194,0.80420583,-0.8923034
afrixnli_orm_195,0.73473793,0.5267357
afrixnli_orm_196,0.7602274,-0.39185357
afrixnli_orm_197,0.69540447,0.056891445
afrixnli_orm_198,0.73473793,0.5267357
afrixnli_orm_199,0.7635237,0.08207443
afrixnli_orm_2,0.7467643,1.4440738
afrixnli_orm_20,0.7635237,0.08207443
afrixnli_orm_200,0.73473793,0.5267357
afrixnli_orm_201,0.7608128,0.996307
afrixnli_orm_202,0.61893564,0.45720002
afrixnli_orm_203,0.7602274,-0.39185357
afrixnli_orm_204,0.68292916,0.9383759
afrixnli_orm_205,0.80420583,-0.8923034
afrixnli_orm_206,0.73473793,0.5267357
afrixnli_orm_207,0.61893564,0.45720002
afrixnli_orm_208,0.68292916,0.9383759
afrixnli_orm_209,0.7479983,0.5339449
afrixnli_orm_21,0.59398746,0.019788202
afrixnli_orm_210,0.7479983,0.5339449
afrixnli_orm_211,0.68292916,0.9383759
afrixnli_orm_212,0.80420583,-0.8923034
afrixnli_orm_213,0.7479983,0.5339449
afrixnli_orm_214,0.70679575,0.06111377
afrixnli_orm_215,0.7602274,-0.39185357
afrixnli_orm_216,0.70679575,0.06111377
afrixnli_orm_217,0.7635237,0.08207443
afrixnli_orm_218,0.80420583,-0.8923034
afrixnli_orm_219,0.6800837,0.49539727
afrixnli_orm_22,0.7602274,-0.39185357
afrixnli_orm_220,0.7602274,-0.39185357
afrixnli_orm_221,0.67925465,0.49490166
afrixnli_orm_222,0.73473793,0.5267357
afrixnli_orm_223,0.7059342,0.06079441
afrixnli_orm_224,0.63346595,0.89606524
afrixnli_orm_225,0.80420583,-0.8923034
afrixnli_orm_226,0.7635237,0.08207443
afrixnli_orm_227,0.69540447,0.056891445
afrixnli_orm_228,0.7611757,-0.39170244
afrixnli_orm_229,0.7611757,-0.39170244
afrixnli_orm_23,0.7611757,-0.39170244
afrixnli_orm_230,0.7602274,-0.39185357
afrixnli_orm_231,0.73473793,0.5267357
afrixnli_orm_232,0.7611757,-0.39170244
afrixnli_orm_233,0.7608128,0.996307
afrixnli_orm_234,0.69565564,-0.40068328
afrixnli_orm_235,0.73473793,0.5267357
afrixnli_orm_236,0.7479983,0.5339449
afrixnli_orm_237,0.7635237,0.08207443
afrixnli_orm_238,0.70651853,-0.39941782
afrixnli_orm_239,0.57967764,0.43094468
afrixnli_orm_24,0.7611757,-0.39170244
afrixnli_orm_240,0.7602274,-0.39185357
afrixnli_orm_241,0.7479983,0.5339449
afrixnli_orm_242,0.80420583,-0.8923034
afrixnli_orm_243,0.69565564,-0.40068328
afrixnli_orm_244,0.7479983,0.5339449
afrixnli_orm_245,0.73473793,0.5267357
afrixnli_orm_246,0.80420583,-0.8923034
afrixnli_orm_247,0.80420583,-0.8923034
afrixnli_orm_248,0.7479983,0.5339449
afrixnli_orm_249,0.7611757,-0.39170244
afrixnli_orm_25,0.80420583,-0.8923034
afrixnli_orm_250,0.80420583,-0.8923034
afrixnli_orm_251,0.7608128,0.996307
afrixnli_orm_252,0.69565564,-0.40068328
afrixnli_orm_253,0.7635237,0.08207443
afrixnli_orm_254,0.70651853,-0.39941782
afrixnli_orm_255,0.7635237,0.08207443
afrixnli_orm_256,0.7611757,-0.39170244
afrixnli_orm_257,0.7602274,-0.39185357
afrixnli_orm_258,0.80420583,-0.8923034
afrixnli_orm_259,0.69565564,-0.40068328
afrixnli_orm_26,0.7479983,0.5339449
afrixnli_orm_260,0.7635237,0.08207443
afrixnli_orm_261,0.62822515,0.46321607
afrixnli_orm_262,0.6743284,0.49194366
afrixnli_orm_263,0.7611757,-0.39170244
afrixnli_orm_264,0.6800837,0.49539727
afrixnli_orm_265,0.7611757,-0.39170244
afrixnli_orm_266,0.7479983,0.5339449
afrixnli_orm_267,0.7611757,-0.39170244
afrixnli_orm_268,0.80420583,-0.8923034
afrixnli_orm_269,0.70679575,0.06111377
afrixnli_orm_27,0.80420583,-0.8923034
afrixnli_orm_270,0.69565564,-0.40068328
afrixnli_orm_271,0.7479983,0.5339449
afrixnli_orm_272,0.80420583,-0.8923034
afrixnli_orm_273,0.80420583,-0.8923034
afrixnli_orm_274,0.7467643,1.4440738
afrixnli_orm_275,0.70651853,-0.39941782
afrixnli_orm_276,0.64743423,0.03917148
afrixnli_orm_277,0.80420583,-0.8923034
afrixnli_orm_278,0.7059342,0.06079441
afrixnli_orm_279,0.7059342,0.06079441
afrixnli_orm_28,0.80420583,-0.8923034
afrixnli_orm_280,0.80420583,-0.8923034
afrixnli_orm_281,0.80420583,-0.8923034
afrixnli_orm_282,0.7611757,-0.39170244
afrixnli_orm_283,0.80420583,-0.8923034
afrixnli_orm_284,0.6947077,0.9477968
afrixnli_orm_285,0.7602274,-0.39185357
afrixnli_orm_286,0.7635237,0.08207443
afrixnli_orm_287,0.70679575,0.06111377
afrixnli_orm_288,0.80420583,-0.8923034
afrixnli_orm_289,0.7059342,0.06079441
afrixnli_orm_29,0.80420583,-0.8923034
afrixnli_orm_290,0.6800837,0.49539727
afrixnli_orm_291,0.80420583,-0.8923034
afrixnli_orm_292,0.7479983,0.5339449
afrixnli_orm_293,0.80420583,-0.8923034
afrixnli_orm_294,0.6947077,0.9477968
afrixnli_orm_295,0.7479983,0.5339449
afrixnli_orm_296,0.63420725,0.89673305
afrixnli_orm_297,0.7635237,0.08207443
afrixnli_orm_298,0.68292916,0.9383759
afrixnli_orm_299,0.64314777,0.03759825
afrixnli_orm_3,0.7602274,-0.39185357
afrixnli_orm_30,0.57967764,0.43094468
afrixnli_orm_300,0.7635237,0.08207443
afrixnli_orm_301,0.7602274,-0.39185357
afrixnli_orm_302,0.80420583,-0.8923034
afrixnli_orm_303,0.70679575,0.06111377
afrixnli_orm_304,0.7635237,0.08207443
afrixnli_orm_305,0.7635237,0.08207443
afrixnli_orm_306,0.70651853,-0.39941782
afrixnli_orm_307,0.80420583,-0.8923034
afrixnli_orm_308,0.7479983,0.5339449
afrixnli_orm_309,0.7611757,-0.39170244
afrixnli_orm_31,0.7608128,0.996307
afrixnli_orm_310,0.7479983,0.5339449
afrixnli_orm_311,0.7635237,0.08207443
afrixnli_orm_312,0.69565564,-0.40068328
afrixnli_orm_313,0.7479983,0.5339449
afrixnli_orm_314,0.69565564,-0.40068328
afrixnli_orm_315,0.7059342,0.06079441
afrixnli_orm_316,0.57967764,0.43094468
afrixnli_orm_317,0.61893564,0.45720002
afrixnli_orm_318,0.7635237,0.08207443
afrixnli_orm_319,0.64743423,0.03917148
afrixnli_orm_32,0.80420583,-0.8923034
afrixnli_orm_320,0.80420583,-0.8923034
afrixnli_orm_321,0.7635237,0.08207443
afrixnli_orm_322,0.80420583,-0.8923034
afrixnli_orm_323,0.67925465,0.49490166
afrixnli_orm_324,0.80420583,-0.8923034
afrixnli_orm_325,0.80420583,-0.8923034
afrixnli_orm_326,0.7479983,0.5339449
afrixnli_orm_327,0.80420583,-0.8923034
afrixnli_orm_328,0.7059342,0.06079441
afrixnli_orm_329,0.69565564,-0.40068328
afrixnli_orm_33,0.7467643,1.4440738
afrixnli_orm_330,0.63346595,0.89606524
afrixnli_orm_331,0.70651853,-0.39941782
afrixnli_orm_332,0.62752295,0.46276397
afrixnli_orm_333,0.7635237,0.08207443
afrixnli_orm_334,0.7611757,-0.39170244
afrixnli_orm_335,0.80420583,-0.8923034
afrixnli_orm_336,0.7635237,0.08207443
afrixnli_orm_337,0.57967764,0.43094468
afrixnli_orm_338,0.69540447,0.056891445
afrixnli_orm_339,0.7635237,0.08207443
afrixnli_orm_34,0.69565564,-0.40068328
afrixnli_orm_340,0.67925465,0.49490166
afrixnli_orm_341,0.64743423,0.03917148
afrixnli_orm_342,0.7611757,-0.39170244
afrixnli_orm_343,0.7479983,0.5339449
afrixnli_orm_344,0.69565564,-0.40068328
afrixnli_orm_345,0.80420583,-0.8923034
afrixnli_orm_346,0.70679575,0.06111377
afrixnli_orm_347,0.7467643,1.4440738
afrixnli_orm_348,0.7602274,-0.39185357
afrixnli_orm_349,0.80420583,-0.8923034
afrixnli_orm_35,0.7635237,0.08207443
afrixnli_orm_350,0.6424385,0.037338115
afrixnli_orm_351,0.7479983,0.5339449
afrixnli_orm_352,0.57967764,0.43094468
afrixnli_orm_353,0.63346595,0.89606524
afrixnli_orm_354,0.7479983,0.5339449
afrixnli_orm_355,0.64743423,0.03917148
afrixnli_orm_356,0.80420583,-0.8923034
afrixnli_orm_357,0.7635237,0.08207443
afrixnli_orm_358,0.7479983,0.5339449
afrixnli_orm_359,0.70679575,0.06111377
afrixnli_orm_36,0.80420583,-0.8923034
afrixnli_orm_360,0.80420583,-0.8923034
afrixnli_orm_361,0.69565564,-0.40068328
afrixnli_orm_362,0.6947077,0.9477968
afrixnli_orm_363,0.80420583,-0.8923034
afrixnli_orm_364,0.7635237,0.08207443
afrixnli_orm_365,0.80420583,-0.8923034
afrixnli_orm_366,0.7611757,-0.39170244
afrixnli_orm_367,0.69565564,-0.40068328
afrixnli_orm_368,0.80420583,-0.8923034
afrixnli_orm_369,0.7467643,1.4440738
afrixnli_orm_37,0.7602274,-0.39185357
afrixnli_orm_370,0.80420583,-0.8923034
afrixnli_orm_371,0.7602274,-0.39185357
afrixnli_orm_372,0.7479983,0.5339449
afrixnli_orm_373,0.7635237,0.08207443
afrixnli_orm_374,0.61893564,0.45720002
afrixnli_orm_375,0.7611757,-0.39170244
afrixnli_orm_376,0.80420583,-0.8923034
afrixnli_orm_377,0.6947077,0.9477968
afrixnli_orm_378,0.7635237,0.08207443
afrixnli_orm_379,0.80420583,-0.8923034
afrixnli_orm_38,0.7479983,0.5339449
afrixnli_orm_380,0.7635237,0.08207443
afrixnli_orm_381,0.80420583,-0.8923034
afrixnli_orm_382,0.80420583,-0.8923034
afrixnli_orm_383,0.7635237,0.08207443
afrixnli_orm_384,0.7479983,0.5339449
afrixnli_orm_385,0.80420583,-0.8923034
afrixnli_orm_386,0.70679575,0.06111377
afrixnli_orm_387,0.80420583,-0.8923034
afrixnli_orm_388,0.7635237,0.08207443
afrixnli_orm_389,0.80420583,-0.8923034
afrixnli_orm_39,0.7635237,0.08207443
afrixnli_orm_390,0.7602274,-0.39185357
afrixnli_orm_391,0.63346595,0.89606524
afrixnli_orm_392,0.70651853,-0.39941782
afrixnli_orm_393,0.7635237,0.08207443
afrixnli_orm_394,0.80420583,-0.8923034
afrixnli_orm_395,0.7635237,0.08207443
afrixnli_orm_396,0.69457096,0.056582592
afrixnli_orm_397,0.59398746,0.019788202
afrixnli_orm_398,0.7479983,0.5339449
afrixnli_orm_399,0.69540447,0.056891445
afrixnli_orm_4,0.57967764,0.43094468
afrixnli_orm_40,0.7635237,0.08207443
afrixnli_orm_400,0.7635237,0.08207443
afrixnli_orm_401,0.7635237,0.08207443
afrixnli_orm_402,0.80420583,-0.8923034
afrixnli_orm_403,0.7602274,-0.39185357
afrixnli_orm_404,0.7602274,-0.39185357
afrixnli_orm_405,0.7611757,-0.39170244
afrixnli_orm_406,0.7479983,0.5339449
afrixnli_orm_407,0.80420583,-0.8923034
afrixnli_orm_408,0.7635237,0.08207443
afrixnli_orm_409,0.80420583,-0.8923034
afrixnli_orm_41,0.69457096,0.056582592
afrixnli_orm_410,0.80420583,-0.8923034
afrixnli_orm_411,0.80420583,-0.8923034
afrixnli_orm_412,0.6800837,0.49539727
afrixnli_orm_413,0.7635237,0.08207443
afrixnli_orm_414,0.7479983,0.5339449
afrixnli_orm_415,0.70651853,-0.39941782
afrixnli_orm_416,0.6800837,0.49539727
afrixnli_orm_417,0.64314777,0.03759825
afrixnli_orm_418,0.70679575,0.06111377
afrixnli_orm_419,0.67925465,0.49490166
afrixnli_orm_42,0.7635237,0.08207443
afrixnli_orm_420,0.7479983,0.5339449
afrixnli_orm_421,0.63420725,0.89673305
afrixnli_orm_422,0.69565564,-0.40068328
afrixnli_orm_423,0.80420583,-0.8923034
afrixnli_orm_424,0.80420583,-0.8923034
afrixnli_orm_425,0.67925465,0.49490166
afrixnli_orm_426,0.7059342,0.06079441
afrixnli_orm_427,0.7611757,-0.39170244
afrixnli_orm_428,0.69540447,0.056891445
afrixnli_orm_429,0.7479983,0.5339449
afrixnli_orm_43,0.70651853,-0.39941782
afrixnli_orm_430,0.7602274,-0.39185357
afrixnli_orm_431,0.63420725,0.89673305
afrixnli_orm_432,0.7479983,0.5339449
afrixnli_orm_433,0.7479983,0.5339449
afrixnli_orm_434,0.7611757,-0.39170244
afrixnli_orm_435,0.70679575,0.06111377
afrixnli_orm_436,0.80420583,-0.8923034
afrixnli_orm_437,0.7635237,0.08207443
afrixnli_orm_438,0.7479983,0.5339449
afrixnli_orm_439,0.68292916,0.9383759
afrixnli_orm_44,0.7467643,1.4440738
afrixnli_orm_440,0.69565564,-0.40068328
afrixnli_orm_441,0.7611757,-0.39170244
afrixnli_orm_442,0.69565564,-0.40068328
afrixnli_orm_443,0.7635237,0.08207443
afrixnli_orm_444,0.7635237,0.08207443
afrixnli_orm_445,0.69565564,-0.40068328
afrixnli_orm_446,0.7602274,-0.39185357
afrixnli_orm_447,0.62822515,0.46321607
afrixnli_orm_448,0.7479983,0.5339449
afrixnli_orm_449,0.6182554,0.45675644
afrixnli_orm_45,0.7635237,0.08207443
afrixnli_orm_450,0.7635237,0.08207443
afrixnli_orm_451,0.7635237,0.08207443
afrixnli_orm_452,0.69565564,-0.40068328
afrixnli_orm_453,0.7635237,0.08207443
afrixnli_orm_454,0.80420583,-0.8923034
afrixnli_orm_455,0.57967764,0.43094468
afrixnli_orm_456,0.7602274,-0.39185357
afrixnli_orm_457,0.80420583,-0.8923034
afrixnli_orm_458,0.7059342,0.06079441
afrixnli_orm_459,0.63346595,0.89606524
afrixnli_orm_46,0.7602274,-0.39185357
afrixnli_orm_460,0.7059342,0.06079441
afrixnli_orm_461,0.6800837,0.49539727
afrixnli_orm_462,0.80420583,-0.8923034
afrixnli_orm_463,0.64743423,0.03917148
afrixnli_orm_464,0.6947077,0.9477968
afrixnli_orm_465,0.80420583,-0.8923034
afrixnli_orm_466,0.7635237,0.08207443
afrixnli_orm_467,0.7479983,0.5339449
afrixnli_orm_468,0.7479983,0.5339449
afrixnli_orm_469,0.6800837,0.49539727
afrixnli_orm_47,0.80420583,-0.8923034
afrixnli_orm_470,0.80420583,-0.8923034
afrixnli_orm_471,0.7602274,-0.39185357
afrixnli_orm_472,0.7479983,0.5339449
afrixnli_orm_473,0.7602274,-0.39185357
afrixnli_orm_474,0.7059342,0.06079441
afrixnli_orm_475,0.7635237,0.08207443
afrixnli_orm_476,0.7635237,0.08207443
afrixnli_orm_477,0.80420583,-0.8923034
afrixnli_orm_478,0.7635237,0.08207443
afrixnli_orm_479,0.69457096,0.056582592
afrixnli_orm_48,0.7467643,1.4440738
afrixnli_orm_480,0.7635237,0.08207443
afrixnli_orm_481,0.80420583,-0.8923034
afrixnli_orm_482,0.80420583,-0.8923034
afrixnli_orm_483,0.7059342,0.06079441
afrixnli_orm_484,0.7479983,0.5339449
afrixnli_orm_485,0.7479983,0.5339449
afrixnli_orm_486,0.7602274,-0.39185357
afrixnli_orm_487,0.7059342,0.06079441
afrixnli_orm_488,0.7611757,-0.39170244
afrixnli_orm_489,0.67925465,0.49490166
afrixnli_orm_49,0.7611757,-0.39170244
afrixnli_orm_490,0.7635237,0.08207443
afrixnli_orm_491,0.7635237,0.08207443
afrixnli_orm_492,0.7602274,-0.39185357
afrixnli_orm_493,0.57967764,0.43094468
afrixnli_orm_494,0.63420725,0.89673305
afrixnli_orm_495,0.80420583,-0.8923034
afrixnli_orm_496,0.7635237,0.08207443
afrixnli_orm_497,0.80420583,-0.8923034
afrixnli_orm_498,0.7635237,0.08207443
afrixnli_orm_499,0.7467643,1.4440738
afrixnli_orm_5,0.7635237,0.08207443
afrixnli_orm_50,0.80420583,-0.8923034
afrixnli_orm_500,0.7635237,0.08207443
afrixnli_orm_501,0.80420583,-0.8923034
afrixnli_orm_502,0.63420725,0.89673305
afrixnli_orm_503,0.7635237,0.08207443
afrixnli_orm_504,0.7602274,-0.39185357
afrixnli_orm_505,0.80420583,-0.8923034
afrixnli_orm_506,0.7635237,0.08207443
afrixnli_orm_507,0.7611757,-0.39170244
afrixnli_orm_508,0.7611757,-0.39170244
afrixnli_orm_509,0.7635237,0.08207443
afrixnli_orm_51,0.7635237,0.08207443
afrixnli_orm_510,0.7479983,0.5339449
afrixnli_orm_511,0.69565564,-0.40068328
afrixnli_orm_512,0.7635237,0.08207443
afrixnli_orm_513,0.7479983,0.5339449
afrixnli_orm_514,0.80420583,-0.8923034
afrixnli_orm_515,0.57967764,0.43094468
afrixnli_orm_516,0.7611757,-0.39170244
afrixnli_orm_517,0.7059342,0.06079441
afrixnli_orm_518,0.7602274,-0.39185357
afrixnli_orm_519,0.80420583,-0.8923034
afrixnli_orm_52,0.80420583,-0.8923034
afrixnli_orm_520,0.69565564,-0.40068328
afrixnli_orm_521,0.7635237,0.08207443
afrixnli_orm_522,0.7635237,0.08207443
afrixnli_orm_523,0.80420583,-0.8923034
afrixnli_orm_524,0.7635237,0.08207443
afrixnli_orm_525,0.80420583,-0.8923034
afrixnli_orm_526,0.7602274,-0.39185357
afrixnli_orm_527,0.80420583,-0.8923034
afrixnli_orm_528,0.7611757,-0.39170244
afrixnli_orm_529,0.80420583,-0.8923034
afrixnli_orm_53,0.7479983,0.5339449
afrixnli_orm_530,0.7602274,-0.39185357
afrixnli_orm_531,0.7611757,-0.39170244
afrixnli_orm_532,0.7059342,0.06079441
afrixnli_orm_533,0.63346595,0.89606524
afrixnli_orm_534,0.57967764,0.43094468
afrixnli_orm_535,0.7467643,1.4440738
afrixnli_orm_536,0.7635237,0.08207443
afrixnli_orm_537,0.69565564,-0.40068328
afrixnli_orm_538,0.6947077,0.9477968
afrixnli_orm_539,0.7467643,1.4440738
afrixnli_orm_54,0.7611757,-0.39170244
afrixnli_orm_540,0.6947077,0.9477968
afrixnli_orm_541,0.80420583,-0.8923034
afrixnli_orm_542,0.80420583,-0.8923034
afrixnli_orm_543,0.80420583,-0.8923034
afrixnli_orm_544,0.7635237,0.08207443
afrixnli_orm_545,0.69565564,-0.40068328
afrixnli_orm_546,0.70679575,0.06111377
afrixnli_orm_547,0.80420583,-0.8923034
afrixnli_orm_548,0.80420583,-0.8923034
afrixnli_orm_549,0.80420583,-0.8923034
afrixnli_orm_55,0.7059342,0.06079441
afrixnli_orm_550,0.80420583,-0.8923034
afrixnli_orm_551,0.7602274,-0.39185357
afrixnli_orm_552,0.63346595,0.89606524
afrixnli_orm_553,0.7635237,0.08207443
afrixnli_orm_554,0.80420583,-0.8923034
afrixnli_orm_555,0.80420583,-0.8923034
afrixnli_orm_556,0.64743423,0.03917148
afrixnli_orm_557,0.7635237,0.08207443
afrixnli_orm_558,0.62752295,0.46276397
afrixnli_orm_559,0.7059342,0.06079441
afrixnli_orm_56,0.80420583,-0.8923034
afrixnli_orm_560,0.59398746,0.019788202
afrixnli_orm_561,0.7635237,0.08207443
afrixnli_orm_562,0.7059342,0.06079441
afrixnli_orm_563,0.59398746,0.019788202
afrixnli_orm_564,0.7059342,0.06079441
afrixnli_orm_565,0.73473793,0.5267357
afrixnli_orm_566,0.80420583,-0.8923034
afrixnli_orm_567,0.7479983,0.5339449
afrixnli_orm_568,0.7635237,0.08207443
afrixnli_orm_569,0.69565564,-0.40068328
afrixnli_orm_57,0.7635237,0.08207443
afrixnli_orm_570,0.63346595,0.89606524
afrixnli_orm_571,0.80420583,-0.8923034
afrixnli_orm_572,0.7635237,0.08207443
afrixnli_orm_573,0.7059342,0.06079441
afrixnli_orm_574,0.64743423,0.03917148
afrixnli_orm_575,0.69457096,0.056582592
afrixnli_orm_576,0.67925465,0.49490166
afrixnli_orm_577,0.63346595,0.89606524
afrixnli_orm_578,0.7602274,-0.39185357
afrixnli_orm_579,0.69565564,-0.40068328
afrixnli_orm_58,0.67925465,0.49490166
afrixnli_orm_580,0.59398746,0.019788202
afrixnli_orm_581,0.7479983,0.5339449
afrixnli_orm_582,0.7635237,0.08207443
afrixnli_orm_583,0.80420583,-0.8923034
afrixnli_orm_584,0.7479983,0.5339449
afrixnli_orm_585,0.67925465,0.49490166
afrixnli_orm_586,0.59398746,0.019788202
afrixnli_orm_587,0.7602274,-0.39185357
afrixnli_orm_588,0.80420583,-0.8923034
afrixnli_orm_589,0.7602274,-0.39185357
afrixnli_orm_59,0.7608128,0.996307
afrixnli_orm_590,0.59398746,0.019788202
afrixnli_orm_591,0.57967764,0.43094468
afrixnli_orm_592,0.62752295,0.46276397
afrixnli_orm_593,0.7611757,-0.39170244
afrixnli_orm_594,0.69565564,-0.40068328
afrixnli_orm_595,0.7602274,-0.39185357
afrixnli_orm_596,0.7635237,0.08207443
afrixnli_orm_597,0.80420583,-0.8923034
afrixnli_orm_598,0.7635237,0.08207443
afrixnli_orm_599,0.64743423,0.03917148
afrixnli_orm_6,0.7635237,0.08207443
afrixnli_orm_60,0.6947077,0.9477968
afrixnli_orm_61,0.80420583,-0.8923034
afrixnli_orm_62,0.80420583,-0.8923034
afrixnli_orm_63,0.6947077,0.9477968
afrixnli_orm_64,0.80420583,-0.8923034
afrixnli_orm_65,0.6800837,0.49539727
afrixnli_orm_66,0.6743284,0.49194366
afrixnli_orm_67,0.63420725,0.89673305
afrixnli_orm_68,0.63420725,0.89673305
afrixnli_orm_69,0.6947077,0.9477968
afrixnli_orm_7,0.7602274,-0.39185357
afrixnli_orm_70,0.70651853,-0.39941782
afrixnli_orm_71,0.67925465,0.49490166
afrixnli_orm_72,0.6800837,0.49539727
afrixnli_orm_73,0.7635237,0.08207443
afrixnli_orm_74,0.6800837,0.49539727
afrixnli_orm_75,0.7635237,0.08207443
afrixnli_orm_76,0.68292916,0.9383759
afrixnli_orm_77,0.7059342,0.06079441
afrixnli_orm_78,0.80420583,-0.8923034
afrixnli_orm_79,0.7602274,-0.39185357
afrixnli_orm_8,0.7479983,0.5339449
afrixnli_orm_80,0.80420583,-0.8923034
afrixnli_orm_81,0.7635237,0.08207443
afrixnli_orm_82,0.7635237,0.08207443
afrixnli_orm_83,0.7635237,0.08207443
afrixnli_orm_84,0.57967764,0.43094468
afrixnli_orm_85,0.7635237,0.08207443
afrixnli_orm_86,0.63420725,0.89673305
afrixnli_orm_87,0.7059342,0.06079441
afrixnli_orm_88,0.64743423,0.03917148
afrixnli_orm_89,0.7635237,0.08207443
afrixnli_orm_9,0.7611757,-0.39170244
afrixnli_orm_90,0.70651853,-0.39941782
afrixnli_orm_91,0.7479983,0.5339449
afrixnli_orm_92,0.69540447,0.056891445
afrixnli_orm_93,0.69540447,0.056891445
afrixnli_orm_94,0.80420583,-0.8923034
afrixnli_orm_95,0.7635237,0.08207443
afrixnli_orm_96,0.7635237,0.08207443
afrixnli_orm_97,0.7635237,0.08207443
afrixnli_orm_98,0.80420583,-0.8923034
afrixnli_orm_99,0.73473793,0.5267357
afrixnli_sna_0,0.7467643,1.4440738
afrixnli_sna_1,0.7467643,1.4440738
afrixnli_sna_10,0.7635237,0.08207443
afrixnli_sna_100,0.63346595,0.89606524
afrixnli_sna_101,0.7608128,0.996307
afrixnli_sna_102,0.80420583,-0.8923034
afrixnli_sna_103,0.7635237,0.08207443
afrixnli_sna_104,0.7635237,0.08207443
afrixnli_sna_105,0.7602274,-0.39185357
afrixnli_sna_106,0.73473793,0.5267357
afrixnli_sna_107,0.59398746,0.019788202
afrixnli_sna_108,0.6800837,0.49539727
afrixnli_sna_109,0.63420725,0.89673305
afrixnli_sna_11,0.69565564,-0.40068328
afrixnli_sna_110,0.7635237,0.08207443
afrixnli_sna_111,0.7479983,0.5339449
afrixnli_sna_112,0.70679575,0.06111377
afrixnli_sna_113,0.80420583,-0.8923034
afrixnli_sna_114,0.70651853,-0.39941782
afrixnli_sna_115,0.6947077,0.9477968
afrixnli_sna_116,0.80420583,-0.8923034
afrixnli_sna_117,0.80420583,-0.8923034
afrixnli_sna_118,0.6947077,0.9477968
afrixnli_sna_119,0.69540447,0.056891445
afrixnli_sna_12,0.7479983,0.5339449
afrixnli_sna_120,0.57967764,0.43094468
afrixnli_sna_121,0.7479983,0.5339449
afrixnli_sna_122,0.69540447,0.056891445
afrixnli_sna_123,0.6800837,0.49539727
afrixnli_sna_124,0.80420583,-0.8923034
afrixnli_sna_125,0.6947077,0.9477968
afrixnli_sna_126,0.67925465,0.49490166
afrixnli_sna_127,0.7635237,0.08207443
afrixnli_sna_128,0.80420583,-0.8923034
afrixnli_sna_129,0.61893564,0.45720002
afrixnli_sna_13,0.57967764,0.43094468
afrixnli_sna_130,0.7602274,-0.39185357
afrixnli_sna_131,0.69457096,0.056582592
afrixnli_sna_132,0.59398746,0.019788202
afrixnli_sna_133,0.7479983,0.5339449
afrixnli_sna_134,0.69565564,-0.40068328
afrixnli_sna_135,0.80420583,-0.8923034
afrixnli_sna_136,0.67925465,0.49490166
afrixnli_sna_137,0.7479983,0.5339449
afrixnli_sna_138,0.6800837,0.49539727
afrixnli_sna_139,0.67925465,0.49490166
afrixnli_sna_14,0.7635237,0.08207443
afrixnli_sna_140,0.6947077,0.9477968
afrixnli_sna_141,0.7479983,0.5339449
afrixnli_sna_142,0.80420583,-0.8923034
afrixnli_sna_143,0.80420583,-0.8923034
afrixnli_sna_144,0.59398746,0.019788202
afrixnli_sna_145,0.69540447,0.056891445
afrixnli_sna_146,0.7059342,0.06079441
afrixnli_sna_147,0.80420583,-0.8923034
afrixnli_sna_148,0.7059342,0.06079441
afrixnli_sna_149,0.80420583,-0.8923034
afrixnli_sna_15,0.7635237,0.08207443
afrixnli_sna_150,0.7611757,-0.39170244
afrixnli_sna_151,0.80420583,-0.8923034
afrixnli_sna_152,0.7059342,0.06079441
afrixnli_sna_153,0.69540447,0.056891445
afrixnli_sna_154,0.7611757,-0.39170244
afrixnli_sna_155,0.7059342,0.06079441
afrixnli_sna_156,0.7467643,1.4440738
afrixnli_sna_157,0.7602274,-0.39185357
afrixnli_sna_158,0.6182554,0.45675644
afrixnli_sna_159,0.59398746,0.019788202
afrixnli_sna_16,0.70651853,-0.39941782
afrixnli_sna_160,0.80420583,-0.8923034
afrixnli_sna_161,0.7635237,0.08207443
afrixnli_sna_162,0.70651853,-0.39941782
afrixnli_sna_163,0.7479983,0.5339449
afrixnli_sna_164,0.80420583,-0.8923034
afrixnli_sna_165,0.80420583,-0.8923034
afrixnli_sna_166,0.80420583,-0.8923034
afrixnli_sna_167,0.7602274,-0.39185357
afrixnli_sna_168,0.80420583,-0.8923034
afrixnli_sna_169,0.7635237,0.08207443
afrixnli_sna_17,0.64743423,0.03917148
afrixnli_sna_170,0.80420583,-0.8923034
afrixnli_sna_171,0.7467643,1.4440738
afrixnli_sna_172,0.7635237,0.08207443
afrixnli_sna_173,0.63346595,0.89606524
afrixnli_sna_174,0.80420583,-0.8923034
afrixnli_sna_175,0.7467643,1.4440738
afrixnli_sna_176,0.73473793,0.5267357
afrixnli_sna_177,0.63346595,0.89606524
afrixnli_sna_178,0.7467643,1.4440738
afrixnli_sna_179,0.7611757,-0.39170244
afrixnli_sna_18,0.80420583,-0.8923034
afrixnli_sna_180,0.69565564,-0.40068328
afrixnli_sna_181,0.7479983,0.5339449
afrixnli_sna_182,0.7635237,0.08207443
afrixnli_sna_183,0.7635237,0.08207443
afrixnli_sna_184,0.7059342,0.06079441
afrixnli_sna_185,0.7479983,0.5339449
afrixnli_sna_186,0.7608128,0.996307
afrixnli_sna_187,0.64743423,0.03917148
afrixnli_sna_188,0.6182554,0.45675644
afrixnli_sna_189,0.69457096,0.056582592
afrixnli_sna_19,0.80420583,-0.8923034
afrixnli_sna_190,0.7635237,0.08207443
afrixnli_sna_191,0.7635237,0.08207443
afrixnli_sna_192,0.80420583,-0.8923034
afrixnli_sna_193,0.7635237,0.08207443
afrixnli_sna_194,0.80420583,-0.8923034
afrixnli_sna_195,0.7611757,-0.39170244
afrixnli_sna_196,0.7479983,0.5339449
afrixnli_sna_197,0.7602274,-0.39185357
afrixnli_sna_198,0.7635237,0.08207443
afrixnli_sna_199,0.7602274,-0.39185357
afrixnli_sna_2,0.7467643,1.4440738
afrixnli_sna_20,0.7479983,0.5339449
afrixnli_sna_200,0.7608128,0.996307
afrixnli_sna_201,0.70651853,-0.39941782
afrixnli_sna_202,0.6182554,0.45675644
afrixnli_sna_203,0.7635237,0.08207443
afrixnli_sna_204,0.57967764,0.43094468
afrixnli_sna_205,0.7467643,1.4440738
afrixnli_sna_206,0.7635237,0.08207443
afrixnli_sna_207,0.57967764,0.43094468
afrixnli_sna_208,0.7467643,1.4440738
afrixnli_sna_209,0.7059342,0.06079441
afrixnli_sna_21,0.7467643,1.4440738
afrixnli_sna_210,0.7467643,1.4440738
afrixnli_sna_211,0.69565564,-0.40068328
afrixnli_sna_212,0.7602274,-0.39185357
afrixnli_sna_213,0.7635237,0.08207443
afrixnli_sna_214,0.57967764,0.43094468
afrixnli_sna_215,0.7479983,0.5339449
afrixnli_sna_216,0.7611757,-0.39170244
afrixnli_sna_217,0.7608128,0.996307
afrixnli_sna_218,0.80420583,-0.8923034
afrixnli_sna_219,0.61893564,0.45720002
afrixnli_sna_22,0.7602274,-0.39185357
afrixnli_sna_220,0.7059342,0.06079441
afrixnli_sna_221,0.7467643,1.4440738
afrixnli_sna_222,0.70679575,0.06111377
afrixnli_sna_223,0.70651853,-0.39941782
afrixnli_sna_224,0.70651853,-0.39941782
afrixnli_sna_225,0.69565564,-0.40068328
afrixnli_sna_226,0.7635237,0.08207443
afrixnli_sna_227,0.80420583,-0.8923034
afrixnli_sna_228,0.70679575,0.06111377
afrixnli_sna_229,0.7635237,0.08207443
afrixnli_sna_23,0.70651853,-0.39941782
afrixnli_sna_230,0.80420583,-0.8923034
afrixnli_sna_231,0.67925465,0.49490166
afrixnli_sna_232,0.7602274,-0.39185357
afrixnli_sna_233,0.6800837,0.49539727
afrixnli_sna_234,0.70679575,0.06111377
afrixnli_sna_235,0.7635237,0.08207443
afrixnli_sna_236,0.7602274,-0.39185357
afrixnli_sna_237,0.6743284,0.49194366
afrixnli_sna_238,0.73473793,0.5267357
afrixnli_sna_239,0.61893564,0.45720002
afrixnli_sna_24,0.7635237,0.08207443
afrixnli_sna_240,0.7479983,0.5339449
afrixnli_sna_241,0.63420725,0.89673305
afrixnli_sna_242,0.7611757,-0.39170244
afrixnli_sna_243,0.80420583,-0.8923034
afrixnli_sna_244,0.6424385,0.037338115
afrixnli_sna_245,0.7611757,-0.39170244
afrixnli_sna_246,0.80420583,-0.8923034
afrixnli_sna_247,0.80420583,-0.8923034
afrixnli_sna_248,0.7635237,0.08207443
afrixnli_sna_249,0.7611757,-0.39170244
afrixnli_sna_25,0.80420583,-0.8923034
afrixnli_sna_250,0.80420583,-0.8923034
afrixnli_sna_251,0.7479983,0.5339449
afrixnli_sna_252,0.80420583,-0.8923034
afrixnli_sna_253,0.64314777,0.03759825
afrixnli_sna_254,0.80420583,-0.8923034
afrixnli_sna_255,0.7611757,-0.39170244
afrixnli_sna_256,0.80420583,-0.8923034
afrixnli_sna_257,0.7635237,0.08207443
afrixnli_sna_258,0.80420583,-0.8923034
afrixnli_sna_259,0.80420583,-0.8923034
afrixnli_sna_26,0.7479983,0.5339449
afrixnli_sna_260,0.7635237,0.08207443
afrixnli_sna_261,0.7467643,1.4440738
afrixnli_sna_262,0.62822515,0.46321607
afrixnli_sna_263,0.80420583,-0.8923034
afrixnli_sna_264,0.68292916,0.9383759
afrixnli_sna_265,0.69565564,-0.40068328
afrixnli_sna_266,0.7479983,0.5339449
afrixnli_sna_267,0.80420583,-0.8923034
afrixnli_sna_268,0.7635237,0.08207443
afrixnli_sna_269,0.69565564,-0.40068328
afrixnli_sna_27,0.80420583,-0.8923034
afrixnli_sna_270,0.80420583,-0.8923034
afrixnli_sna_271,0.62752295,0.46276397
afrixnli_sna_272,0.7602274,-0.39185357
afrixnli_sna_273,0.80420583,-0.8923034
afrixnli_sna_274,0.7602274,-0.39185357
afrixnli_sna_275,0.7479983,0.5339449
afrixnli_sna_276,0.61893564,0.45720002
afrixnli_sna_277,0.69565564,-0.40068328
afrixnli_sna_278,0.7635237,0.08207443
afrixnli_sna_279,0.80420583,-0.8923034
afrixnli_sna_28,0.80420583,-0.8923034
afrixnli_sna_280,0.7602274,-0.39185357
afrixnli_sna_281,0.7467643,1.4440738
afrixnli_sna_282,0.80420583,-0.8923034
afrixnli_sna_283,0.69565564,-0.40068328
afrixnli_sna_284,0.63346595,0.89606524
afrixnli_sna_285,0.7602274,-0.39185357
afrixnli_sna_286,0.7635237,0.08207443
afrixnli_sna_287,0.6947077,0.9477968
afrixnli_sna_288,0.80420583,-0.8923034
afrixnli_sna_289,0.7635237,0.08207443
afrixnli_sna_29,0.7602274,-0.39185357
afrixnli_sna_290,0.80420583,-0.8923034
afrixnli_sna_291,0.80420583,-0.8923034
afrixnli_sna_292,0.7635237,0.08207443
afrixnli_sna_293,0.6182554,0.45675644
afrixnli_sna_294,0.7608128,0.996307
afrixnli_sna_295,0.7611757,-0.39170244
afrixnli_sna_296,0.80420583,-0.8923034
afrixnli_sna_297,0.7479983,0.5339449
afrixnli_sna_298,0.63346595,0.89606524
afrixnli_sna_299,0.62822515,0.46321607
afrixnli_sna_3,0.7611757,-0.39170244
afrixnli_sna_30,0.64743423,0.03917148
afrixnli_sna_300,0.7635237,0.08207443
afrixnli_sna_301,0.80420583,-0.8923034
afrixnli_sna_302,0.80420583,-0.8923034
afrixnli_sna_303,0.7479983,0.5339449
afrixnli_sna_304,0.80420583,-0.8923034
afrixnli_sna_305,0.7635237,0.08207443
afrixnli_sna_306,0.69457096,0.056582592
afrixnli_sna_307,0.7602274,-0.39185357
afrixnli_sna_308,0.7635237,0.08207443
afrixnli_sna_309,0.80420583,-0.8923034
afrixnli_sna_31,0.64743423,0.03917148
afrixnli_sna_310,0.70679575,0.06111377
afrixnli_sna_311,0.7602274,-0.39185357
afrixnli_sna_312,0.80420583,-0.8923034
afrixnli_sna_313,0.7479983,0.5339449
afrixnli_sna_314,0.80420583,-0.8923034
afrixnli_sna_315,0.7602274,-0.39185357
afrixnli_sna_316,0.70651853,-0.39941782
afrixnli_sna_317,0.80420583,-0.8923034
afrixnli_sna_318,0.7635237,0.08207443
afrixnli_sna_319,0.80420583,-0.8923034
afrixnli_sna_32,0.7602274,-0.39185357
afrixnli_sna_320,0.80420583,-0.8923034
afrixnli_sna_321,0.7635237,0.08207443
afrixnli_sna_322,0.80420583,-0.8923034
afrixnli_sna_323,0.80420583,-0.8923034
afrixnli_sna_324,0.7602274,-0.39185357
afrixnli_sna_325,0.6182554,0.45675644
afrixnli_sna_326,0.6947077,0.9477968
afrixnli_sna_327,0.80420583,-0.8923034
afrixnli_sna_328,0.7635237,0.08207443
afrixnli_sna_329,0.59398746,0.019788202
afrixnli_sna_33,0.7635237,0.08207443
afrixnli_sna_330,0.7467643,1.4440738
afrixnli_sna_331,0.69565564,-0.40068328
afrixnli_sna_332,0.6947077,0.9477968
afrixnli_sna_333,0.7635237,0.08207443
afrixnli_sna_334,0.80420583,-0.8923034
afrixnli_sna_335,0.80420583,-0.8923034
afrixnli_sna_336,0.7635237,0.08207443
afrixnli_sna_337,0.69565564,-0.40068328
afrixnli_sna_338,0.69565564,-0.40068328
afrixnli_sna_339,0.7635237,0.08207443
afrixnli_sna_34,0.80420583,-0.8923034
afrixnli_sna_340,0.80420583,-0.8923034
afrixnli_sna_341,0.69457096,0.056582592
afrixnli_sna_342,0.80420583,-0.8923034
afrixnli_sna_343,0.7635237,0.08207443
afrixnli_sna_344,0.69565564,-0.40068328
afrixnli_sna_345,0.80420583,-0.8923034
afrixnli_sna_346,0.70679575,0.06111377
afrixnli_sna_347,0.73473793,0.5267357
afrixnli_sna_348,0.80420583,-0.8923034
afrixnli_sna_349,0.80420583,-0.8923034
afrixnli_sna_35,0.80420583,-0.8923034
afrixnli_sna_350,0.7635237,0.08207443
afrixnli_sna_351,0.7635237,0.08207443
afrixnli_sna_352,0.64743423,0.03917148
afrixnli_sna_353,0.73473793,0.5267357
afrixnli_sna_354,0.7479983,0.5339449
afrixnli_sna_355,0.69457096,0.056582592
afrixnli_sna_356,0.69565564,-0.40068328
afrixnli_sna_357,0.70651853,-0.39941782
afrixnli_sna_358,0.62822515,0.46321607
afrixnli_sna_359,0.7608128,0.996307
afrixnli_sna_36,0.70651853,-0.39941782
afrixnli_sna_360,0.80420583,-0.8923034
afrixnli_sna_361,0.80420583,-0.8923034
afrixnli_sna_362,0.7479983,0.5339449
afrixnli_sna_363,0.7602274,-0.39185357
afrixnli_sna_364,0.80420583,-0.8923034
afrixnli_sna_365,0.57967764,0.43094468
afrixnli_sna_366,0.7635237,0.08207443
afrixnli_sna_367,0.69565564,-0.40068328
afrixnli_sna_368,0.70651853,-0.39941782
afrixnli_sna_369,0.63420725,0.89673305
afrixnli_sna_37,0.7635237,0.08207443
afrixnli_sna_370,0.80420583,-0.8923034
afrixnli_sna_371,0.7059342,0.06079441
afrixnli_sna_372,0.73473793,0.5267357
afrixnli_sna_373,0.7479983,0.5339449
afrixnli_sna_374,0.7608128,0.996307
afrixnli_sna_375,0.7635237,0.08207443
afrixnli_sna_376,0.63346595,0.89606524
afrixnli_sna_377,0.62822515,0.46321607
afrixnli_sna_378,0.7635237,0.08207443
afrixnli_sna_379,0.80420583,-0.8923034
afrixnli_sna_38,0.7608128,0.996307
afrixnli_sna_380,0.7602274,-0.39185357
afrixnli_sna_381,0.80420583,-0.8923034
afrixnli_sna_382,0.7611757,-0.39170244
afrixnli_sna_383,0.7602274,-0.39185357
afrixnli_sna_384,0.7479983,0.5339449
afrixnli_sna_385,0.80420583,-0.8923034
afrixnli_sna_386,0.80420583,-0.8923034
afrixnli_sna_387,0.7602274,-0.39185357
afrixnli_sna_388,0.7611757,-0.39170244
afrixnli_sna_389,0.80420583,-0.8923034
afrixnli_sna_39,0.80420583,-0.8923034
afrixnli_sna_390,0.7059342,0.06079441
afrixnli_sna_391,0.59398746,0.019788202
afrixnli_sna_392,0.7611757,-0.39170244
afrixnli_sna_393,0.6947077,0.9477968
afrixnli_sna_394,0.80420583,-0.8923034
afrixnli_sna_395,0.7611757,-0.39170244
afrixnli_sna_396,0.70679575,0.06111377
afrixnli_sna_397,0.7602274,-0.39185357
afrixnli_sna_398,0.62752295,0.46276397
afrixnli_sna_399,0.80420583,-0.8923034
afrixnli_sna_4,0.7467643,1.4440738
afrixnli_sna_40,0.7635237,0.08207443
afrixnli_sna_400,0.7467643,1.4440738
afrixnli_sna_401,0.7611757,-0.39170244
afrixnli_sna_402,0.80420583,-0.8923034
afrixnli_sna_403,0.7602274,-0.39185357
afrixnli_sna_404,0.7635237,0.08207443
afrixnli_sna_405,0.7635237,0.08207443
afrixnli_sna_406,0.70679575,0.06111377
afrixnli_sna_407,0.80420583,-0.8923034
afrixnli_sna_408,0.7479983,0.5339449
afrixnli_sna_409,0.69565564,-0.40068328
afrixnli_sna_41,0.80420583,-0.8923034
afrixnli_sna_410,0.80420583,-0.8923034
afrixnli_sna_411,0.69565564,-0.40068328
afrixnli_sna_412,0.69565564,-0.40068328
afrixnli_sna_413,0.7479983,0.5339449
afrixnli_sna_414,0.7635237,0.08207443
afrixnli_sna_415,0.69565564,-0.40068328
afrixnli_sna_416,0.57967764,0.43094468
afrixnli_sna_417,0.57967764,0.43094468
afrixnli_sna_418,0.7635237,0.08207443
afrixnli_sna_419,0.80420583,-0.8923034
afrixnli_sna_42,0.7635237,0.08207443
afrixnli_sna_420,0.7635237,0.08207443
afrixnli_sna_421,0.57967764,0.43094468
afrixnli_sna_422,0.80420583,-0.8923034
afrixnli_sna_423,0.80420583,-0.8923034
afrixnli_sna_424,0.7602274,-0.39185357
afrixnli_sna_425,0.70651853,-0.39941782
afrixnli_sna_426,0.7602274,-0.39185357
afrixnli_sna_427,0.7611757,-0.39170244
afrixnli_sna_428,0.73473793,0.5267357
afrixnli_sna_429,0.73473793,0.5267357
afrixnli_sna_43,0.69565564,-0.40068328
afrixnli_sna_430,0.80420583,-0.8923034
afrixnli_sna_431,0.80420583,-0.8923034
afrixnli_sna_432,0.7479983,0.5339449
afrixnli_sna_433,0.70651853,-0.39941782
afrixnli_sna_434,0.80420583,-0.8923034
afrixnli_sna_435,0.67925465,0.49490166
afrixnli_sna_436,0.7602274,-0.39185357
afrixnli_sna_437,0.80420583,-0.8923034
afrixnli_sna_438,0.7479983,0.5339449
afrixnli_sna_439,0.69565564,-0.40068328
afrixnli_sna_44,0.7467643,1.4440738
afrixnli_sna_440,0.69565564,-0.40068328
afrixnli_sna_441,0.7479983,0.5339449
afrixnli_sna_442,0.59398746,0.019788202
afrixnli_sna_443,0.7608128,0.996307
afrixnli_sna_444,0.7611757,-0.39170244
afrixnli_sna_445,0.7602274,-0.39185357
afrixnli_sna_446,0.70651853,-0.39941782
afrixnli_sna_447,0.63420725,0.89673305
afrixnli_sna_448,0.7479983,0.5339449
afrixnli_sna_449,0.59398746,0.019788202
afrixnli_sna_45,0.7635237,0.08207443
afrixnli_sna_450,0.7611757,-0.39170244
afrixnli_sna_451,0.7479983,0.5339449
afrixnli_sna_452,0.69565564,-0.40068328
afrixnli_sna_453,0.7602274,-0.39185357
afrixnli_sna_454,0.80420583,-0.8923034
afrixnli_sna_455,0.59398746,0.019788202
afrixnli_sna_456,0.59398746,0.019788202
afrixnli_sna_457,0.80420583,-0.8923034
afrixnli_sna_458,0.7635237,0.08207443
afrixnli_sna_459,0.63346595,0.89606524
afrixnli_sna_46,0.80420583,-0.8923034
afrixnli_sna_460,0.7479983,0.5339449
afrixnli_sna_461,0.64743423,0.03917148
afrixnli_sna_462,0.80420583,-0.8923034
afrixnli_sna_463,0.69565564,-0.40068328
afrixnli_sna_464,0.7479983,0.5339449
afrixnli_sna_465,0.7611757,-0.39170244
afrixnli_sna_466,0.80420583,-0.8923034
afrixnli_sna_467,0.7635237,0.08207443
afrixnli_sna_468,0.7479983,0.5339449
afrixnli_sna_469,0.69457096,0.056582592
afrixnli_sna_47,0.7611757,-0.39170244
afrixnli_sna_470,0.7635237,0.08207443
afrixnli_sna_471,0.59398746,0.019788202
afrixnli_sna_472,0.7059342,0.06079441
afrixnli_sna_473,0.7602274,-0.39185357
afrixnli_sna_474,0.7479983,0.5339449
afrixnli_sna_475,0.7611757,-0.39170244
afrixnli_sna_476,0.80420583,-0.8923034
afrixnli_sna_477,0.80420583,-0.8923034
afrixnli_sna_478,0.7479983,0.5339449
afrixnli_sna_479,0.69565564,-0.40068328
afrixnli_sna_48,0.73473793,0.5267357
afrixnli_sna_480,0.7611757,-0.39170244
afrixnli_sna_481,0.7602274,-0.39185357
afrixnli_sna_482,0.7602274,-0.39185357
afrixnli_sna_483,0.64743423,0.03917148
afrixnli_sna_484,0.80420583,-0.8923034
afrixnli_sna_485,0.7479983,0.5339449
afrixnli_sna_486,0.70679575,0.06111377
afrixnli_sna_487,0.7467643,1.4440738
afrixnli_sna_488,0.7611757,-0.39170244
afrixnli_sna_489,0.70679575,0.06111377
afrixnli_sna_49,0.69565564,-0.40068328
afrixnli_sna_490,0.7608128,0.996307
afrixnli_sna_491,0.7635237,0.08207443
afrixnli_sna_492,0.7479983,0.5339449
afrixnli_sna_493,0.64743423,0.03917148
afrixnli_sna_494,0.7467643,1.4440738
afrixnli_sna_495,0.80420583,-0.8923034
afrixnli_sna_496,0.7635237,0.08207443
afrixnli_sna_497,0.80420583,-0.8923034
afrixnli_sna_498,0.7635237,0.08207443
afrixnli_sna_499,0.7611757,-0.39170244
afrixnli_sna_5,0.80420583,-0.8923034
afrixnli_sna_50,0.7635237,0.08207443
afrixnli_sna_500,0.80420583,-0.8923034
afrixnli_sna_501,0.7611757,-0.39170244
afrixnli_sna_502,0.7467643,1.4440738
afrixnli_sna_503,0.7602274,-0.39185357
afrixnli_sna_504,0.7635237,0.08207443
afrixnli_sna_505,0.80420583,-0.8923034
afrixnli_sna_506,0.7635237,0.08207443
afrixnli_sna_507,0.70651853,-0.39941782
afrixnli_sna_508,0.7611757,-0.39170244
afrixnli_sna_509,0.7611757,-0.39170244
afrixnli_sna_51,0.7602274,-0.39185357
afrixnli_sna_510,0.7602274,-0.39185357
afrixnli_sna_511,0.73473793,0.5267357
afrixnli_sna_512,0.69457096,0.056582592
afrixnli_sna_513,0.7635237,0.08207443
afrixnli_sna_514,0.80420583,-0.8923034
afrixnli_sna_515,0.69565564,-0.40068328
afrixnli_sna_516,0.7611757,-0.39170244
afrixnli_sna_517,0.7602274,-0.39185357
afrixnli_sna_518,0.80420583,-0.8923034
afrixnli_sna_519,0.70651853,-0.39941782
afrixnli_sna_52,0.80420583,-0.8923034
afrixnli_sna_520,0.80420583,-0.8923034
afrixnli_sna_521,0.7611757,-0.39170244
afrixnli_sna_522,0.7611757,-0.39170244
afrixnli_sna_523,0.69457096,0.056582592
afrixnli_sna_524,0.7635237,0.08207443
afrixnli_sna_525,0.80420583,-0.8923034
afrixnli_sna_526,0.7635237,0.08207443
afrixnli_sna_527,0.57967764,0.43094468
afrixnli_sna_528,0.7635237,0.08207443
afrixnli_sna_529,0.80420583,-0.8923034
afrixnli_sna_53,0.7611757,-0.39170244
afrixnli_sna_530,0.80420583,-0.8923034
afrixnli_sna_531,0.7635237,0.08207443
afrixnli_sna_532,0.6800837,0.49539727
afrixnli_sna_533,0.6182554,0.45675644
afrixnli_sna_534,0.59398746,0.019788202
afrixnli_sna_535,0.63420725,0.89673305
afrixnli_sna_536,0.7635237,0.08207443
afrixnli_sna_537,0.80420583,-0.8923034
afrixnli_sna_538,0.7479983,0.5339449
afrixnli_sna_539,0.63420725,0.89673305
afrixnli_sna_54,0.80420583,-0.8923034
afrixnli_sna_540,0.62752295,0.46276397
afrixnli_sna_541,0.80420583,-0.8923034
afrixnli_sna_542,0.7479983,0.5339449
afrixnli_sna_543,0.69565564,-0.40068328
afrixnli_sna_544,0.7479983,0.5339449
afrixnli_sna_545,0.69565564,-0.40068328
afrixnli_sna_546,0.70679575,0.06111377
afrixnli_sna_547,0.59398746,0.019788202
afrixnli_sna_548,0.7611757,-0.39170244
afrixnli_sna_549,0.69565564,-0.40068328
afrixnli_sna_55,0.7059342,0.06079441
afrixnli_sna_550,0.7611757,-0.39170244
afrixnli_sna_551,0.7059342,0.06079441
afrixnli_sna_552,0.7467643,1.4440738
afrixnli_sna_553,0.7059342,0.06079441
afrixnli_sna_554,0.7611757,-0.39170244
afrixnli_sna_555,0.7608128,0.996307
afrixnli_sna_556,0.80420583,-0.8923034
afrixnli_sna_557,0.7479983,0.5339449
afrixnli_sna_558,0.80420583,-0.8923034
afrixnli_sna_559,0.7635237,0.08207443
afrixnli_sna_56,0.80420583,-0.8923034
afrixnli_sna_560,0.69540447,0.056891445
afrixnli_sna_561,0.7479983,0.5339449
afrixnli_sna_562,0.69540447,0.056891445
afrixnli_sna_563,0.80420583,-0.8923034
afrixnli_sna_564,0.70679575,0.06111377
afrixnli_sna_565,0.80420583,-0.8923034
afrixnli_sna_566,0.7602274,-0.39185357
afrixnli_sna_567,0.7479983,0.5339449
afrixnli_sna_568,0.7611757,-0.39170244
afrixnli_sna_569,0.80420583,-0.8923034
afrixnli_sna_57,0.7602274,-0.39185357
afrixnli_sna_570,0.80420583,-0.8923034
afrixnli_sna_571,0.80420583,-0.8923034
afrixnli_sna_572,0.6424385,0.037338115
afrixnli_sna_573,0.7479983,0.5339449
afrixnli_sna_574,0.7635237,0.08207443
afrixnli_sna_575,0.69457096,0.056582592
afrixnli_sna_576,0.63420725,0.89673305
afrixnli_sna_577,0.73473793,0.5267357
afrixnli_sna_578,0.7479983,0.5339449
afrixnli_sna_579,0.7602274,-0.39185357
afrixnli_sna_58,0.7467643,1.4440738
afrixnli_sna_580,0.7635237,0.08207443
afrixnli_sna_581,0.6424385,0.037338115
afrixnli_sna_582,0.7635237,0.08207443
afrixnli_sna_583,0.69565564,-0.40068328
afrixnli_sna_584,0.68292916,0.9383759
afrixnli_sna_585,0.7608128,0.996307
afrixnli_sna_586,0.69565564,-0.40068328
afrixnli_sna_587,0.7635237,0.08207443
afrixnli_sna_588,0.80420583,-0.8923034
afrixnli_sna_589,0.7479983,0.5339449
afrixnli_sna_59,0.59398746,0.019788202
afrixnli_sna_590,0.57967764,0.43094468
afrixnli_sna_591,0.80420583,-0.8923034
afrixnli_sna_592,0.7635237,0.08207443
afrixnli_sna_593,0.69540447,0.056891445
afrixnli_sna_594,0.80420583,-0.8923034
afrixnli_sna_595,0.80420583,-0.8923034
afrixnli_sna_596,0.70679575,0.06111377
afrixnli_sna_597,0.80420583,-0.8923034
afrixnli_sna_598,0.7479983,0.5339449
afrixnli_sna_599,0.64743423,0.03917148
afrixnli_sna_6,0.73473793,0.5267357
afrixnli_sna_60,0.6947077,0.9477968
afrixnli_sna_61,0.63420725,0.89673305
afrixnli_sna_62,0.80420583,-0.8923034
afrixnli_sna_63,0.7479983,0.5339449
afrixnli_sna_64,0.57967764,0.43094468
afrixnli_sna_65,0.73473793,0.5267357
afrixnli_sna_66,0.7059342,0.06079441
afrixnli_sna_67,0.80420583,-0.8923034
afrixnli_sna_68,0.69565564,-0.40068328
afrixnli_sna_69,0.7059342,0.06079441
afrixnli_sna_7,0.80420583,-0.8923034
afrixnli_sna_70,0.7602274,-0.39185357
afrixnli_sna_71,0.64743423,0.03917148
afrixnli_sna_72,0.7608128,0.996307
afrixnli_sna_73,0.7479983,0.5339449
afrixnli_sna_74,0.69565564,-0.40068328
afrixnli_sna_75,0.80420583,-0.8923034
afrixnli_sna_76,0.68292916,0.9383759
afrixnli_sna_77,0.7602274,-0.39185357
afrixnli_sna_78,0.64743423,0.03917148
afrixnli_sna_79,0.7635237,0.08207443
afrixnli_sna_8,0.7479983,0.5339449
afrixnli_sna_80,0.7608128,0.996307
afrixnli_sna_81,0.7602274,-0.39185357
afrixnli_sna_82,0.7635237,0.08207443
afrixnli_sna_83,0.70679575,0.06111377
afrixnli_sna_84,0.7611757,-0.39170244
afrixnli_sna_85,0.7479983,0.5339449
afrixnli_sna_86,0.7467643,1.4440738
afrixnli_sna_87,0.7611757,-0.39170244
afrixnli_sna_88,0.69565564,-0.40068328
afrixnli_sna_89,0.6947077,0.9477968
afrixnli_sna_9,0.7635237,0.08207443
afrixnli_sna_90,0.7611757,-0.39170244
afrixnli_sna_91,0.80420583,-0.8923034
afrixnli_sna_92,0.69540447,0.056891445
afrixnli_sna_93,0.69457096,0.056582592
afrixnli_sna_94,0.70679575,0.06111377
afrixnli_sna_95,0.7635237,0.08207443
afrixnli_sna_96,0.7479983,0.5339449
afrixnli_sna_97,0.69457096,0.056582592
afrixnli_sna_98,0.69565564,-0.40068328
afrixnli_sna_99,0.61893564,0.45720002
afrixnli_sot_0,0.7611757,-0.39170244
afrixnli_sot_1,0.6800837,0.49539727
afrixnli_sot_10,0.7602274,-0.39185357
afrixnli_sot_100,0.63346595,0.89606524
afrixnli_sot_101,0.73473793,0.5267357
afrixnli_sot_102,0.69540447,0.056891445
afrixnli_sot_103,0.70651853,-0.39941782
afrixnli_sot_104,0.73473793,0.5267357
afrixnli_sot_105,0.69457096,0.056582592
afrixnli_sot_106,0.7611757,-0.39170244
afrixnli_sot_107,0.7467643,1.4440738
afrixnli_sot_108,0.7467643,1.4440738
afrixnli_sot_109,0.7635237,0.08207443
afrixnli_sot_11,0.61893564,0.45720002
afrixnli_sot_110,0.7479983,0.5339449
afrixnli_sot_111,0.7635237,0.08207443
afrixnli_sot_112,0.7479983,0.5339449
afrixnli_sot_113,0.7602274,-0.39185357
afrixnli_sot_114,0.80420583,-0.8923034
afrixnli_sot_115,0.6947077,0.9477968
afrixnli_sot_116,0.6800837,0.49539727
afrixnli_sot_117,0.7611757,-0.39170244
afrixnli_sot_118,0.6424385,0.037338115
afrixnli_sot_119,0.7608128,0.996307
afrixnli_sot_12,0.7635237,0.08207443
afrixnli_sot_120,0.7467643,1.4440738
afrixnli_sot_121,0.70651853,-0.39941782
afrixnli_sot_122,0.80420583,-0.8923034
afrixnli_sot_123,0.7602274,-0.39185357
afrixnli_sot_124,0.80420583,-0.8923034
afrixnli_sot_125,0.62822515,0.46321607
afrixnli_sot_126,0.73473793,0.5267357
afrixnli_sot_127,0.80420583,-0.8923034
afrixnli_sot_128,0.7602274,-0.39185357
afrixnli_sot_129,0.7467643,1.4440738
afrixnli_sot_13,0.59398746,0.019788202
afrixnli_sot_130,0.80420583,-0.8923034
afrixnli_sot_131,0.6800837,0.49539727
afrixnli_sot_132,0.59398746,0.019788202
afrixnli_sot_133,0.7635237,0.08207443
afrixnli_sot_134,0.80420583,-0.8923034
afrixnli_sot_135,0.7611757,-0.39170244
afrixnli_sot_136,0.73473793,0.5267357
afrixnli_sot_137,0.7479983,0.5339449
afrixnli_sot_138,0.7467643,1.4440738
afrixnli_sot_139,0.69457096,0.056582592
afrixnli_sot_14,0.7611757,-0.39170244
afrixnli_sot_140,0.6947077,0.9477968
afrixnli_sot_141,0.70679575,0.06111377
afrixnli_sot_142,0.80420583,-0.8923034
afrixnli_sot_143,0.80420583,-0.8923034
afrixnli_sot_144,0.69565564,-0.40068328
afrixnli_sot_145,0.61893564,0.45720002
afrixnli_sot_146,0.7059342,0.06079441
afrixnli_sot_147,0.80420583,-0.8923034
afrixnli_sot_148,0.7635237,0.08207443
afrixnli_sot_149,0.7611757,-0.39170244
afrixnli_sot_15,0.73473793,0.5267357
afrixnli_sot_150,0.7611757,-0.39170244
afrixnli_sot_151,0.7611757,-0.39170244
afrixnli_sot_152,0.7059342,0.06079441
afrixnli_sot_153,0.80420583,-0.8923034
afrixnli_sot_154,0.7635237,0.08207443
afrixnli_sot_155,0.7059342,0.06079441
afrixnli_sot_156,0.70679575,0.06111377
afrixnli_sot_157,0.70651853,-0.39941782
afrixnli_sot_158,0.68292916,0.9383759
afrixnli_sot_159,0.57967764,0.43094468
afrixnli_sot_16,0.70651853,-0.39941782
afrixnli_sot_160,0.59398746,0.019788202
afrixnli_sot_161,0.70679575,0.06111377
afrixnli_sot_162,0.70651853,-0.39941782
afrixnli_sot_163,0.7635237,0.08207443
afrixnli_sot_164,0.59398746,0.019788202
afrixnli_sot_165,0.7602274,-0.39185357
afrixnli_sot_166,0.80420583,-0.8923034
afrixnli_sot_167,0.80420583,-0.8923034
afrixnli_sot_168,0.80420583,-0.8923034
afrixnli_sot_169,0.7467643,1.4440738
afrixnli_sot_17,0.63346595,0.89606524
afrixnli_sot_170,0.7467643,1.4440738
afrixnli_sot_171,0.7602274,-0.39185357
afrixnli_sot_172,0.7608128,0.996307
afrixnli_sot_173,0.59398746,0.019788202
afrixnli_sot_174,0.80420583,-0.8923034
afrixnli_sot_175,0.7602274,-0.39185357
afrixnli_sot_176,0.80420583,-0.8923034
afrixnli_sot_177,0.6182554,0.45675644
afrixnli_sot_178,0.7611757,-0.39170244
afrixnli_sot_179,0.6182554,0.45675644
afrixnli_sot_18,0.7602274,-0.39185357
afrixnli_sot_180,0.80420583,-0.8923034
afrixnli_sot_181,0.7059342,0.06079441
afrixnli_sot_182,0.7611757,-0.39170244
afrixnli_sot_183,0.7611757,-0.39170244
afrixnli_sot_184,0.7602274,-0.39185357
afrixnli_sot_185,0.7611757,-0.39170244
afrixnli_sot_186,0.64743423,0.03917148
afrixnli_sot_187,0.7635237,0.08207443
afrixnli_sot_188,0.7059342,0.06079441
afrixnli_sot_189,0.80420583,-0.8923034
afrixnli_sot_19,0.80420583,-0.8923034
afrixnli_sot_190,0.80420583,-0.8923034
afrixnli_sot_191,0.7479983,0.5339449
afrixnli_sot_192,0.80420583,-0.8923034
afrixnli_sot_193,0.7635237,0.08207443
afrixnli_sot_194,0.69457096,0.056582592
afrixnli_sot_195,0.7611757,-0.39170244
afrixnli_sot_196,0.7479983,0.5339449
afrixnli_sot_197,0.73473793,0.5267357
afrixnli_sot_198,0.7467643,1.4440738
afrixnli_sot_199,0.7602274,-0.39185357
afrixnli_sot_2,0.7611757,-0.39170244
afrixnli_sot_20,0.80420583,-0.8923034
afrixnli_sot_200,0.7479983,0.5339449
afrixnli_sot_201,0.80420583,-0.8923034
afrixnli_sot_202,0.57967764,0.43094468
afrixnli_sot_203,0.7602274,-0.39185357
afrixnli_sot_204,0.69565564,-0.40068328
afrixnli_sot_205,0.70679575,0.06111377
afrixnli_sot_206,0.7635237,0.08207443
afrixnli_sot_207,0.59398746,0.019788202
afrixnli_sot_208,0.63420725,0.89673305
afrixnli_sot_209,0.7635237,0.08207443
afrixnli_sot_21,0.68292916,0.9383759
afrixnli_sot_210,0.7059342,0.06079441
afrixnli_sot_211,0.69565564,-0.40068328
afrixnli_sot_212,0.80420583,-0.8923034
afrixnli_sot_213,0.80420583,-0.8923034
afrixnli_sot_214,0.63420725,0.89673305
afrixnli_sot_215,0.7479983,0.5339449
afrixnli_sot_216,0.70679575,0.06111377
afrixnli_sot_217,0.7635237,0.08207443
afrixnli_sot_218,0.7635237,0.08207443
afrixnli_sot_219,0.6800837,0.49539727
afrixnli_sot_22,0.70651853,-0.39941782
afrixnli_sot_220,0.7059342,0.06079441
afrixnli_sot_221,0.6800837,0.49539727
afrixnli_sot_222,0.7635237,0.08207443
afrixnli_sot_223,0.7479983,0.5339449
afrixnli_sot_224,0.80420583,-0.8923034
afrixnli_sot_225,0.80420583,-0.8923034
afrixnli_sot_226,0.73473793,0.5267357
afrixnli_sot_227,0.80420583,-0.8923034
afrixnli_sot_228,0.7059342,0.06079441
afrixnli_sot_229,0.7602274,-0.39185357
afrixnli_sot_23,0.70651853,-0.39941782
afrixnli_sot_230,0.68292916,0.9383759
afrixnli_sot_231,0.73473793,0.5267357
afrixnli_sot_232,0.7059342,0.06079441
afrixnli_sot_233,0.63420725,0.89673305
afrixnli_sot_234,0.61893564,0.45720002
afrixnli_sot_235,0.6800837,0.49539727
afrixnli_sot_236,0.6947077,0.9477968
afrixnli_sot_237,0.7059342,0.06079441
afrixnli_sot_238,0.7467643,1.4440738
afrixnli_sot_239,0.69540447,0.056891445
afrixnli_sot_24,0.7611757,-0.39170244
afrixnli_sot_240,0.7602274,-0.39185357
afrixnli_sot_241,0.63346595,0.89606524
afrixnli_sot_242,0.7635237,0.08207443
afrixnli_sot_243,0.69565564,-0.40068328
afrixnli_sot_244,0.7479983,0.5339449
afrixnli_sot_245,0.7635237,0.08207443
afrixnli_sot_246,0.80420583,-0.8923034
afrixnli_sot_247,0.80420583,-0.8923034
afrixnli_sot_248,0.7479983,0.5339449
afrixnli_sot_249,0.80420583,-0.8923034
afrixnli_sot_25,0.69565564,-0.40068328
afrixnli_sot_250,0.70651853,-0.39941782
afrixnli_sot_251,0.7479983,0.5339449
afrixnli_sot_252,0.80420583,-0.8923034
afrixnli_sot_253,0.7479983,0.5339449
afrixnli_sot_254,0.80420583,-0.8923034
afrixnli_sot_255,0.7479983,0.5339449
afrixnli_sot_256,0.6800837,0.49539727
afrixnli_sot_257,0.7602274,-0.39185357
afrixnli_sot_258,0.80420583,-0.8923034
afrixnli_sot_259,0.80420583,-0.8923034
afrixnli_sot_26,0.7479983,0.5339449
afrixnli_sot_260,0.7635237,0.08207443
afrixnli_sot_261,0.7479983,0.5339449
afrixnli_sot_262,0.7467643,1.4440738
afrixnli_sot_263,0.80420583,-0.8923034
afrixnli_sot_264,0.70679575,0.06111377
afrixnli_sot_265,0.80420583,-0.8923034
afrixnli_sot_266,0.7479983,0.5339449
afrixnli_sot_267,0.80420583,-0.8923034
afrixnli_sot_268,0.80420583,-0.8923034
afrixnli_sot_269,0.80420583,-0.8923034
afrixnli_sot_27,0.80420583,-0.8923034
afrixnli_sot_270,0.67925465,0.49490166
afrixnli_sot_271,0.6947077,0.9477968
afrixnli_sot_272,0.70679575,0.06111377
afrixnli_sot_273,0.7635237,0.08207443
afrixnli_sot_274,0.68292916,0.9383759
afrixnli_sot_275,0.80420583,-0.8923034
afrixnli_sot_276,0.80420583,-0.8923034
afrixnli_sot_277,0.80420583,-0.8923034
afrixnli_sot_278,0.7479983,0.5339449
afrixnli_sot_279,0.7059342,0.06079441
afrixnli_sot_28,0.80420583,-0.8923034
afrixnli_sot_280,0.80420583,-0.8923034
afrixnli_sot_281,0.80420583,-0.8923034
afrixnli_sot_282,0.80420583,-0.8923034
afrixnli_sot_283,0.80420583,-0.8923034
afrixnli_sot_284,0.6743284,0.49194366
afrixnli_sot_285,0.7611757,-0.39170244
afrixnli_sot_286,0.80420583,-0.8923034
afrixnli_sot_287,0.7635237,0.08207443
afrixnli_sot_288,0.80420583,-0.8923034
afrixnli_sot_289,0.7635237,0.08207443
afrixnli_sot_29,0.70651853,-0.39941782
afrixnli_sot_290,0.80420583,-0.8923034
afrixnli_sot_291,0.7479983,0.5339449
afrixnli_sot_292,0.7611757,-0.39170244
afrixnli_sot_293,0.7602274,-0.39185357
afrixnli_sot_294,0.7635237,0.08207443
afrixnli_sot_295,0.80420583,-0.8923034
afrixnli_sot_296,0.69565564,-0.40068328
afrixnli_sot_297,0.7602274,-0.39185357
afrixnli_sot_298,0.6182554,0.45675644
afrixnli_sot_299,0.6947077,0.9477968
afrixnli_sot_3,0.80420583,-0.8923034
afrixnli_sot_30,0.59398746,0.019788202
afrixnli_sot_300,0.7635237,0.08207443
afrixnli_sot_301,0.80420583,-0.8923034
afrixnli_sot_302,0.59398746,0.019788202
afrixnli_sot_303,0.7611757,-0.39170244
afrixnli_sot_304,0.80420583,-0.8923034
afrixnli_sot_305,0.7602274,-0.39185357
afrixnli_sot_306,0.63420725,0.89673305
afrixnli_sot_307,0.67925465,0.49490166
afrixnli_sot_308,0.6947077,0.9477968
afrixnli_sot_309,0.80420583,-0.8923034
afrixnli_sot_31,0.6800837,0.49539727
afrixnli_sot_310,0.70679575,0.06111377
afrixnli_sot_311,0.69540447,0.056891445
afrixnli_sot_312,0.80420583,-0.8923034
afrixnli_sot_313,0.7602274,-0.39185357
afrixnli_sot_314,0.69565564,-0.40068328
afrixnli_sot_315,0.7059342,0.06079441
afrixnli_sot_316,0.7611757,-0.39170244
afrixnli_sot_317,0.69457096,0.056582592
afrixnli_sot_318,0.7602274,-0.39185357
afrixnli_sot_319,0.59398746,0.019788202
afrixnli_sot_32,0.7602274,-0.39185357
afrixnli_sot_320,0.7611757,-0.39170244
afrixnli_sot_321,0.7635237,0.08207443
afrixnli_sot_322,0.80420583,-0.8923034
afrixnli_sot_323,0.7611757,-0.39170244
afrixnli_sot_324,0.7611757,-0.39170244
afrixnli_sot_325,0.80420583,-0.8923034
afrixnli_sot_326,0.6947077,0.9477968
afrixnli_sot_327,0.80420583,-0.8923034
afrixnli_sot_328,0.7479983,0.5339449
afrixnli_sot_329,0.80420583,-0.8923034
afrixnli_sot_33,0.68292916,0.9383759
afrixnli_sot_330,0.63420725,0.89673305
afrixnli_sot_331,0.73473793,0.5267357
afrixnli_sot_332,0.6743284,0.49194366
afrixnli_sot_333,0.7479983,0.5339449
afrixnli_sot_334,0.80420583,-0.8923034
afrixnli_sot_335,0.80420583,-0.8923034
afrixnli_sot_336,0.7635237,0.08207443
afrixnli_sot_337,0.69565564,-0.40068328
afrixnli_sot_338,0.80420583,-0.8923034
afrixnli_sot_339,0.7635237,0.08207443
afrixnli_sot_34,0.7611757,-0.39170244
afrixnli_sot_340,0.80420583,-0.8923034
afrixnli_sot_341,0.69457096,0.056582592
afrixnli_sot_342,0.7611757,-0.39170244
afrixnli_sot_343,0.7479983,0.5339449
afrixnli_sot_344,0.80420583,-0.8923034
afrixnli_sot_345,0.80420583,-0.8923034
afrixnli_sot_346,0.7059342,0.06079441
afrixnli_sot_347,0.7467643,1.4440738
afrixnli_sot_348,0.80420583,-0.8923034
afrixnli_sot_349,0.80420583,-0.8923034
afrixnli_sot_35,0.80420583,-0.8923034
afrixnli_sot_350,0.7635237,0.08207443
afrixnli_sot_351,0.7479983,0.5339449
afrixnli_sot_352,0.6800837,0.49539727
afrixnli_sot_353,0.69565564,-0.40068328
afrixnli_sot_354,0.7611757,-0.39170244
afrixnli_sot_355,0.68292916,0.9383759
afrixnli_sot_356,0.7635237,0.08207443
afrixnli_sot_357,0.80420583,-0.8923034
afrixnli_sot_358,0.80420583,-0.8923034
afrixnli_sot_359,0.63420725,0.89673305
afrixnli_sot_36,0.69565564,-0.40068328
afrixnli_sot_360,0.68292916,0.9383759
afrixnli_sot_361,0.80420583,-0.8923034
afrixnli_sot_362,0.7479983,0.5339449
afrixnli_sot_363,0.7602274,-0.39185357
afrixnli_sot_364,0.7611757,-0.39170244
afrixnli_sot_365,0.7602274,-0.39185357
afrixnli_sot_366,0.7635237,0.08207443
afrixnli_sot_367,0.64743423,0.03917148
afrixnli_sot_368,0.73473793,0.5267357
afrixnli_sot_369,0.63420725,0.89673305
afrixnli_sot_37,0.7635237,0.08207443
afrixnli_sot_370,0.80420583,-0.8923034
afrixnli_sot_371,0.7467643,1.4440738
afrixnli_sot_372,0.7635237,0.08207443
afrixnli_sot_373,0.7602274,-0.39185357
afrixnli_sot_374,0.7608128,0.996307
afrixnli_sot_375,0.7611757,-0.39170244
afrixnli_sot_376,0.61893564,0.45720002
afrixnli_sot_377,0.64314777,0.03759825
afrixnli_sot_378,0.7635237,0.08207443
afrixnli_sot_379,0.80420583,-0.8923034
afrixnli_sot_38,0.64743423,0.03917148
afrixnli_sot_380,0.7602274,-0.39185357
afrixnli_sot_381,0.70651853,-0.39941782
afrixnli_sot_382,0.7467643,1.4440738
afrixnli_sot_383,0.7059342,0.06079441
afrixnli_sot_384,0.7467643,1.4440738
afrixnli_sot_385,0.63346595,0.89606524
afrixnli_sot_386,0.7467643,1.4440738
afrixnli_sot_387,0.80420583,-0.8923034
afrixnli_sot_388,0.6743284,0.49194366
afrixnli_sot_389,0.80420583,-0.8923034
afrixnli_sot_39,0.80420583,-0.8923034
afrixnli_sot_390,0.7602274,-0.39185357
afrixnli_sot_391,0.69565564,-0.40068328
afrixnli_sot_392,0.80420583,-0.8923034
afrixnli_sot_393,0.6424385,0.037338115
afrixnli_sot_394,0.7635237,0.08207443
afrixnli_sot_395,0.69540447,0.056891445
afrixnli_sot_396,0.7608128,0.996307
afrixnli_sot_397,0.67925465,0.49490166
afrixnli_sot_398,0.7635237,0.08207443
afrixnli_sot_399,0.80420583,-0.8923034
afrixnli_sot_4,0.7635237,0.08207443
afrixnli_sot_40,0.7635237,0.08207443
afrixnli_sot_400,0.7467643,1.4440738
afrixnli_sot_401,0.7611757,-0.39170244
afrixnli_sot_402,0.80420583,-0.8923034
afrixnli_sot_403,0.80420583,-0.8923034
afrixnli_sot_404,0.7635237,0.08207443
afrixnli_sot_405,0.7611757,-0.39170244
afrixnli_sot_406,0.7602274,-0.39185357
afrixnli_sot_407,0.7611757,-0.39170244
afrixnli_sot_408,0.80420583,-0.8923034
afrixnli_sot_409,0.69565564,-0.40068328
afrixnli_sot_41,0.80420583,-0.8923034
afrixnli_sot_410,0.69457096,0.056582592
afrixnli_sot_411,0.80420583,-0.8923034
afrixnli_sot_412,0.69457096,0.056582592
afrixnli_sot_413,0.7479983,0.5339449
afrixnli_sot_414,0.7608128,0.996307
afrixnli_sot_415,0.68292916,0.9383759
afrixnli_sot_416,0.6947077,0.9477968
afrixnli_sot_417,0.80420583,-0.8923034
afrixnli_sot_418,0.7635237,0.08207443
afrixnli_sot_419,0.80420583,-0.8923034
afrixnli_sot_42,0.7635237,0.08207443
afrixnli_sot_420,0.7479983,0.5339449
afrixnli_sot_421,0.61893564,0.45720002
afrixnli_sot_422,0.69540447,0.056891445
afrixnli_sot_423,0.7467643,1.4440738
afrixnli_sot_424,0.80420583,-0.8923034
afrixnli_sot_425,0.7059342,0.06079441
afrixnli_sot_426,0.80420583,-0.8923034
afrixnli_sot_427,0.61893564,0.45720002
afrixnli_sot_428,0.68292916,0.9383759
afrixnli_sot_429,0.7479983,0.5339449
afrixnli_sot_43,0.80420583,-0.8923034
afrixnli_sot_430,0.70651853,-0.39941782
afrixnli_sot_431,0.80420583,-0.8923034
afrixnli_sot_432,0.7059342,0.06079441
afrixnli_sot_433,0.70651853,-0.39941782
afrixnli_sot_434,0.80420583,-0.8923034
afrixnli_sot_435,0.7602274,-0.39185357
afrixnli_sot_436,0.7602274,-0.39185357
afrixnli_sot_437,0.7611757,-0.39170244
afrixnli_sot_438,0.7635237,0.08207443
afrixnli_sot_439,0.69565564,-0.40068328
afrixnli_sot_44,0.7467643,1.4440738
afrixnli_sot_440,0.69565564,-0.40068328
afrixnli_sot_441,0.80420583,-0.8923034
afrixnli_sot_442,0.59398746,0.019788202
afrixnli_sot_443,0.7608128,0.996307
afrixnli_sot_444,0.7611757,-0.39170244
afrixnli_sot_445,0.80420583,-0.8923034
afrixnli_sot_446,0.70651853,-0.39941782
afrixnli_sot_447,0.57967764,0.43094468
afrixnli_sot_448,0.7602274,-0.39185357
afrixnli_sot_449,0.7467643,1.4440738
afrixnli_sot_45,0.80420583,-0.8923034
afrixnli_sot_450,0.7602274,-0.39185357
afrixnli_sot_451,0.7635237,0.08207443
afrixnli_sot_452,0.80420583,-0.8923034
afrixnli_sot_453,0.7479983,0.5339449
afrixnli_sot_454,0.7611757,-0.39170244
afrixnli_sot_455,0.59398746,0.019788202
afrixnli_sot_456,0.80420583,-0.8923034
afrixnli_sot_457,0.7611757,-0.39170244
afrixnli_sot_458,0.7059342,0.06079441
afrixnli_sot_459,0.57967764,0.43094468
afrixnli_sot_46,0.69457096,0.056582592
afrixnli_sot_460,0.7635237,0.08207443
afrixnli_sot_461,0.69565564,-0.40068328
afrixnli_sot_462,0.69565564,-0.40068328
afrixnli_sot_463,0.69540447,0.056891445
afrixnli_sot_464,0.7635237,0.08207443
afrixnli_sot_465,0.80420583,-0.8923034
afrixnli_sot_466,0.80420583,-0.8923034
afrixnli_sot_467,0.7635237,0.08207443
afrixnli_sot_468,0.7635237,0.08207443
afrixnli_sot_469,0.64743423,0.03917148
afrixnli_sot_47,0.80420583,-0.8923034
afrixnli_sot_470,0.68292916,0.9383759
afrixnli_sot_471,0.80420583,-0.8923034
afrixnli_sot_472,0.7059342,0.06079441
afrixnli_sot_473,0.80420583,-0.8923034
afrixnli_sot_474,0.7059342,0.06079441
afrixnli_sot_475,0.7479983,0.5339449
afrixnli_sot_476,0.80420583,-0.8923034
afrixnli_sot_477,0.69565564,-0.40068328
afrixnli_sot_478,0.7602274,-0.39185357
afrixnli_sot_479,0.7611757,-0.39170244
afrixnli_sot_48,0.7467643,1.4440738
afrixnli_sot_480,0.7479983,0.5339449
afrixnli_sot_481,0.80420583,-0.8923034
afrixnli_sot_482,0.80420583,-0.8923034
afrixnli_sot_483,0.80420583,-0.8923034
afrixnli_sot_484,0.80420583,-0.8923034
afrixnli_sot_485,0.7479983,0.5339449
afrixnli_sot_486,0.7635237,0.08207443
afrixnli_sot_487,0.80420583,-0.8923034
afrixnli_sot_488,0.70679575,0.06111377
afrixnli_sot_489,0.73473793,0.5267357
afrixnli_sot_49,0.59398746,0.019788202
afrixnli_sot_490,0.69540447,0.056891445
afrixnli_sot_491,0.7479983,0.5339449
afrixnli_sot_492,0.7602274,-0.39185357
afrixnli_sot_493,0.7611757,-0.39170244
afrixnli_sot_494,0.63420725,0.89673305
afrixnli_sot_495,0.63346595,0.89606524
afrixnli_sot_496,0.7479983,0.5339449
afrixnli_sot_497,0.59398746,0.019788202
afrixnli_sot_498,0.7602274,-0.39185357
afrixnli_sot_499,0.6800837,0.49539727
afrixnli_sot_5,0.7602274,-0.39185357
afrixnli_sot_50,0.7479983,0.5339449
afrixnli_sot_500,0.73473793,0.5267357
afrixnli_sot_501,0.7467643,1.4440738
afrixnli_sot_502,0.6182554,0.45675644
afrixnli_sot_503,0.7635237,0.08207443
afrixnli_sot_504,0.80420583,-0.8923034
afrixnli_sot_505,0.80420583,-0.8923034
afrixnli_sot_506,0.7467643,1.4440738
afrixnli_sot_507,0.80420583,-0.8923034
afrixnli_sot_508,0.7479983,0.5339449
afrixnli_sot_509,0.80420583,-0.8923034
afrixnli_sot_51,0.7635237,0.08207443
afrixnli_sot_510,0.7479983,0.5339449
afrixnli_sot_511,0.63420725,0.89673305
afrixnli_sot_512,0.6800837,0.49539727
afrixnli_sot_513,0.7479983,0.5339449
afrixnli_sot_514,0.7611757,-0.39170244
afrixnli_sot_515,0.69457096,0.056582592
afrixnli_sot_516,0.7611757,-0.39170244
afrixnli_sot_517,0.69457096,0.056582592
afrixnli_sot_518,0.69457096,0.056582592
afrixnli_sot_519,0.69457096,0.056582592
afrixnli_sot_52,0.80420583,-0.8923034
afrixnli_sot_520,0.80420583,-0.8923034
afrixnli_sot_521,0.7611757,-0.39170244
afrixnli_sot_522,0.7635237,0.08207443
afrixnli_sot_523,0.80420583,-0.8923034
afrixnli_sot_524,0.7467643,1.4440738
afrixnli_sot_525,0.70651853,-0.39941782
afrixnli_sot_526,0.6743284,0.49194366
afrixnli_sot_527,0.69457096,0.056582592
afrixnli_sot_528,0.7635237,0.08207443
afrixnli_sot_529,0.80420583,-0.8923034
afrixnli_sot_53,0.80420583,-0.8923034
afrixnli_sot_530,0.80420583,-0.8923034
afrixnli_sot_531,0.7611757,-0.39170244
afrixnli_sot_532,0.7635237,0.08207443
afrixnli_sot_533,0.63346595,0.89606524
afrixnli_sot_534,0.59398746,0.019788202
afrixnli_sot_535,0.61893564,0.45720002
afrixnli_sot_536,0.7635237,0.08207443
afrixnli_sot_537,0.69457096,0.056582592
afrixnli_sot_538,0.7479983,0.5339449
afrixnli_sot_539,0.7467643,1.4440738
afrixnli_sot_54,0.7611757,-0.39170244
afrixnli_sot_540,0.7059342,0.06079441
afrixnli_sot_541,0.80420583,-0.8923034
afrixnli_sot_542,0.80420583,-0.8923034
afrixnli_sot_543,0.69565564,-0.40068328
afrixnli_sot_544,0.7059342,0.06079441
afrixnli_sot_545,0.69565564,-0.40068328
afrixnli_sot_546,0.7635237,0.08207443
afrixnli_sot_547,0.80420583,-0.8923034
afrixnli_sot_548,0.63346595,0.89606524
afrixnli_sot_549,0.7611757,-0.39170244
afrixnli_sot_55,0.7611757,-0.39170244
afrixnli_sot_550,0.67925465,0.49490166
afrixnli_sot_551,0.7602274,-0.39185357
afrixnli_sot_552,0.63346595,0.89606524
afrixnli_sot_553,0.7059342,0.06079441
afrixnli_sot_554,0.7611757,-0.39170244
afrixnli_sot_555,0.7608128,0.996307
afrixnli_sot_556,0.67925465,0.49490166
afrixnli_sot_557,0.7602274,-0.39185357
afrixnli_sot_558,0.7059342,0.06079441
afrixnli_sot_559,0.80420583,-0.8923034
afrixnli_sot_56,0.80420583,-0.8923034
afrixnli_sot_560,0.7467643,1.4440738
afrixnli_sot_561,0.7059342,0.06079441
afrixnli_sot_562,0.80420583,-0.8923034
afrixnli_sot_563,0.80420583,-0.8923034
afrixnli_sot_564,0.7479983,0.5339449
afrixnli_sot_565,0.7611757,-0.39170244
afrixnli_sot_566,0.80420583,-0.8923034
afrixnli_sot_567,0.7479983,0.5339449
afrixnli_sot_568,0.80420583,-0.8923034
afrixnli_sot_569,0.80420583,-0.8923034
afrixnli_sot_57,0.7635237,0.08207443
afrixnli_sot_570,0.7467643,1.4440738
afrixnli_sot_571,0.57967764,0.43094468
afrixnli_sot_572,0.7479983,0.5339449
afrixnli_sot_573,0.7479983,0.5339449
afrixnli_sot_574,0.7467643,1.4440738
afrixnli_sot_575,0.7467643,1.4440738
afrixnli_sot_576,0.63346595,0.89606524
afrixnli_sot_577,0.7608128,0.996307
afrixnli_sot_578,0.7479983,0.5339449
afrixnli_sot_579,0.69565564,-0.40068328
afrixnli_sot_58,0.7635237,0.08207443
afrixnli_sot_580,0.80420583,-0.8923034
afrixnli_sot_581,0.7635237,0.08207443
afrixnli_sot_582,0.7635237,0.08207443
afrixnli_sot_583,0.80420583,-0.8923034
afrixnli_sot_584,0.80420583,-0.8923034
afrixnli_sot_585,0.7467643,1.4440738
afrixnli_sot_586,0.63346595,0.89606524
afrixnli_sot_587,0.7059342,0.06079441
afrixnli_sot_588,0.80420583,-0.8923034
afrixnli_sot_589,0.7059342,0.06079441
afrixnli_sot_59,0.63346595,0.89606524
afrixnli_sot_590,0.57967764,0.43094468
afrixnli_sot_591,0.57967764,0.43094468
afrixnli_sot_592,0.7059342,0.06079441
afrixnli_sot_593,0.57967764,0.43094468
afrixnli_sot_594,0.80420583,-0.8923034
afrixnli_sot_595,0.80420583,-0.8923034
afrixnli_sot_596,0.6947077,0.9477968
afrixnli_sot_597,0.7611757,-0.39170244
afrixnli_sot_598,0.7602274,-0.39185357
afrixnli_sot_599,0.80420583,-0.8923034
afrixnli_sot_6,0.7611757,-0.39170244
afrixnli_sot_60,0.7635237,0.08207443
afrixnli_sot_61,0.7059342,0.06079441
afrixnli_sot_62,0.7611757,-0.39170244
afrixnli_sot_63,0.64314777,0.03759825
afrixnli_sot_64,0.61893564,0.45720002
afrixnli_sot_65,0.7608128,0.996307
afrixnli_sot_66,0.7479983,0.5339449
afrixnli_sot_67,0.7467643,1.4440738
afrixnli_sot_68,0.69540447,0.056891445
afrixnli_sot_69,0.7635237,0.08207443
afrixnli_sot_7,0.59398746,0.019788202
afrixnli_sot_70,0.80420583,-0.8923034
afrixnli_sot_71,0.59398746,0.019788202
afrixnli_sot_72,0.67925465,0.49490166
afrixnli_sot_73,0.7635237,0.08207443
afrixnli_sot_74,0.59398746,0.019788202
afrixnli_sot_75,0.7635237,0.08207443
afrixnli_sot_76,0.6182554,0.45675644
afrixnli_sot_77,0.7602274,-0.39185357
afrixnli_sot_78,0.7608128,0.996307
afrixnli_sot_79,0.7602274,-0.39185357
afrixnli_sot_8,0.7479983,0.5339449
afrixnli_sot_80,0.80420583,-0.8923034
afrixnli_sot_81,0.80420583,-0.8923034
afrixnli_sot_82,0.7479983,0.5339449
afrixnli_sot_83,0.7635237,0.08207443
afrixnli_sot_84,0.69540447,0.056891445
afrixnli_sot_85,0.7635237,0.08207443
afrixnli_sot_86,0.7467643,1.4440738
afrixnli_sot_87,0.7635237,0.08207443
afrixnli_sot_88,0.69457096,0.056582592
afrixnli_sot_89,0.7479983,0.5339449
afrixnli_sot_9,0.7635237,0.08207443
afrixnli_sot_90,0.7059342,0.06079441
afrixnli_sot_91,0.7479983,0.5339449
afrixnli_sot_92,0.68292916,0.9383759
afrixnli_sot_93,0.73473793,0.5267357
afrixnli_sot_94,0.7635237,0.08207443
afrixnli_sot_95,0.7602274,-0.39185357
afrixnli_sot_96,0.70679575,0.06111377
afrixnli_sot_97,0.80420583,-0.8923034
afrixnli_sot_98,0.80420583,-0.8923034
afrixnli_sot_99,0.63420725,0.89673305
afrixnli_swa_0,0.80420583,-0.8923034
afrixnli_swa_1,0.63346595,0.89606524
afrixnli_swa_10,0.80420583,-0.8923034
afrixnli_swa_100,0.6021625,0.022713147
afrixnli_swa_101,0.69540447,0.056891445
afrixnli_swa_102,0.69457096,0.056582592
afrixnli_swa_103,0.7611757,-0.39170244
afrixnli_swa_104,0.73473793,0.5267357
afrixnli_swa_105,0.7611757,-0.39170244
afrixnli_swa_106,0.7602274,-0.39185357
afrixnli_swa_107,0.63346595,0.89606524
afrixnli_swa_108,0.63420725,0.89673305
afrixnli_swa_109,0.63346595,0.89606524
afrixnli_swa_11,0.59398746,0.019788202
afrixnli_swa_110,0.7635237,0.08207443
afrixnli_swa_111,0.7602274,-0.39185357
afrixnli_swa_112,0.7479983,0.5339449
afrixnli_swa_113,0.80420583,-0.8923034
afrixnli_swa_114,0.70651853,-0.39941782
afrixnli_swa_115,0.7479983,0.5339449
afrixnli_swa_116,0.80420583,-0.8923034
afrixnli_swa_117,0.7635237,0.08207443
afrixnli_swa_118,0.61893564,0.45720002
afrixnli_swa_119,0.7608128,0.996307
afrixnli_swa_12,0.7479983,0.5339449
afrixnli_swa_120,0.69565564,-0.40068328
afrixnli_swa_121,0.80420583,-0.8923034
afrixnli_swa_122,0.7467643,1.4440738
afrixnli_swa_123,0.7602274,-0.39185357
afrixnli_swa_124,0.80420583,-0.8923034
afrixnli_swa_125,0.7635237,0.08207443
afrixnli_swa_126,0.80420583,-0.8923034
afrixnli_swa_127,0.7635237,0.08207443
afrixnli_swa_128,0.57967764,0.43094468
afrixnli_swa_129,0.59398746,0.019788202
afrixnli_swa_13,0.69565564,-0.40068328
afrixnli_swa_130,0.7059342,0.06079441
afrixnli_swa_131,0.80420583,-0.8923034
afrixnli_swa_132,0.6182554,0.45675644
afrixnli_swa_133,0.7635237,0.08207443
afrixnli_swa_134,0.7608128,0.996307
afrixnli_swa_135,0.67925465,0.49490166
afrixnli_swa_136,0.63420725,0.89673305
afrixnli_swa_137,0.7479983,0.5339449
afrixnli_swa_138,0.7608128,0.996307
afrixnli_swa_139,0.7635237,0.08207443
afrixnli_swa_14,0.73473793,0.5267357
afrixnli_swa_140,0.6743284,0.49194366
afrixnli_swa_141,0.70679575,0.06111377
afrixnli_swa_142,0.7602274,-0.39185357
afrixnli_swa_143,0.80420583,-0.8923034
afrixnli_swa_144,0.69565564,-0.40068328
afrixnli_swa_145,0.6800837,0.49539727
afrixnli_swa_146,0.7059342,0.06079441
afrixnli_swa_147,0.69565564,-0.40068328
afrixnli_swa_148,0.7635237,0.08207443
afrixnli_swa_149,0.64743423,0.03917148
afrixnli_swa_15,0.7611757,-0.39170244
afrixnli_swa_150,0.7635237,0.08207443
afrixnli_swa_151,0.80420583,-0.8923034
afrixnli_swa_152,0.6947077,0.9477968
afrixnli_swa_153,0.69457096,0.056582592
afrixnli_swa_154,0.7611757,-0.39170244
afrixnli_swa_155,0.7479983,0.5339449
afrixnli_swa_156,0.80420583,-0.8923034
afrixnli_swa_157,0.7611757,-0.39170244
afrixnli_swa_158,0.6182554,0.45675644
afrixnli_swa_159,0.69565564,-0.40068328
afrixnli_swa_16,0.80420583,-0.8923034
afrixnli_swa_160,0.69565564,-0.40068328
afrixnli_swa_161,0.80420583,-0.8923034
afrixnli_swa_162,0.80420583,-0.8923034
afrixnli_swa_163,0.7635237,0.08207443
afrixnli_swa_164,0.69457096,0.056582592
afrixnli_swa_165,0.69457096,0.056582592
afrixnli_swa_166,0.80420583,-0.8923034
afrixnli_swa_167,0.7602274,-0.39185357
afrixnli_swa_168,0.80420583,-0.8923034
afrixnli_swa_169,0.7635237,0.08207443
afrixnli_swa_17,0.63346595,0.89606524
afrixnli_swa_170,0.80420583,-0.8923034
afrixnli_swa_171,0.7602274,-0.39185357
afrixnli_swa_172,0.7479983,0.5339449
afrixnli_swa_173,0.69457096,0.056582592
afrixnli_swa_174,0.63420725,0.89673305
afrixnli_swa_175,0.7479983,0.5339449
afrixnli_swa_176,0.80420583,-0.8923034
afrixnli_swa_177,0.80420583,-0.8923034
afrixnli_swa_178,0.7611757,-0.39170244
afrixnli_swa_179,0.80420583,-0.8923034
afrixnli_swa_18,0.7611757,-0.39170244
afrixnli_swa_180,0.69457096,0.056582592
afrixnli_swa_181,0.7635237,0.08207443
afrixnli_swa_182,0.7602274,-0.39185357
afrixnli_swa_183,0.80420583,-0.8923034
afrixnli_swa_184,0.80420583,-0.8923034
afrixnli_swa_185,0.57967764,0.43094468
afrixnli_swa_186,0.69565564,-0.40068328
afrixnli_swa_187,0.7635237,0.08207443
afrixnli_swa_188,0.80420583,-0.8923034
afrixnli_swa_189,0.69540447,0.056891445
afrixnli_swa_19,0.7602274,-0.39185357
afrixnli_swa_190,0.80420583,-0.8923034
afrixnli_swa_191,0.7602274,-0.39185357
afrixnli_swa_192,0.69565564,-0.40068328
afrixnli_swa_193,0.7479983,0.5339449
afrixnli_swa_194,0.64743423,0.03917148
afrixnli_swa_195,0.68292916,0.9383759
afrixnli_swa_196,0.64743423,0.03917148
afrixnli_swa_197,0.73473793,0.5267357
afrixnli_swa_198,0.80420583,-0.8923034
afrixnli_swa_199,0.7602274,-0.39185357
afrixnli_swa_2,0.7611757,-0.39170244
afrixnli_swa_20,0.7059342,0.06079441
afrixnli_swa_200,0.6800837,0.49539727
afrixnli_swa_201,0.7467643,1.4440738
afrixnli_swa_202,0.68292916,0.9383759
afrixnli_swa_203,0.70651853,-0.39941782
afrixnli_swa_204,0.63346595,0.89606524
afrixnli_swa_205,0.57967764,0.43094468
afrixnli_swa_206,0.7479983,0.5339449
afrixnli_swa_207,0.61893564,0.45720002
afrixnli_swa_208,0.7467643,1.4440738
afrixnli_swa_209,0.7479983,0.5339449
afrixnli_swa_21,0.7467643,1.4440738
afrixnli_swa_210,0.7635237,0.08207443
afrixnli_swa_211,0.67925465,0.49490166
afrixnli_swa_212,0.6800837,0.49539727
afrixnli_swa_213,0.7467643,1.4440738
afrixnli_swa_214,0.63346595,0.89606524
afrixnli_swa_215,0.7479983,0.5339449
afrixnli_swa_216,0.7635237,0.08207443
afrixnli_swa_217,0.7611757,-0.39170244
afrixnli_swa_218,0.80420583,-0.8923034
afrixnli_swa_219,0.6800837,0.49539727
afrixnli_swa_22,0.70651853,-0.39941782
afrixnli_swa_220,0.7602274,-0.39185357
afrixnli_swa_221,0.7059342,0.06079441
afrixnli_swa_222,0.7635237,0.08207443
afrixnli_swa_223,0.7611757,-0.39170244
afrixnli_swa_224,0.7602274,-0.39185357
afrixnli_swa_225,0.80420583,-0.8923034
afrixnli_swa_226,0.7635237,0.08207443
afrixnli_swa_227,0.7602274,-0.39185357
afrixnli_swa_228,0.7635237,0.08207443
afrixnli_swa_229,0.7611757,-0.39170244
afrixnli_swa_23,0.80420583,-0.8923034
afrixnli_swa_230,0.59398746,0.019788202
afrixnli_swa_231,0.67925465,0.49490166
afrixnli_swa_232,0.7611757,-0.39170244
afrixnli_swa_233,0.7608128,0.996307
afrixnli_swa_234,0.7611757,-0.39170244
afrixnli_swa_235,0.70679575,0.06111377
afrixnli_swa_236,0.62752295,0.46276397
afrixnli_swa_237,0.80420583,-0.8923034
afrixnli_swa_238,0.7608128,0.996307
afrixnli_swa_239,0.6800837,0.49539727
afrixnli_swa_24,0.7635237,0.08207443
afrixnli_swa_240,0.7635237,0.08207443
afrixnli_swa_241,0.7467643,1.4440738
afrixnli_swa_242,0.80420583,-0.8923034
afrixnli_swa_243,0.69565564,-0.40068328
afrixnli_swa_244,0.7602274,-0.39185357
afrixnli_swa_245,0.7635237,0.08207443
afrixnli_swa_246,0.80420583,-0.8923034
afrixnli_swa_247,0.80420583,-0.8923034
afrixnli_swa_248,0.7611757,-0.39170244
afrixnli_swa_249,0.69565564,-0.40068328
afrixnli_swa_25,0.68292916,0.9383759
afrixnli_swa_250,0.6182554,0.45675644
afrixnli_swa_251,0.7479983,0.5339449
afrixnli_swa_252,0.80420583,-0.8923034
afrixnli_swa_253,0.64314777,0.03759825
afrixnli_swa_254,0.70651853,-0.39941782
afrixnli_swa_255,0.7635237,0.08207443
afrixnli_swa_256,0.69457096,0.056582592
afrixnli_swa_257,0.7635237,0.08207443
afrixnli_swa_258,0.80420583,-0.8923034
afrixnli_swa_259,0.7602274,-0.39185357
afrixnli_swa_26,0.7479983,0.5339449
afrixnli_swa_260,0.7611757,-0.39170244
afrixnli_swa_261,0.63420725,0.89673305
afrixnli_swa_262,0.62822515,0.46321607
afrixnli_swa_263,0.80420583,-0.8923034
afrixnli_swa_264,0.7467643,1.4440738
afrixnli_swa_265,0.69565564,-0.40068328
afrixnli_swa_266,0.7635237,0.08207443
afrixnli_swa_267,0.7602274,-0.39185357
afrixnli_swa_268,0.7611757,-0.39170244
afrixnli_swa_269,0.80420583,-0.8923034
afrixnli_swa_27,0.80420583,-0.8923034
afrixnli_swa_270,0.69565564,-0.40068328
afrixnli_swa_271,0.7479983,0.5339449
afrixnli_swa_272,0.80420583,-0.8923034
afrixnli_swa_273,0.70651853,-0.39941782
afrixnli_swa_274,0.7467643,1.4440738
afrixnli_swa_275,0.7479983,0.5339449
afrixnli_swa_276,0.59398746,0.019788202
afrixnli_swa_277,0.64743423,0.03917148
afrixnli_swa_278,0.7479983,0.5339449
afrixnli_swa_279,0.7059342,0.06079441
afrixnli_swa_28,0.80420583,-0.8923034
afrixnli_swa_280,0.69565564,-0.40068328
afrixnli_swa_281,0.64743423,0.03917148
afrixnli_swa_282,0.7611757,-0.39170244
afrixnli_swa_283,0.80420583,-0.8923034
afrixnli_swa_284,0.7602274,-0.39185357
afrixnli_swa_285,0.7602274,-0.39185357
afrixnli_swa_286,0.70651853,-0.39941782
afrixnli_swa_287,0.73473793,0.5267357
afrixnli_swa_288,0.57967764,0.43094468
afrixnli_swa_289,0.7602274,-0.39185357
afrixnli_swa_29,0.80420583,-0.8923034
afrixnli_swa_290,0.6424385,0.037338115
afrixnli_swa_291,0.80420583,-0.8923034
afrixnli_swa_292,0.7635237,0.08207443
afrixnli_swa_293,0.80420583,-0.8923034
afrixnli_swa_294,0.7635237,0.08207443
afrixnli_swa_295,0.7611757,-0.39170244
afrixnli_swa_296,0.80420583,-0.8923034
afrixnli_swa_297,0.70679575,0.06111377
afrixnli_swa_298,0.57967764,0.43094468
afrixnli_swa_299,0.6947077,0.9477968
afrixnli_swa_3,0.7602274,-0.39185357
afrixnli_swa_30,0.63346595,0.89606524
afrixnli_swa_300,0.7635237,0.08207443
afrixnli_swa_301,0.80420583,-0.8923034
afrixnli_swa_302,0.69565564,-0.40068328
afrixnli_swa_303,0.7611757,-0.39170244
afrixnli_swa_304,0.7602274,-0.39185357
afrixnli_swa_305,0.7602274,-0.39185357
afrixnli_swa_306,0.57967764,0.43094468
afrixnli_swa_307,0.80420583,-0.8923034
afrixnli_swa_308,0.7635237,0.08207443
afrixnli_swa_309,0.69565564,-0.40068328
afrixnli_swa_31,0.7467643,1.4440738
afrixnli_swa_310,0.7611757,-0.39170244
afrixnli_swa_311,0.7479983,0.5339449
afrixnli_swa_312,0.63346595,0.89606524
afrixnli_swa_313,0.7635237,0.08207443
afrixnli_swa_314,0.80420583,-0.8923034
afrixnli_swa_315,0.7059342,0.06079441
afrixnli_swa_316,0.80420583,-0.8923034
afrixnli_swa_317,0.69565564,-0.40068328
afrixnli_swa_318,0.7602274,-0.39185357
afrixnli_swa_319,0.64743423,0.03917148
afrixnli_swa_32,0.70651853,-0.39941782
afrixnli_swa_320,0.7611757,-0.39170244
afrixnli_swa_321,0.80420583,-0.8923034
afrixnli_swa_322,0.80420583,-0.8923034
afrixnli_swa_323,0.7059342,0.06079441
afrixnli_swa_324,0.69565564,-0.40068328
afrixnli_swa_325,0.69565564,-0.40068328
afrixnli_swa_326,0.7479983,0.5339449
afrixnli_swa_327,0.70651853,-0.39941782
afrixnli_swa_328,0.7479983,0.5339449
afrixnli_swa_329,0.6182554,0.45675644
afrixnli_swa_33,0.6947077,0.9477968
afrixnli_swa_330,0.7608128,0.996307
afrixnli_swa_331,0.64743423,0.03917148
afrixnli_swa_332,0.6947077,0.9477968
afrixnli_swa_333,0.7479983,0.5339449
afrixnli_swa_334,0.80420583,-0.8923034
afrixnli_swa_335,0.69565564,-0.40068328
afrixnli_swa_336,0.7479983,0.5339449
afrixnli_swa_337,0.6182554,0.45675644
afrixnli_swa_338,0.69565564,-0.40068328
afrixnli_swa_339,0.7602274,-0.39185357
afrixnli_swa_34,0.69457096,0.056582592
afrixnli_swa_340,0.80420583,-0.8923034
afrixnli_swa_341,0.68292916,0.9383759
afrixnli_swa_342,0.7602274,-0.39185357
afrixnli_swa_343,0.7611757,-0.39170244
afrixnli_swa_344,0.69457096,0.056582592
afrixnli_swa_345,0.80420583,-0.8923034
afrixnli_swa_346,0.7479983,0.5339449
afrixnli_swa_347,0.7467643,1.4440738
afrixnli_swa_348,0.80420583,-0.8923034
afrixnli_swa_349,0.80420583,-0.8923034
afrixnli_swa_35,0.70651853,-0.39941782
afrixnli_swa_350,0.7635237,0.08207443
afrixnli_swa_351,0.70679575,0.06111377
afrixnli_swa_352,0.57967764,0.43094468
afrixnli_swa_353,0.69457096,0.056582592
afrixnli_swa_354,0.7635237,0.08207443
afrixnli_swa_355,0.7467643,1.4440738
afrixnli_swa_356,0.80420583,-0.8923034
afrixnli_swa_357,0.80420583,-0.8923034
afrixnli_swa_358,0.80420583,-0.8923034
afrixnli_swa_359,0.7467643,1.4440738
afrixnli_swa_36,0.80420583,-0.8923034
afrixnli_swa_360,0.80420583,-0.8923034
afrixnli_swa_361,0.69565564,-0.40068328
afrixnli_swa_362,0.7635237,0.08207443
afrixnli_swa_363,0.69565564,-0.40068328
afrixnli_swa_364,0.80420583,-0.8923034
afrixnli_swa_365,0.7602274,-0.39185357
afrixnli_swa_366,0.7611757,-0.39170244
afrixnli_swa_367,0.70651853,-0.39941782
afrixnli_swa_368,0.80420583,-0.8923034
afrixnli_swa_369,0.63420725,0.89673305
afrixnli_swa_37,0.7479983,0.5339449
afrixnli_swa_370,0.80420583,-0.8923034
afrixnli_swa_371,0.67925465,0.49490166
afrixnli_swa_372,0.7467643,1.4440738
afrixnli_swa_373,0.7635237,0.08207443
afrixnli_swa_374,0.67925465,0.49490166
afrixnli_swa_375,0.80420583,-0.8923034
afrixnli_swa_376,0.63346595,0.89606524
afrixnli_swa_377,0.6021625,0.022713147
afrixnli_swa_378,0.7635237,0.08207443
afrixnli_swa_379,0.80420583,-0.8923034
afrixnli_swa_38,0.7479983,0.5339449
afrixnli_swa_380,0.7611757,-0.39170244
afrixnli_swa_381,0.69565564,-0.40068328
afrixnli_swa_382,0.80420583,-0.8923034
afrixnli_swa_383,0.7635237,0.08207443
afrixnli_swa_384,0.7479983,0.5339449
afrixnli_swa_385,0.7602274,-0.39185357
afrixnli_swa_386,0.7635237,0.08207443
afrixnli_swa_387,0.80420583,-0.8923034
afrixnli_swa_388,0.7611757,-0.39170244
afrixnli_swa_389,0.7611757,-0.39170244
afrixnli_swa_39,0.7602274,-0.39185357
afrixnli_swa_390,0.80420583,-0.8923034
afrixnli_swa_391,0.63346595,0.89606524
afrixnli_swa_392,0.7602274,-0.39185357
afrixnli_swa_393,0.7602274,-0.39185357
afrixnli_swa_394,0.63346595,0.89606524
afrixnli_swa_395,0.7635237,0.08207443
afrixnli_swa_396,0.7635237,0.08207443
afrixnli_swa_397,0.7602274,-0.39185357
afrixnli_swa_398,0.80420583,-0.8923034
afrixnli_swa_399,0.7467643,1.4440738
afrixnli_swa_4,0.69540447,0.056891445
afrixnli_swa_40,0.7635237,0.08207443
afrixnli_swa_400,0.7602274,-0.39185357
afrixnli_swa_401,0.70679575,0.06111377
afrixnli_swa_402,0.69565564,-0.40068328
afrixnli_swa_403,0.80420583,-0.8923034
afrixnli_swa_404,0.7479983,0.5339449
afrixnli_swa_405,0.80420583,-0.8923034
afrixnli_swa_406,0.70679575,0.06111377
afrixnli_swa_407,0.80420583,-0.8923034
afrixnli_swa_408,0.7479983,0.5339449
afrixnli_swa_409,0.69565564,-0.40068328
afrixnli_swa_41,0.80420583,-0.8923034
afrixnli_swa_410,0.80420583,-0.8923034
afrixnli_swa_411,0.68292916,0.9383759
afrixnli_swa_412,0.69565564,-0.40068328
afrixnli_swa_413,0.70679575,0.06111377
afrixnli_swa_414,0.7602274,-0.39185357
afrixnli_swa_415,0.73473793,0.5267357
afrixnli_swa_416,0.69540447,0.056891445
afrixnli_swa_417,0.70651853,-0.39941782
afrixnli_swa_418,0.7635237,0.08207443
afrixnli_swa_419,0.80420583,-0.8923034
afrixnli_swa_42,0.7611757,-0.39170244
afrixnli_swa_420,0.7635237,0.08207443
afrixnli_swa_421,0.63420725,0.89673305
afrixnli_swa_422,0.70679575,0.06111377
afrixnli_swa_423,0.80420583,-0.8923034
afrixnli_swa_424,0.80420583,-0.8923034
afrixnli_swa_425,0.7059342,0.06079441
afrixnli_swa_426,0.70651853,-0.39941782
afrixnli_swa_427,0.80420583,-0.8923034
afrixnli_swa_428,0.7602274,-0.39185357
afrixnli_swa_429,0.7479983,0.5339449
afrixnli_swa_43,0.80420583,-0.8923034
afrixnli_swa_430,0.7611757,-0.39170244
afrixnli_swa_431,0.69565564,-0.40068328
afrixnli_swa_432,0.80420583,-0.8923034
afrixnli_swa_433,0.70651853,-0.39941782
afrixnli_swa_434,0.80420583,-0.8923034
afrixnli_swa_435,0.80420583,-0.8923034
afrixnli_swa_436,0.7602274,-0.39185357
afrixnli_swa_437,0.80420583,-0.8923034
afrixnli_swa_438,0.70679575,0.06111377
afrixnli_swa_439,0.64743423,0.03917148
afrixnli_swa_44,0.7467643,1.4440738
afrixnli_swa_440,0.57967764,0.43094468
afrixnli_swa_441,0.7467643,1.4440738
afrixnli_swa_442,0.69565564,-0.40068328
afrixnli_swa_443,0.73473793,0.5267357
afrixnli_swa_444,0.7479983,0.5339449
afrixnli_swa_445,0.68292916,0.9383759
afrixnli_swa_446,0.70651853,-0.39941782
afrixnli_swa_447,0.63420725,0.89673305
afrixnli_swa_448,0.70651853,-0.39941782
afrixnli_swa_449,0.63346595,0.89606524
afrixnli_swa_45,0.80420583,-0.8923034
afrixnli_swa_450,0.80420583,-0.8923034
afrixnli_swa_451,0.7635237,0.08207443
afrixnli_swa_452,0.80420583,-0.8923034
afrixnli_swa_453,0.7635237,0.08207443
afrixnli_swa_454,0.80420583,-0.8923034
afrixnli_swa_455,0.59398746,0.019788202
afrixnli_swa_456,0.80420583,-0.8923034
afrixnli_swa_457,0.80420583,-0.8923034
afrixnli_swa_458,0.80420583,-0.8923034
afrixnli_swa_459,0.7611757,-0.39170244
afrixnli_swa_46,0.7602274,-0.39185357
afrixnli_swa_460,0.7059342,0.06079441
afrixnli_swa_461,0.70679575,0.06111377
afrixnli_swa_462,0.80420583,-0.8923034
afrixnli_swa_463,0.69540447,0.056891445
afrixnli_swa_464,0.7479983,0.5339449
afrixnli_swa_465,0.7611757,-0.39170244
afrixnli_swa_466,0.80420583,-0.8923034
afrixnli_swa_467,0.70679575,0.06111377
afrixnli_swa_468,0.7635237,0.08207443
afrixnli_swa_469,0.64743423,0.03917148
afrixnli_swa_47,0.7602274,-0.39185357
afrixnli_swa_470,0.7635237,0.08207443
afrixnli_swa_471,0.7602274,-0.39185357
afrixnli_swa_472,0.7602274,-0.39185357
afrixnli_swa_473,0.7479983,0.5339449
afrixnli_swa_474,0.59398746,0.019788202
afrixnli_swa_475,0.70679575,0.06111377
afrixnli_swa_476,0.63420725,0.89673305
afrixnli_swa_477,0.80420583,-0.8923034
afrixnli_swa_478,0.63346595,0.89606524
afrixnli_swa_479,0.7611757,-0.39170244
afrixnli_swa_48,0.7467643,1.4440738
afrixnli_swa_480,0.7611757,-0.39170244
afrixnli_swa_481,0.7602274,-0.39185357
afrixnli_swa_482,0.7602274,-0.39185357
afrixnli_swa_483,0.80420583,-0.8923034
afrixnli_swa_484,0.69565564,-0.40068328
afrixnli_swa_485,0.7635237,0.08207443
afrixnli_swa_486,0.7059342,0.06079441
afrixnli_swa_487,0.70651853,-0.39941782
afrixnli_swa_488,0.7611757,-0.39170244
afrixnli_swa_489,0.73473793,0.5267357
afrixnli_swa_49,0.64743423,0.03917148
afrixnli_swa_490,0.69457096,0.056582592
afrixnli_swa_491,0.7635237,0.08207443
afrixnli_swa_492,0.70679575,0.06111377
afrixnli_swa_493,0.63420725,0.89673305
afrixnli_swa_494,0.7467643,1.4440738
afrixnli_swa_495,0.7608128,0.996307
afrixnli_swa_496,0.7611757,-0.39170244
afrixnli_swa_497,0.80420583,-0.8923034
afrixnli_swa_498,0.70679575,0.06111377
afrixnli_swa_499,0.64743423,0.03917148
afrixnli_swa_5,0.7602274,-0.39185357
afrixnli_swa_50,0.7611757,-0.39170244
afrixnli_swa_500,0.68292916,0.9383759
afrixnli_swa_501,0.80420583,-0.8923034
afrixnli_swa_502,0.73473793,0.5267357
afrixnli_swa_503,0.70651853,-0.39941782
afrixnli_swa_504,0.70679575,0.06111377
afrixnli_swa_505,0.80420583,-0.8923034
afrixnli_swa_506,0.80420583,-0.8923034
afrixnli_swa_507,0.80420583,-0.8923034
afrixnli_swa_508,0.80420583,-0.8923034
afrixnli_swa_509,0.7602274,-0.39185357
afrixnli_swa_51,0.63420725,0.89673305
afrixnli_swa_510,0.70679575,0.06111377
afrixnli_swa_511,0.67925465,0.49490166
afrixnli_swa_512,0.7635237,0.08207443
afrixnli_swa_513,0.7635237,0.08207443
afrixnli_swa_514,0.7611757,-0.39170244
afrixnli_swa_515,0.59398746,0.019788202
afrixnli_swa_516,0.7611757,-0.39170244
afrixnli_swa_517,0.7602274,-0.39185357
afrixnli_swa_518,0.80420583,-0.8923034
afrixnli_swa_519,0.80420583,-0.8923034
afrixnli_swa_52,0.59398746,0.019788202
afrixnli_swa_520,0.70651853,-0.39941782
afrixnli_swa_521,0.70651853,-0.39941782
afrixnli_swa_522,0.70679575,0.06111377
afrixnli_swa_523,0.67925465,0.49490166
afrixnli_swa_524,0.7611757,-0.39170244
afrixnli_swa_525,0.7059342,0.06079441
afrixnli_swa_526,0.7611757,-0.39170244
afrixnli_swa_527,0.63346595,0.89606524
afrixnli_swa_528,0.7611757,-0.39170244
afrixnli_swa_529,0.80420583,-0.8923034
afrixnli_swa_53,0.80420583,-0.8923034
afrixnli_swa_530,0.80420583,-0.8923034
afrixnli_swa_531,0.7611757,-0.39170244
afrixnli_swa_532,0.7635237,0.08207443
afrixnli_swa_533,0.69457096,0.056582592
afrixnli_swa_534,0.63346595,0.89606524
afrixnli_swa_535,0.7467643,1.4440738
afrixnli_swa_536,0.80420583,-0.8923034
afrixnli_swa_537,0.69457096,0.056582592
afrixnli_swa_538,0.6743284,0.49194366
afrixnli_swa_539,0.63420725,0.89673305
afrixnli_swa_54,0.80420583,-0.8923034
afrixnli_swa_540,0.70679575,0.06111377
afrixnli_swa_541,0.7611757,-0.39170244
afrixnli_swa_542,0.7635237,0.08207443
afrixnli_swa_543,0.64743423,0.03917148
afrixnli_swa_544,0.7611757,-0.39170244
afrixnli_swa_545,0.69565564,-0.40068328
afrixnli_swa_546,0.70651853,-0.39941782
afrixnli_swa_547,0.80420583,-0.8923034
afrixnli_swa_548,0.80420583,-0.8923034
afrixnli_swa_549,0.70679575,0.06111377
afrixnli_swa_55,0.7602274,-0.39185357
afrixnli_swa_550,0.73473793,0.5267357
afrixnli_swa_551,0.7602274,-0.39185357
afrixnli_swa_552,0.7467643,1.4440738
afrixnli_swa_553,0.80420583,-0.8923034
afrixnli_swa_554,0.7611757,-0.39170244
afrixnli_swa_555,0.80420583,-0.8923034
afrixnli_swa_556,0.7467643,1.4440738
afrixnli_swa_557,0.7479983,0.5339449
afrixnli_swa_558,0.80420583,-0.8923034
afrixnli_swa_559,0.80420583,-0.8923034
afrixnli_swa_56,0.70651853,-0.39941782
afrixnli_swa_560,0.69565564,-0.40068328
afrixnli_swa_561,0.7059342,0.06079441
afrixnli_swa_562,0.80420583,-0.8923034
afrixnli_swa_563,0.80420583,-0.8923034
afrixnli_swa_564,0.7635237,0.08207443
afrixnli_swa_565,0.80420583,-0.8923034
afrixnli_swa_566,0.69565564,-0.40068328
afrixnli_swa_567,0.7479983,0.5339449
afrixnli_swa_568,0.6800837,0.49539727
afrixnli_swa_569,0.69565564,-0.40068328
afrixnli_swa_57,0.7479983,0.5339449
afrixnli_swa_570,0.80420583,-0.8923034
afrixnli_swa_571,0.57967764,0.43094468
afrixnli_swa_572,0.7602274,-0.39185357
afrixnli_swa_573,0.7059342,0.06079441
afrixnli_swa_574,0.7467643,1.4440738
afrixnli_swa_575,0.59398746,0.019788202
afrixnli_swa_576,0.69565564,-0.40068328
afrixnli_swa_577,0.73473793,0.5267357
afrixnli_swa_578,0.6424385,0.037338115
afrixnli_swa_579,0.69565564,-0.40068328
afrixnli_swa_58,0.7479983,0.5339449
afrixnli_swa_580,0.7608128,0.996307
afrixnli_swa_581,0.7635237,0.08207443
afrixnli_swa_582,0.7635237,0.08207443
afrixnli_swa_583,0.7467643,1.4440738
afrixnli_swa_584,0.6743284,0.49194366
afrixnli_swa_585,0.7467643,1.4440738
afrixnli_swa_586,0.57967764,0.43094468
afrixnli_swa_587,0.7479983,0.5339449
afrixnli_swa_588,0.70679575,0.06111377
afrixnli_swa_589,0.70679575,0.06111377
afrixnli_swa_59,0.59398746,0.019788202
afrixnli_swa_590,0.59398746,0.019788202
afrixnli_swa_591,0.59398746,0.019788202
afrixnli_swa_592,0.7635237,0.08207443
afrixnli_swa_593,0.7467643,1.4440738
afrixnli_swa_594,0.59398746,0.019788202
afrixnli_swa_595,0.80420583,-0.8923034
afrixnli_swa_596,0.7608128,0.996307
afrixnli_swa_597,0.7602274,-0.39185357
afrixnli_swa_598,0.7479983,0.5339449
afrixnli_swa_599,0.7602274,-0.39185357
afrixnli_swa_6,0.7611757,-0.39170244
afrixnli_swa_60,0.6947077,0.9477968
afrixnli_swa_61,0.7611757,-0.39170244
afrixnli_swa_62,0.69457096,0.056582592
afrixnli_swa_63,0.6182554,0.45675644
afrixnli_swa_64,0.69565564,-0.40068328
afrixnli_swa_65,0.6800837,0.49539727
afrixnli_swa_66,0.7059342,0.06079441
afrixnli_swa_67,0.63420725,0.89673305
afrixnli_swa_68,0.61893564,0.45720002
afrixnli_swa_69,0.7602274,-0.39185357
afrixnli_swa_7,0.6182554,0.45675644
afrixnli_swa_70,0.68292916,0.9383759
afrixnli_swa_71,0.57967764,0.43094468
afrixnli_swa_72,0.6800837,0.49539727
afrixnli_swa_73,0.7479983,0.5339449
afrixnli_swa_74,0.69540447,0.056891445
afrixnli_swa_75,0.69565564,-0.40068328
afrixnli_swa_76,0.57967764,0.43094468
afrixnli_swa_77,0.70679575,0.06111377
afrixnli_swa_78,0.68292916,0.9383759
afrixnli_swa_79,0.7479983,0.5339449
afrixnli_swa_8,0.70679575,0.06111377
afrixnli_swa_80,0.63420725,0.89673305
afrixnli_swa_81,0.68292916,0.9383759
afrixnli_swa_82,0.7635237,0.08207443
afrixnli_swa_83,0.80420583,-0.8923034
afrixnli_swa_84,0.7467643,1.4440738
afrixnli_swa_85,0.7479983,0.5339449
afrixnli_swa_86,0.63420725,0.89673305
afrixnli_swa_87,0.7059342,0.06079441
afrixnli_swa_88,0.59398746,0.019788202
afrixnli_swa_89,0.7635237,0.08207443
afrixnli_swa_9,0.7635237,0.08207443
afrixnli_swa_90,0.80420583,-0.8923034
afrixnli_swa_91,0.59398746,0.019788202
afrixnli_swa_92,0.69540447,0.056891445
afrixnli_swa_93,0.69565564,-0.40068328
afrixnli_swa_94,0.80420583,-0.8923034
afrixnli_swa_95,0.7635237,0.08207443
afrixnli_swa_96,0.70679575,0.06111377
afrixnli_swa_97,0.70651853,-0.39941782
afrixnli_swa_98,0.69565564,-0.40068328
afrixnli_swa_99,0.68292916,0.9383759
afrixnli_wol_0,0.71207535,1.213303
afrixnli_wol_1,0.622092,0.6588907
afrixnli_wol_10,0.738978,-0.25067633
afrixnli_wol_100,0.67919815,0.7030354
afrixnli_wol_101,0.74163926,0.7467797
afrixnli_wol_102,0.6852096,0.22876054
afrixnli_wol_103,0.7526087,0.25664884
afrixnli_wol_104,0.74163926,0.7467797
afrixnli_wol_105,0.7526087,0.25664884
afrixnli_wol_106,0.7526087,0.25664884
afrixnli_wol_107,0.6852096,0.22876054
afrixnli_wol_108,0.6852096,0.22876054
afrixnli_wol_109,0.71207535,1.213303
afrixnli_wol_11,0.73990285,-0.25056645
afrixnli_wol_110,0.738978,-0.25067633
afrixnli_wol_111,0.7773299,-0.7776301
afrixnli_wol_112,0.73990285,-0.25056645
afrixnli_wol_113,0.6852096,0.22876054
afrixnli_wol_114,0.71207535,1.213303
afrixnli_wol_115,0.67919815,0.7030354
afrixnli_wol_116,0.6852096,0.22876054
afrixnli_wol_117,0.6852096,0.22876054
afrixnli_wol_118,0.738978,-0.25067633
afrixnli_wol_119,0.6213919,0.65832436
afrixnli_wol_12,0.7526087,0.25664884
afrixnli_wol_120,0.58515346,0.18508594
afrixnli_wol_121,0.7526087,0.25664884
afrixnli_wol_122,0.74163926,0.7467797
afrixnli_wol_123,0.738978,-0.25067633
afrixnli_wol_124,0.58515346,0.18508594
afrixnli_wol_125,0.67919815,0.7030354
afrixnli_wol_126,0.6761428,-0.2571007
afrixnli_wol_127,0.67919815,0.7030354
afrixnli_wol_128,0.7526087,0.25664884
afrixnli_wol_129,0.71207535,1.213303
afrixnli_wol_13,0.6761428,-0.2571007
afrixnli_wol_130,0.7526087,0.25664884
afrixnli_wol_131,0.71207535,1.213303
afrixnli_wol_132,0.58515346,0.18508594
afrixnli_wol_133,0.7526087,0.25664884
afrixnli_wol_134,0.7526087,0.25664884
afrixnli_wol_135,0.73990285,-0.25056645
afrixnli_wol_136,0.6213919,0.65832436
afrixnli_wol_137,0.7526087,0.25664884
afrixnli_wol_138,0.6213919,0.65832436
afrixnli_wol_139,0.7526087,0.25664884
afrixnli_wol_14,0.74163926,0.7467797
afrixnli_wol_140,0.71207535,1.213303
afrixnli_wol_141,0.7526087,0.25664884
afrixnli_wol_142,0.58515346,0.18508594
afrixnli_wol_143,0.73990285,-0.25056645
afrixnli_wol_144,0.6213919,0.65832436
afrixnli_wol_145,0.6852096,0.22876054
afrixnli_wol_146,0.7526087,0.25664884
afrixnli_wol_147,0.6852096,0.22876054
afrixnli_wol_148,0.7526087,0.25664884
afrixnli_wol_149,0.74163926,0.7467797
afrixnli_wol_15,0.74163926,0.7467797
afrixnli_wol_150,0.73990285,-0.25056645
afrixnli_wol_151,0.74163926,0.7467797
afrixnli_wol_152,0.738978,-0.25067633
afrixnli_wol_153,0.6843857,0.2284109
afrixnli_wol_154,0.7526087,0.25664884
afrixnli_wol_155,0.738978,-0.25067633
afrixnli_wol_156,0.71207535,1.213303
afrixnli_wol_157,0.7526087,0.25664884
afrixnli_wol_158,0.6213919,0.65832436
afrixnli_wol_159,0.58515346,0.18508594
afrixnli_wol_16,0.738978,-0.25067633
afrixnli_wol_160,0.6761428,-0.2571007
afrixnli_wol_161,0.7526087,0.25664884
afrixnli_wol_162,0.622092,0.6588907
afrixnli_wol_163,0.74163926,0.7467797
afrixnli_wol_164,0.6761428,-0.2571007
afrixnli_wol_165,0.71207535,1.213303
afrixnli_wol_166,0.58515346,0.18508594
afrixnli_wol_167,0.7526087,0.25664884
afrixnli_wol_168,0.7773299,-0.7776301
afrixnli_wol_169,0.7526087,0.25664884
afrixnli_wol_17,0.58515346,0.18508594
afrixnli_wol_170,0.738978,-0.25067633
afrixnli_wol_171,0.738978,-0.25067633
afrixnli_wol_172,0.7526087,0.25664884
afrixnli_wol_173,0.6852096,0.22876054
afrixnli_wol_174,0.71207535,1.213303
afrixnli_wol_175,0.622092,0.6588907
afrixnli_wol_176,0.63290775,0.20620456
afrixnli_wol_177,0.6761428,-0.2571007
afrixnli_wol_178,0.73990285,-0.25056645
afrixnli_wol_179,0.6843857,0.2284109
afrixnli_wol_18,0.73990285,-0.25056645
afrixnli_wol_180,0.7773299,-0.7776301
afrixnli_wol_181,0.7526087,0.25664884
afrixnli_wol_182,0.7526087,0.25664884
afrixnli_wol_183,0.71207535,1.213303
afrixnli_wol_184,0.58515346,0.18508594
afrixnli_wol_185,0.7526087,0.25664884
afrixnli_wol_186,0.58515346,0.18508594
afrixnli_wol_187,0.738978,-0.25067633
afrixnli_wol_188,0.738978,-0.25067633
afrixnli_wol_189,0.71207535,1.213303
afrixnli_wol_19,0.7773299,-0.7776301
afrixnli_wol_190,0.7773299,-0.7776301
afrixnli_wol_191,0.738978,-0.25067633
afrixnli_wol_192,0.7773299,-0.7776301
afrixnli_wol_193,0.7526087,0.25664884
afrixnli_wol_194,0.73990285,-0.25056645
afrixnli_wol_195,0.74163926,0.7467797
afrixnli_wol_196,0.7526087,0.25664884
afrixnli_wol_197,0.74163926,0.7467797
afrixnli_wol_198,0.58515346,0.18508594
afrixnli_wol_199,0.7526087,0.25664884
afrixnli_wol_2,0.738978,-0.25067633
afrixnli_wol_20,0.7526087,0.25664884
afrixnli_wol_200,0.74163926,0.7467797
afrixnli_wol_201,0.6843857,0.2284109
afrixnli_wol_202,0.6761428,-0.2571007
afrixnli_wol_203,0.7526087,0.25664884
afrixnli_wol_204,0.622092,0.6588907
afrixnli_wol_205,0.71207535,1.213303
afrixnli_wol_206,0.7526087,0.25664884
afrixnli_wol_207,0.622092,0.6588907
afrixnli_wol_208,0.74163926,0.7467797
afrixnli_wol_209,0.7526087,0.25664884
afrixnli_wol_21,0.622092,0.6588907
afrixnli_wol_210,0.67919815,0.7030354
afrixnli_wol_211,0.622092,0.6588907
afrixnli_wol_212,0.74163926,0.7467797
afrixnli_wol_213,0.71207535,1.213303
afrixnli_wol_214,0.6761428,-0.2571007
afrixnli_wol_215,0.7526087,0.25664884
afrixnli_wol_216,0.7526087,0.25664884
afrixnli_wol_217,0.7526087,0.25664884
afrixnli_wol_218,0.6761428,-0.2571007
afrixnli_wol_219,0.71207535,1.213303
afrixnli_wol_22,0.738978,-0.25067633
afrixnli_wol_220,0.738978,-0.25067633
afrixnli_wol_221,0.71207535,1.213303
afrixnli_wol_222,0.6852096,0.22876054
afrixnli_wol_223,0.738978,-0.25067633
afrixnli_wol_224,0.7773299,-0.7776301
afrixnli_wol_225,0.6852096,0.22876054
afrixnli_wol_226,0.71207535,1.213303
afrixnli_wol_227,0.738978,-0.25067633
afrixnli_wol_228,0.738978,-0.25067633
afrixnli_wol_229,0.7526087,0.25664884
afrixnli_wol_23,0.7526087,0.25664884
afrixnli_wol_230,0.627489,-0.26039338
afrixnli_wol_231,0.622092,0.6588907
afrixnli_wol_232,0.738978,-0.25067633
afrixnli_wol_233,0.71207535,1.213303
afrixnli_wol_234,0.6761428,-0.2571007
afrixnli_wol_235,0.74163926,0.7467797
afrixnli_wol_236,0.7526087,0.25664884
afrixnli_wol_237,0.7526087,0.25664884
afrixnli_wol_238,0.71207535,1.213303
afrixnli_wol_239,0.58515346,0.18508594
afrixnli_wol_24,0.7526087,0.25664884
afrixnli_wol_240,0.738978,-0.25067633
afrixnli_wol_241,0.6852096,0.22876054
afrixnli_wol_242,0.74163926,0.7467797
afrixnli_wol_243,0.6761428,-0.2571007
afrixnli_wol_244,0.7526087,0.25664884
afrixnli_wol_245,0.74163926,0.7467797
afrixnli_wol_246,0.6852096,0.22876054
afrixnli_wol_247,0.6852096,0.22876054
afrixnli_wol_248,0.7526087,0.25664884
afrixnli_wol_249,0.73990285,-0.25056645
afrixnli_wol_25,0.6852096,0.22876054
afrixnli_wol_250,0.7773299,-0.7776301
afrixnli_wol_251,0.67919815,0.7030354
afrixnli_wol_252,0.7773299,-0.7776301
afrixnli_wol_253,0.7526087,0.25664884
afrixnli_wol_254,0.6852096,0.22876054
afrixnli_wol_255,0.6843857,0.2284109
afrixnli_wol_256,0.622092,0.6588907
afrixnli_wol_257,0.738978,-0.25067633
afrixnli_wol_258,0.6843857,0.2284109
afrixnli_wol_259,0.7773299,-0.7776301
afrixnli_wol_26,0.7526087,0.25664884
afrixnli_wol_260,0.7526087,0.25664884
afrixnli_wol_261,0.622092,0.6588907
afrixnli_wol_262,0.63290775,0.20620456
afrixnli_wol_263,0.6852096,0.22876054
afrixnli_wol_264,0.74163926,0.7467797
afrixnli_wol_265,0.622092,0.6588907
afrixnli_wol_266,0.738978,-0.25067633
afrixnli_wol_267,0.627489,-0.26039338
afrixnli_wol_268,0.67919815,0.7030354
afrixnli_wol_269,0.74163926,0.7467797
afrixnli_wol_27,0.73990285,-0.25056645
afrixnli_wol_270,0.627489,-0.26039338
afrixnli_wol_271,0.7526087,0.25664884
afrixnli_wol_272,0.738978,-0.25067633
afrixnli_wol_273,0.7773299,-0.7776301
afrixnli_wol_274,0.71207535,1.213303
afrixnli_wol_275,0.71207535,1.213303
afrixnli_wol_276,0.622092,0.6588907
afrixnli_wol_277,0.6761428,-0.2571007
afrixnli_wol_278,0.738978,-0.25067633
afrixnli_wol_279,0.7526087,0.25664884
afrixnli_wol_28,0.73990285,-0.25056645
afrixnli_wol_280,0.7773299,-0.7776301
afrixnli_wol_281,0.7773299,-0.7776301
afrixnli_wol_282,0.73990285,-0.25056645
afrixnli_wol_283,0.7773299,-0.7776301
afrixnli_wol_284,0.67919815,0.7030354
afrixnli_wol_285,0.58515346,0.18508594
afrixnli_wol_286,0.7526087,0.25664884
afrixnli_wol_287,0.71207535,1.213303
afrixnli_wol_288,0.6213919,0.65832436
afrixnli_wol_289,0.73990285,-0.25056645
afrixnli_wol_29,0.7773299,-0.7776301
afrixnli_wol_290,0.6761428,-0.2571007
afrixnli_wol_291,0.6852096,0.22876054
afrixnli_wol_292,0.7526087,0.25664884
afrixnli_wol_293,0.6843857,0.2284109
afrixnli_wol_294,0.7526087,0.25664884
afrixnli_wol_295,0.7526087,0.25664884
afrixnli_wol_296,0.6761428,-0.2571007
afrixnli_wol_297,0.73990285,-0.25056645
afrixnli_wol_298,0.6852096,0.22876054
afrixnli_wol_299,0.67919815,0.7030354
afrixnli_wol_3,0.7526087,0.25664884
afrixnli_wol_30,0.6761428,-0.2571007
afrixnli_wol_300,0.67919815,0.7030354
afrixnli_wol_301,0.73990285,-0.25056645
afrixnli_wol_302,0.6852096,0.22876054
afrixnli_wol_303,0.7526087,0.25664884
afrixnli_wol_304,0.7526087,0.25664884
afrixnli_wol_305,0.7773299,-0.7776301
afrixnli_wol_306,0.6852096,0.22876054
afrixnli_wol_307,0.6852096,0.22876054
afrixnli_wol_308,0.7526087,0.25664884
afrixnli_wol_309,0.6843857,0.2284109
afrixnli_wol_31,0.7526087,0.25664884
afrixnli_wol_310,0.7526087,0.25664884
afrixnli_wol_311,0.6761428,-0.2571007
afrixnli_wol_312,0.6852096,0.22876054
afrixnli_wol_313,0.7526087,0.25664884
afrixnli_wol_314,0.627489,-0.26039338
afrixnli_wol_315,0.7526087,0.25664884
afrixnli_wol_316,0.6843857,0.2284109
afrixnli_wol_317,0.622092,0.6588907
afrixnli_wol_318,0.7526087,0.25664884
afrixnli_wol_319,0.58515346,0.18508594
afrixnli_wol_32,0.7526087,0.25664884
afrixnli_wol_320,0.74163926,0.7467797
afrixnli_wol_321,0.738978,-0.25067633
afrixnli_wol_322,0.73990285,-0.25056645
afrixnli_wol_323,0.7526087,0.25664884
afrixnli_wol_324,0.7773299,-0.7776301
afrixnli_wol_325,0.71207535,1.213303
afrixnli_wol_326,0.67919815,0.7030354
afrixnli_wol_327,0.71207535,1.213303
afrixnli_wol_328,0.7526087,0.25664884
afrixnli_wol_329,0.58515346,0.18508594
afrixnli_wol_33,0.63290775,0.20620456
afrixnli_wol_330,0.71207535,1.213303
afrixnli_wol_331,0.6761428,-0.2571007
afrixnli_wol_332,0.67919815,0.7030354
afrixnli_wol_333,0.7526087,0.25664884
afrixnli_wol_334,0.738978,-0.25067633
afrixnli_wol_335,0.6761428,-0.2571007
afrixnli_wol_336,0.7526087,0.25664884
afrixnli_wol_337,0.7773299,-0.7776301
afrixnli_wol_338,0.73990285,-0.25056645
afrixnli_wol_339,0.73990285,-0.25056645
afrixnli_wol_34,0.58515346,0.18508594
afrixnli_wol_340,0.6852096,0.22876054
afrixnli_wol_341,0.58515346,0.18508594
afrixnli_wol_342,0.73990285,-0.25056645
afrixnli_wol_343,0.73990285,-0.25056645
afrixnli_wol_344,0.6213919,0.65832436
afrixnli_wol_345,0.622092,0.6588907
afrixnli_wol_346,0.7526087,0.25664884
afrixnli_wol_347,0.622092,0.6588907
afrixnli_wol_348,0.6843857,0.2284109
afrixnli_wol_349,0.6761428,-0.2571007
afrixnli_wol_35,0.74163926,0.7467797
afrixnli_wol_350,0.7526087,0.25664884
afrixnli_wol_351,0.67919815,0.7030354
afrixnli_wol_352,0.58515346,0.18508594
afrixnli_wol_353,0.74163926,0.7467797
afrixnli_wol_354,0.7526087,0.25664884
afrixnli_wol_355,0.6761428,-0.2571007
afrixnli_wol_356,0.74163926,0.7467797
afrixnli_wol_357,0.7526087,0.25664884
afrixnli_wol_358,0.6852096,0.22876054
afrixnli_wol_359,0.7526087,0.25664884
afrixnli_wol_36,0.6761428,-0.2571007
afrixnli_wol_360,0.6852096,0.22876054
afrixnli_wol_361,0.74163926,0.7467797
afrixnli_wol_362,0.67919815,0.7030354
afrixnli_wol_363,0.6852096,0.22876054
afrixnli_wol_364,0.7526087,0.25664884
afrixnli_wol_365,0.7773299,-0.7776301
afrixnli_wol_366,0.7526087,0.25664884
afrixnli_wol_367,0.7773299,-0.7776301
afrixnli_wol_368,0.73990285,-0.25056645
afrixnli_wol_369,0.67919815,0.7030354
afrixnli_wol_37,0.7526087,0.25664884
afrixnli_wol_370,0.58515346,0.18508594
afrixnli_wol_371,0.74163926,0.7467797
afrixnli_wol_372,0.67919815,0.7030354
afrixnli_wol_373,0.7526087,0.25664884
afrixnli_wol_374,0.622092,0.6588907
afrixnli_wol_375,0.7526087,0.25664884
afrixnli_wol_376,0.58515346,0.18508594
afrixnli_wol_377,0.67919815,0.7030354
afrixnli_wol_378,0.7526087,0.25664884
afrixnli_wol_379,0.6761428,-0.2571007
afrixnli_wol_38,0.738978,-0.25067633
afrixnli_wol_380,0.7526087,0.25664884
afrixnli_wol_381,0.738978,-0.25067633
afrixnli_wol_382,0.7526087,0.25664884
afrixnli_wol_383,0.7526087,0.25664884
afrixnli_wol_384,0.7526087,0.25664884
afrixnli_wol_385,0.7526087,0.25664884
afrixnli_wol_386,0.7526087,0.25664884
afrixnli_wol_387,0.73990285,-0.25056645
afrixnli_wol_388,0.7526087,0.25664884
afrixnli_wol_389,0.738978,-0.25067633
afrixnli_wol_39,0.58515346,0.18508594
afrixnli_wol_390,0.7526087,0.25664884
afrixnli_wol_391,0.58515346,0.18508594
afrixnli_wol_392,0.6852096,0.22876054
afrixnli_wol_393,0.63290775,0.20620456
afrixnli_wol_394,0.6213919,0.65832436
afrixnli_wol_395,0.73990285,-0.25056645
afrixnli_wol_396,0.74163926,0.7467797
afrixnli_wol_397,0.622092,0.6588907
afrixnli_wol_398,0.67919815,0.7030354
afrixnli_wol_399,0.73990285,-0.25056645
afrixnli_wol_4,0.622092,0.6588907
afrixnli_wol_40,0.7526087,0.25664884
afrixnli_wol_400,0.7526087,0.25664884
afrixnli_wol_401,0.73990285,-0.25056645
afrixnli_wol_402,0.73990285,-0.25056645
afrixnli_wol_403,0.6843857,0.2284109
afrixnli_wol_404,0.7526087,0.25664884
afrixnli_wol_405,0.7526087,0.25664884
afrixnli_wol_406,0.7526087,0.25664884
afrixnli_wol_407,0.7773299,-0.7776301
afrixnli_wol_408,0.6336075,0.20651063
afrixnli_wol_409,0.6852096,0.22876054
afrixnli_wol_41,0.74163926,0.7467797
afrixnli_wol_410,0.6761428,-0.2571007
afrixnli_wol_411,0.6852096,0.22876054
afrixnli_wol_412,0.622092,0.6588907
afrixnli_wol_413,0.7526087,0.25664884
afrixnli_wol_414,0.7526087,0.25664884
afrixnli_wol_415,0.6761428,-0.2571007
afrixnli_wol_416,0.74163926,0.7467797
afrixnli_wol_417,0.74163926,0.7467797
afrixnli_wol_418,0.74163926,0.7467797
afrixnli_wol_419,0.73990285,-0.25056645
afrixnli_wol_42,0.7526087,0.25664884
afrixnli_wol_420,0.7526087,0.25664884
afrixnli_wol_421,0.58515346,0.18508594
afrixnli_wol_422,0.73990285,-0.25056645
afrixnli_wol_423,0.71207535,1.213303
afrixnli_wol_424,0.7773299,-0.7776301
afrixnli_wol_425,0.738978,-0.25067633
afrixnli_wol_426,0.7526087,0.25664884
afrixnli_wol_427,0.73990285,-0.25056645
afrixnli_wol_428,0.6852096,0.22876054
afrixnli_wol_429,0.73990285,-0.25056645
afrixnli_wol_43,0.71207535,1.213303
afrixnli_wol_430,0.6843857,0.2284109
afrixnli_wol_431,0.6761428,-0.2571007
afrixnli_wol_432,0.73990285,-0.25056645
afrixnli_wol_433,0.738978,-0.25067633
afrixnli_wol_434,0.7773299,-0.7776301
afrixnli_wol_435,0.7526087,0.25664884
afrixnli_wol_436,0.6843857,0.2284109
afrixnli_wol_437,0.73990285,-0.25056645
afrixnli_wol_438,0.74163926,0.7467797
afrixnli_wol_439,0.6843857,0.2284109
afrixnli_wol_44,0.71207535,1.213303
afrixnli_wol_440,0.6852096,0.22876054
afrixnli_wol_441,0.73990285,-0.25056645
afrixnli_wol_442,0.71207535,1.213303
afrixnli_wol_443,0.738978,-0.25067633
afrixnli_wol_444,0.738978,-0.25067633
afrixnli_wol_445,0.6852096,0.22876054
afrixnli_wol_446,0.7526087,0.25664884
afrixnli_wol_447,0.71207535,1.213303
afrixnli_wol_448,0.738978,-0.25067633
afrixnli_wol_449,0.58515346,0.18508594
afrixnli_wol_45,0.7526087,0.25664884
afrixnli_wol_450,0.7526087,0.25664884
afrixnli_wol_451,0.7526087,0.25664884
afrixnli_wol_452,0.622092,0.6588907
afrixnli_wol_453,0.7526087,0.25664884
afrixnli_wol_454,0.6761428,-0.2571007
afrixnli_wol_455,0.6852096,0.22876054
afrixnli_wol_456,0.6852096,0.22876054
afrixnli_wol_457,0.6843857,0.2284109
afrixnli_wol_458,0.7526087,0.25664884
afrixnli_wol_459,0.622092,0.6588907
afrixnli_wol_46,0.73990285,-0.25056645
afrixnli_wol_460,0.7526087,0.25664884
afrixnli_wol_461,0.71207535,1.213303
afrixnli_wol_462,0.7526087,0.25664884
afrixnli_wol_463,0.6852096,0.22876054
afrixnli_wol_464,0.67919815,0.7030354
afrixnli_wol_465,0.7526087,0.25664884
afrixnli_wol_466,0.6761428,-0.2571007
afrixnli_wol_467,0.7526087,0.25664884
afrixnli_wol_468,0.7526087,0.25664884
afrixnli_wol_469,0.58515346,0.18508594
afrixnli_wol_47,0.7526087,0.25664884
afrixnli_wol_470,0.71207535,1.213303
afrixnli_wol_471,0.6852096,0.22876054
afrixnli_wol_472,0.63290775,0.20620456
afrixnli_wol_473,0.7526087,0.25664884
afrixnli_wol_474,0.738978,-0.25067633
afrixnli_wol_475,0.6843857,0.2284109
afrixnli_wol_476,0.622092,0.6588907
afrixnli_wol_477,0.58515346,0.18508594
afrixnli_wol_478,0.738978,-0.25067633
afrixnli_wol_479,0.738978,-0.25067633
afrixnli_wol_48,0.71207535,1.213303
afrixnli_wol_480,0.7526087,0.25664884
afrixnli_wol_481,0.7526087,0.25664884
afrixnli_wol_482,0.6761428,-0.2571007
afrixnli_wol_483,0.74163926,0.7467797
afrixnli_wol_484,0.6843857,0.2284109
afrixnli_wol_485,0.67919815,0.7030354
afrixnli_wol_486,0.7526087,0.25664884
afrixnli_wol_487,0.6213919,0.65832436
afrixnli_wol_488,0.73990285,-0.25056645
afrixnli_wol_489,0.6761428,-0.2571007
afrixnli_wol_49,0.6336075,0.20651063
afrixnli_wol_490,0.7526087,0.25664884
afrixnli_wol_491,0.7526087,0.25664884
afrixnli_wol_492,0.738978,-0.25067633
afrixnli_wol_493,0.58515346,0.18508594
afrixnli_wol_494,0.71207535,1.213303
afrixnli_wol_495,0.7773299,-0.7776301
afrixnli_wol_496,0.7526087,0.25664884
afrixnli_wol_497,0.7773299,-0.7776301
afrixnli_wol_498,0.7526087,0.25664884
afrixnli_wol_499,0.7526087,0.25664884
afrixnli_wol_5,0.738978,-0.25067633
afrixnli_wol_50,0.7526087,0.25664884
afrixnli_wol_500,0.7773299,-0.7776301
afrixnli_wol_501,0.74163926,0.7467797
afrixnli_wol_502,0.6852096,0.22876054
afrixnli_wol_503,0.738978,-0.25067633
afrixnli_wol_504,0.738978,-0.25067633
afrixnli_wol_505,0.6852096,0.22876054
afrixnli_wol_506,0.71207535,1.213303
afrixnli_wol_507,0.58515346,0.18508594
afrixnli_wol_508,0.73990285,-0.25056645
afrixnli_wol_509,0.7526087,0.25664884
afrixnli_wol_51,0.7526087,0.25664884
afrixnli_wol_510,0.7526087,0.25664884
afrixnli_wol_511,0.622092,0.6588907
afrixnli_wol_512,0.6761428,-0.2571007
afrixnli_wol_513,0.7526087,0.25664884
afrixnli_wol_514,0.74163926,0.7467797
afrixnli_wol_515,0.71207535,1.213303
afrixnli_wol_516,0.73990285,-0.25056645
afrixnli_wol_517,0.738978,-0.25067633
afrixnli_wol_518,0.7773299,-0.7776301
afrixnli_wol_519,0.6761428,-0.2571007
afrixnli_wol_52,0.6761428,-0.2571007
afrixnli_wol_520,0.738978,-0.25067633
afrixnli_wol_521,0.7526087,0.25664884
afrixnli_wol_522,0.7526087,0.25664884
afrixnli_wol_523,0.738978,-0.25067633
afrixnli_wol_524,0.7526087,0.25664884
afrixnli_wol_525,0.7773299,-0.7776301
afrixnli_wol_526,0.67919815,0.7030354
afrixnli_wol_527,0.71207535,1.213303
afrixnli_wol_528,0.7773299,-0.7776301
afrixnli_wol_529,0.6852096,0.22876054
afrixnli_wol_53,0.74163926,0.7467797
afrixnli_wol_530,0.74163926,0.7467797
afrixnli_wol_531,0.7526087,0.25664884
afrixnli_wol_532,0.738978,-0.25067633
afrixnli_wol_533,0.6761428,-0.2571007
afrixnli_wol_534,0.6761428,-0.2571007
afrixnli_wol_535,0.71207535,1.213303
afrixnli_wol_536,0.7526087,0.25664884
afrixnli_wol_537,0.6843857,0.2284109
afrixnli_wol_538,0.7526087,0.25664884
afrixnli_wol_539,0.6213919,0.65832436
afrixnli_wol_54,0.7526087,0.25664884
afrixnli_wol_540,0.6213919,0.65832436
afrixnli_wol_541,0.73990285,-0.25056645
afrixnli_wol_542,0.7526087,0.25664884
afrixnli_wol_543,0.6761428,-0.2571007
afrixnli_wol_544,0.74163926,0.7467797
afrixnli_wol_545,0.74163926,0.7467797
afrixnli_wol_546,0.7526087,0.25664884
afrixnli_wol_547,0.58515346,0.18508594
afrixnli_wol_548,0.73990285,-0.25056645
afrixnli_wol_549,0.7526087,0.25664884
afrixnli_wol_55,0.738978,-0.25067633
afrixnli_wol_550,0.6852096,0.22876054
afrixnli_wol_551,0.738978,-0.25067633
afrixnli_wol_552,0.71207535,1.213303
afrixnli_wol_553,0.738978,-0.25067633
afrixnli_wol_554,0.73990285,-0.25056645
afrixnli_wol_555,0.73990285,-0.25056645
afrixnli_wol_556,0.73990285,-0.25056645
afrixnli_wol_557,0.7526087,0.25664884
afrixnli_wol_558,0.7526087,0.25664884
afrixnli_wol_559,0.6852096,0.22876054
afrixnli_wol_56,0.622092,0.6588907
afrixnli_wol_560,0.738978,-0.25067633
afrixnli_wol_561,0.6213919,0.65832436
afrixnli_wol_562,0.71207535,1.213303
afrixnli_wol_563,0.73990285,-0.25056645
afrixnli_wol_564,0.74163926,0.7467797
afrixnli_wol_565,0.738978,-0.25067633
afrixnli_wol_566,0.6852096,0.22876054
afrixnli_wol_567,0.7526087,0.25664884
afrixnli_wol_568,0.6843857,0.2284109
afrixnli_wol_569,0.622092,0.6588907
afrixnli_wol_57,0.67919815,0.7030354
afrixnli_wol_570,0.74163926,0.7467797
afrixnli_wol_571,0.58515346,0.18508594
afrixnli_wol_572,0.67919815,0.7030354
afrixnli_wol_573,0.67919815,0.7030354
afrixnli_wol_574,0.63290775,0.20620456
afrixnli_wol_575,0.6852096,0.22876054
afrixnli_wol_576,0.71207535,1.213303
afrixnli_wol_577,0.58515346,0.18508594
afrixnli_wol_578,0.7773299,-0.7776301
afrixnli_wol_579,0.6852096,0.22876054
afrixnli_wol_58,0.6843857,0.2284109
afrixnli_wol_580,0.58515346,0.18508594
afrixnli_wol_581,0.6843857,0.2284109
afrixnli_wol_582,0.738978,-0.25067633
afrixnli_wol_583,0.67919815,0.7030354
afrixnli_wol_584,0.622092,0.6588907
afrixnli_wol_585,0.7773299,-0.7776301
afrixnli_wol_586,0.74163926,0.7467797
afrixnli_wol_587,0.7526087,0.25664884
afrixnli_wol_588,0.73990285,-0.25056645
afrixnli_wol_589,0.7526087,0.25664884
afrixnli_wol_59,0.58515346,0.18508594
afrixnli_wol_590,0.622092,0.6588907
afrixnli_wol_591,0.58515346,0.18508594
afrixnli_wol_592,0.7526087,0.25664884
afrixnli_wol_593,0.71207535,1.213303
afrixnli_wol_594,0.738978,-0.25067633
afrixnli_wol_595,0.7773299,-0.7776301
afrixnli_wol_596,0.71207535,1.213303
afrixnli_wol_597,0.74163926,0.7467797
afrixnli_wol_598,0.7526087,0.25664884
afrixnli_wol_599,0.7773299,-0.7776301
afrixnli_wol_6,0.74163926,0.7467797
afrixnli_wol_60,0.71207535,1.213303
afrixnli_wol_61,0.58515346,0.18508594
afrixnli_wol_62,0.7773299,-0.7776301
afrixnli_wol_63,0.738978,-0.25067633
afrixnli_wol_64,0.622092,0.6588907
afrixnli_wol_65,0.74163926,0.7467797
afrixnli_wol_66,0.7526087,0.25664884
afrixnli_wol_67,0.6213919,0.65832436
afrixnli_wol_68,0.622092,0.6588907
afrixnli_wol_69,0.738978,-0.25067633
afrixnli_wol_7,0.622092,0.6588907
afrixnli_wol_70,0.71207535,1.213303
afrixnli_wol_71,0.622092,0.6588907
afrixnli_wol_72,0.74163926,0.7467797
afrixnli_wol_73,0.7526087,0.25664884
afrixnli_wol_74,0.622092,0.6588907
afrixnli_wol_75,0.74163926,0.7467797
afrixnli_wol_76,0.738978,-0.25067633
afrixnli_wol_77,0.7526087,0.25664884
afrixnli_wol_78,0.6761428,-0.2571007
afrixnli_wol_79,0.738978,-0.25067633
afrixnli_wol_8,0.7526087,0.25664884
afrixnli_wol_80,0.7526087,0.25664884
afrixnli_wol_81,0.622092,0.6588907
afrixnli_wol_82,0.7526087,0.25664884
afrixnli_wol_83,0.74163926,0.7467797
afrixnli_wol_84,0.6843857,0.2284109
afrixnli_wol_85,0.738978,-0.25067633
afrixnli_wol_86,0.71207535,1.213303
afrixnli_wol_87,0.71207535,1.213303
afrixnli_wol_88,0.622092,0.6588907
afrixnli_wol_89,0.738978,-0.25067633
afrixnli_wol_9,0.7526087,0.25664884
afrixnli_wol_90,0.7773299,-0.7776301
afrixnli_wol_91,0.67919815,0.7030354
afrixnli_wol_92,0.71207535,1.213303
afrixnli_wol_93,0.622092,0.6588907
afrixnli_wol_94,0.74163926,0.7467797
afrixnli_wol_95,0.738978,-0.25067633
afrixnli_wol_96,0.71207535,1.213303
afrixnli_wol_97,0.7526087,0.25664884
afrixnli_wol_98,0.58515346,0.18508594
afrixnli_wol_99,0.6852096,0.22876054
afrixnli_xho_0,0.7635237,0.08207443
afrixnli_xho_1,0.6182554,0.45675644
afrixnli_xho_10,0.70651853,-0.39941782
afrixnli_xho_100,0.7467643,1.4440738
afrixnli_xho_101,0.7602274,-0.39185357
afrixnli_xho_102,0.69457096,0.056582592
afrixnli_xho_103,0.7611757,-0.39170244
afrixnli_xho_104,0.69540447,0.056891445
afrixnli_xho_105,0.59398746,0.019788202
afrixnli_xho_106,0.70651853,-0.39941782
afrixnli_xho_107,0.80420583,-0.8923034
afrixnli_xho_108,0.6800837,0.49539727
afrixnli_xho_109,0.69540447,0.056891445
afrixnli_xho_11,0.68292916,0.9383759
afrixnli_xho_110,0.7635237,0.08207443
afrixnli_xho_111,0.7635237,0.08207443
afrixnli_xho_112,0.7479983,0.5339449
afrixnli_xho_113,0.69457096,0.056582592
afrixnli_xho_114,0.80420583,-0.8923034
afrixnli_xho_115,0.6947077,0.9477968
afrixnli_xho_116,0.69565564,-0.40068328
afrixnli_xho_117,0.7602274,-0.39185357
afrixnli_xho_118,0.7479983,0.5339449
afrixnli_xho_119,0.73473793,0.5267357
afrixnli_xho_12,0.7635237,0.08207443
afrixnli_xho_120,0.59398746,0.019788202
afrixnli_xho_121,0.70651853,-0.39941782
afrixnli_xho_122,0.69565564,-0.40068328
afrixnli_xho_123,0.7602274,-0.39185357
afrixnli_xho_124,0.80420583,-0.8923034
afrixnli_xho_125,0.7467643,1.4440738
afrixnli_xho_126,0.7602274,-0.39185357
afrixnli_xho_127,0.7635237,0.08207443
afrixnli_xho_128,0.7602274,-0.39185357
afrixnli_xho_129,0.67925465,0.49490166
afrixnli_xho_13,0.69565564,-0.40068328
afrixnli_xho_130,0.70651853,-0.39941782
afrixnli_xho_131,0.80420583,-0.8923034
afrixnli_xho_132,0.57967764,0.43094468
afrixnli_xho_133,0.7479983,0.5339449
afrixnli_xho_134,0.80420583,-0.8923034
afrixnli_xho_135,0.63420725,0.89673305
afrixnli_xho_136,0.69457096,0.056582592
afrixnli_xho_137,0.7611757,-0.39170244
afrixnli_xho_138,0.63346595,0.89606524
afrixnli_xho_139,0.70679575,0.06111377
afrixnli_xho_14,0.7635237,0.08207443
afrixnli_xho_140,0.7479983,0.5339449
afrixnli_xho_141,0.7635237,0.08207443
afrixnli_xho_142,0.80420583,-0.8923034
afrixnli_xho_143,0.80420583,-0.8923034
afrixnli_xho_144,0.6182554,0.45675644
afrixnli_xho_145,0.6800837,0.49539727
afrixnli_xho_146,0.80420583,-0.8923034
afrixnli_xho_147,0.7602274,-0.39185357
afrixnli_xho_148,0.70679575,0.06111377
afrixnli_xho_149,0.69565564,-0.40068328
afrixnli_xho_15,0.73473793,0.5267357
afrixnli_xho_150,0.7635237,0.08207443
afrixnli_xho_151,0.7611757,-0.39170244
afrixnli_xho_152,0.7479983,0.5339449
afrixnli_xho_153,0.6182554,0.45675644
afrixnli_xho_154,0.7611757,-0.39170244
afrixnli_xho_155,0.7635237,0.08207443
afrixnli_xho_156,0.7479983,0.5339449
afrixnli_xho_157,0.70651853,-0.39941782
afrixnli_xho_158,0.57967764,0.43094468
afrixnli_xho_159,0.63346595,0.89606524
afrixnli_xho_16,0.80420583,-0.8923034
afrixnli_xho_160,0.80420583,-0.8923034
afrixnli_xho_161,0.70651853,-0.39941782
afrixnli_xho_162,0.80420583,-0.8923034
afrixnli_xho_163,0.7635237,0.08207443
afrixnli_xho_164,0.7602274,-0.39185357
afrixnli_xho_165,0.7635237,0.08207443
afrixnli_xho_166,0.80420583,-0.8923034
afrixnli_xho_167,0.70651853,-0.39941782
afrixnli_xho_168,0.80420583,-0.8923034
afrixnli_xho_169,0.7635237,0.08207443
afrixnli_xho_17,0.59398746,0.019788202
afrixnli_xho_170,0.80420583,-0.8923034
afrixnli_xho_171,0.7635237,0.08207443
afrixnli_xho_172,0.7602274,-0.39185357
afrixnli_xho_173,0.69540447,0.056891445
afrixnli_xho_174,0.7602274,-0.39185357
afrixnli_xho_175,0.80420583,-0.8923034
afrixnli_xho_176,0.7635237,0.08207443
afrixnli_xho_177,0.80420583,-0.8923034
afrixnli_xho_178,0.6947077,0.9477968
afrixnli_xho_179,0.7611757,-0.39170244
afrixnli_xho_18,0.7611757,-0.39170244
afrixnli_xho_180,0.80420583,-0.8923034
afrixnli_xho_181,0.70679575,0.06111377
afrixnli_xho_182,0.7479983,0.5339449
afrixnli_xho_183,0.70651853,-0.39941782
afrixnli_xho_184,0.67925465,0.49490166
afrixnli_xho_185,0.7611757,-0.39170244
afrixnli_xho_186,0.69565564,-0.40068328
afrixnli_xho_187,0.80420583,-0.8923034
afrixnli_xho_188,0.73473793,0.5267357
afrixnli_xho_189,0.6800837,0.49539727
afrixnli_xho_19,0.80420583,-0.8923034
afrixnli_xho_190,0.80420583,-0.8923034
afrixnli_xho_191,0.7611757,-0.39170244
afrixnli_xho_192,0.80420583,-0.8923034
afrixnli_xho_193,0.7635237,0.08207443
afrixnli_xho_194,0.7059342,0.06079441
afrixnli_xho_195,0.7611757,-0.39170244
afrixnli_xho_196,0.7479983,0.5339449
afrixnli_xho_197,0.80420583,-0.8923034
afrixnli_xho_198,0.7611757,-0.39170244
afrixnli_xho_199,0.7611757,-0.39170244
afrixnli_xho_2,0.7611757,-0.39170244
afrixnli_xho_20,0.7611757,-0.39170244
afrixnli_xho_200,0.7602274,-0.39185357
afrixnli_xho_201,0.7479983,0.5339449
afrixnli_xho_202,0.68292916,0.9383759
afrixnli_xho_203,0.7611757,-0.39170244
afrixnli_xho_204,0.64743423,0.03917148
afrixnli_xho_205,0.7635237,0.08207443
afrixnli_xho_206,0.7635237,0.08207443
afrixnli_xho_207,0.7611757,-0.39170244
afrixnli_xho_208,0.7467643,1.4440738
afrixnli_xho_209,0.7059342,0.06079441
afrixnli_xho_21,0.6182554,0.45675644
afrixnli_xho_210,0.7611757,-0.39170244
afrixnli_xho_211,0.7608128,0.996307
afrixnli_xho_212,0.7059342,0.06079441
afrixnli_xho_213,0.7602274,-0.39185357
afrixnli_xho_214,0.6800837,0.49539727
afrixnli_xho_215,0.7479983,0.5339449
afrixnli_xho_216,0.7635237,0.08207443
afrixnli_xho_217,0.80420583,-0.8923034
afrixnli_xho_218,0.80420583,-0.8923034
afrixnli_xho_219,0.61893564,0.45720002
afrixnli_xho_22,0.70651853,-0.39941782
afrixnli_xho_220,0.7602274,-0.39185357
afrixnli_xho_221,0.7467643,1.4440738
afrixnli_xho_222,0.63420725,0.89673305
afrixnli_xho_223,0.7602274,-0.39185357
afrixnli_xho_224,0.68292916,0.9383759
afrixnli_xho_225,0.80420583,-0.8923034
afrixnli_xho_226,0.80420583,-0.8923034
afrixnli_xho_227,0.7602274,-0.39185357
afrixnli_xho_228,0.80420583,-0.8923034
afrixnli_xho_229,0.7602274,-0.39185357
afrixnli_xho_23,0.7602274,-0.39185357
afrixnli_xho_230,0.80420583,-0.8923034
afrixnli_xho_231,0.57967764,0.43094468
afrixnli_xho_232,0.7602274,-0.39185357
afrixnli_xho_233,0.6800837,0.49539727
afrixnli_xho_234,0.7611757,-0.39170244
afrixnli_xho_235,0.7608128,0.996307
afrixnli_xho_236,0.70651853,-0.39941782
afrixnli_xho_237,0.7059342,0.06079441
afrixnli_xho_238,0.7608128,0.996307
afrixnli_xho_239,0.59398746,0.019788202
afrixnli_xho_24,0.7635237,0.08207443
afrixnli_xho_240,0.7611757,-0.39170244
afrixnli_xho_241,0.7467643,1.4440738
afrixnli_xho_242,0.7611757,-0.39170244
afrixnli_xho_243,0.69565564,-0.40068328
afrixnli_xho_244,0.7611757,-0.39170244
afrixnli_xho_245,0.67925465,0.49490166
afrixnli_xho_246,0.80420583,-0.8923034
afrixnli_xho_247,0.80420583,-0.8923034
afrixnli_xho_248,0.7479983,0.5339449
afrixnli_xho_249,0.80420583,-0.8923034
afrixnli_xho_25,0.80420583,-0.8923034
afrixnli_xho_250,0.80420583,-0.8923034
afrixnli_xho_251,0.7608128,0.996307
afrixnli_xho_252,0.59398746,0.019788202
afrixnli_xho_253,0.7635237,0.08207443
afrixnli_xho_254,0.80420583,-0.8923034
afrixnli_xho_255,0.7635237,0.08207443
afrixnli_xho_256,0.7611757,-0.39170244
afrixnli_xho_257,0.7479983,0.5339449
afrixnli_xho_258,0.80420583,-0.8923034
afrixnli_xho_259,0.80420583,-0.8923034
afrixnli_xho_26,0.7479983,0.5339449
afrixnli_xho_260,0.7635237,0.08207443
afrixnli_xho_261,0.63420725,0.89673305
afrixnli_xho_262,0.68292916,0.9383759
afrixnli_xho_263,0.6800837,0.49539727
afrixnli_xho_264,0.7635237,0.08207443
afrixnli_xho_265,0.69540447,0.056891445
afrixnli_xho_266,0.7479983,0.5339449
afrixnli_xho_267,0.80420583,-0.8923034
afrixnli_xho_268,0.7479983,0.5339449
afrixnli_xho_269,0.7611757,-0.39170244
afrixnli_xho_27,0.80420583,-0.8923034
afrixnli_xho_270,0.80420583,-0.8923034
afrixnli_xho_271,0.7479983,0.5339449
afrixnli_xho_272,0.80420583,-0.8923034
afrixnli_xho_273,0.80420583,-0.8923034
afrixnli_xho_274,0.7608128,0.996307
afrixnli_xho_275,0.7479983,0.5339449
afrixnli_xho_276,0.69457096,0.056582592
afrixnli_xho_277,0.69565564,-0.40068328
afrixnli_xho_278,0.80420583,-0.8923034
afrixnli_xho_279,0.7059342,0.06079441
afrixnli_xho_28,0.80420583,-0.8923034
afrixnli_xho_280,0.80420583,-0.8923034
afrixnli_xho_281,0.80420583,-0.8923034
afrixnli_xho_282,0.7635237,0.08207443
afrixnli_xho_283,0.7635237,0.08207443
afrixnli_xho_284,0.7611757,-0.39170244
afrixnli_xho_285,0.7602274,-0.39185357
afrixnli_xho_286,0.80420583,-0.8923034
afrixnli_xho_287,0.7467643,1.4440738
afrixnli_xho_288,0.7602274,-0.39185357
afrixnli_xho_289,0.7059342,0.06079441
afrixnli_xho_29,0.80420583,-0.8923034
afrixnli_xho_290,0.64743423,0.03917148
afrixnli_xho_291,0.7611757,-0.39170244
afrixnli_xho_292,0.7635237,0.08207443
afrixnli_xho_293,0.80420583,-0.8923034
afrixnli_xho_294,0.7635237,0.08207443
afrixnli_xho_295,0.80420583,-0.8923034
afrixnli_xho_296,0.57967764,0.43094468
afrixnli_xho_297,0.7059342,0.06079441
afrixnli_xho_298,0.61893564,0.45720002
afrixnli_xho_299,0.6947077,0.9477968
afrixnli_xho_3,0.7602274,-0.39185357
afrixnli_xho_30,0.57967764,0.43094468
afrixnli_xho_300,0.7635237,0.08207443
afrixnli_xho_301,0.7479983,0.5339449
afrixnli_xho_302,0.67925465,0.49490166
afrixnli_xho_303,0.80420583,-0.8923034
afrixnli_xho_304,0.7611757,-0.39170244
afrixnli_xho_305,0.80420583,-0.8923034
afrixnli_xho_306,0.7602274,-0.39185357
afrixnli_xho_307,0.7602274,-0.39185357
afrixnli_xho_308,0.70679575,0.06111377
afrixnli_xho_309,0.80420583,-0.8923034
afrixnli_xho_31,0.7467643,1.4440738
afrixnli_xho_310,0.7635237,0.08207443
afrixnli_xho_311,0.69540447,0.056891445
afrixnli_xho_312,0.80420583,-0.8923034
afrixnli_xho_313,0.7635237,0.08207443
afrixnli_xho_314,0.80420583,-0.8923034
afrixnli_xho_315,0.7059342,0.06079441
afrixnli_xho_316,0.7602274,-0.39185357
afrixnli_xho_317,0.69565564,-0.40068328
afrixnli_xho_318,0.7611757,-0.39170244
afrixnli_xho_319,0.63346595,0.89606524
afrixnli_xho_32,0.73473793,0.5267357
afrixnli_xho_320,0.7635237,0.08207443
afrixnli_xho_321,0.7611757,-0.39170244
afrixnli_xho_322,0.80420583,-0.8923034
afrixnli_xho_323,0.7611757,-0.39170244
afrixnli_xho_324,0.80420583,-0.8923034
afrixnli_xho_325,0.7602274,-0.39185357
afrixnli_xho_326,0.70679575,0.06111377
afrixnli_xho_327,0.69565564,-0.40068328
afrixnli_xho_328,0.70679575,0.06111377
afrixnli_xho_329,0.80420583,-0.8923034
afrixnli_xho_33,0.69565564,-0.40068328
afrixnli_xho_330,0.63420725,0.89673305
afrixnli_xho_331,0.80420583,-0.8923034
afrixnli_xho_332,0.6947077,0.9477968
afrixnli_xho_333,0.70679575,0.06111377
afrixnli_xho_334,0.80420583,-0.8923034
afrixnli_xho_335,0.7602274,-0.39185357
afrixnli_xho_336,0.7635237,0.08207443
afrixnli_xho_337,0.57967764,0.43094468
afrixnli_xho_338,0.6424385,0.037338115
afrixnli_xho_339,0.70651853,-0.39941782
afrixnli_xho_34,0.69565564,-0.40068328
afrixnli_xho_340,0.7602274,-0.39185357
afrixnli_xho_341,0.7467643,1.4440738
afrixnli_xho_342,0.7611757,-0.39170244
afrixnli_xho_343,0.7479983,0.5339449
afrixnli_xho_344,0.69565564,-0.40068328
afrixnli_xho_345,0.59398746,0.019788202
afrixnli_xho_346,0.7602274,-0.39185357
afrixnli_xho_347,0.73473793,0.5267357
afrixnli_xho_348,0.7602274,-0.39185357
afrixnli_xho_349,0.6800837,0.49539727
afrixnli_xho_35,0.80420583,-0.8923034
afrixnli_xho_350,0.6743284,0.49194366
afrixnli_xho_351,0.7611757,-0.39170244
afrixnli_xho_352,0.64743423,0.03917148
afrixnli_xho_353,0.73473793,0.5267357
afrixnli_xho_354,0.70679575,0.06111377
afrixnli_xho_355,0.69457096,0.056582592
afrixnli_xho_356,0.80420583,-0.8923034
afrixnli_xho_357,0.7611757,-0.39170244
afrixnli_xho_358,0.80420583,-0.8923034
afrixnli_xho_359,0.7479983,0.5339449
afrixnli_xho_36,0.80420583,-0.8923034
afrixnli_xho_360,0.7611757,-0.39170244
afrixnli_xho_361,0.7611757,-0.39170244
afrixnli_xho_362,0.7479983,0.5339449
afrixnli_xho_363,0.80420583,-0.8923034
afrixnli_xho_364,0.7602274,-0.39185357
afrixnli_xho_365,0.7602274,-0.39185357
afrixnli_xho_366,0.7611757,-0.39170244
afrixnli_xho_367,0.80420583,-0.8923034
afrixnli_xho_368,0.80420583,-0.8923034
afrixnli_xho_369,0.7467643,1.4440738
afrixnli_xho_37,0.7059342,0.06079441
afrixnli_xho_370,0.80420583,-0.8923034
afrixnli_xho_371,0.80420583,-0.8923034
afrixnli_xho_372,0.73473793,0.5267357
afrixnli_xho_373,0.70679575,0.06111377
afrixnli_xho_374,0.73473793,0.5267357
afrixnli_xho_375,0.7635237,0.08207443
afrixnli_xho_376,0.67925465,0.49490166
afrixnli_xho_377,0.70651853,-0.39941782
afrixnli_xho_378,0.7611757,-0.39170244
afrixnli_xho_379,0.67925465,0.49490166
afrixnli_xho_38,0.7608128,0.996307
afrixnli_xho_380,0.7635237,0.08207443
afrixnli_xho_381,0.80420583,-0.8923034
afrixnli_xho_382,0.80420583,-0.8923034
afrixnli_xho_383,0.80420583,-0.8923034
afrixnli_xho_384,0.7635237,0.08207443
afrixnli_xho_385,0.80420583,-0.8923034
afrixnli_xho_386,0.7602274,-0.39185357
afrixnli_xho_387,0.80420583,-0.8923034
afrixnli_xho_388,0.7635237,0.08207443
afrixnli_xho_389,0.80420583,-0.8923034
afrixnli_xho_39,0.80420583,-0.8923034
afrixnli_xho_390,0.80420583,-0.8923034
afrixnli_xho_391,0.59398746,0.019788202
afrixnli_xho_392,0.7611757,-0.39170244
afrixnli_xho_393,0.7059342,0.06079441
afrixnli_xho_394,0.7635237,0.08207443
afrixnli_xho_395,0.7635237,0.08207443
afrixnli_xho_396,0.73473793,0.5267357
afrixnli_xho_397,0.7602274,-0.39185357
afrixnli_xho_398,0.59398746,0.019788202
afrixnli_xho_399,0.80420583,-0.8923034
afrixnli_xho_4,0.80420583,-0.8923034
afrixnli_xho_40,0.70679575,0.06111377
afrixnli_xho_400,0.63420725,0.89673305
afrixnli_xho_401,0.7602274,-0.39185357
afrixnli_xho_402,0.69565564,-0.40068328
afrixnli_xho_403,0.80420583,-0.8923034
afrixnli_xho_404,0.7635237,0.08207443
afrixnli_xho_405,0.7602274,-0.39185357
afrixnli_xho_406,0.7611757,-0.39170244
afrixnli_xho_407,0.80420583,-0.8923034
afrixnli_xho_408,0.70679575,0.06111377
afrixnli_xho_409,0.69457096,0.056582592
afrixnli_xho_41,0.80420583,-0.8923034
afrixnli_xho_410,0.80420583,-0.8923034
afrixnli_xho_411,0.80420583,-0.8923034
afrixnli_xho_412,0.69457096,0.056582592
afrixnli_xho_413,0.7479983,0.5339449
afrixnli_xho_414,0.70651853,-0.39941782
afrixnli_xho_415,0.69565564,-0.40068328
afrixnli_xho_416,0.7635237,0.08207443
afrixnli_xho_417,0.63420725,0.89673305
afrixnli_xho_418,0.7479983,0.5339449
afrixnli_xho_419,0.80420583,-0.8923034
afrixnli_xho_42,0.7611757,-0.39170244
afrixnli_xho_420,0.70651853,-0.39941782
afrixnli_xho_421,0.7467643,1.4440738
afrixnli_xho_422,0.7059342,0.06079441
afrixnli_xho_423,0.80420583,-0.8923034
afrixnli_xho_424,0.80420583,-0.8923034
afrixnli_xho_425,0.7602274,-0.39185357
afrixnli_xho_426,0.80420583,-0.8923034
afrixnli_xho_427,0.7611757,-0.39170244
afrixnli_xho_428,0.7635237,0.08207443
afrixnli_xho_429,0.7479983,0.5339449
afrixnli_xho_43,0.80420583,-0.8923034
afrixnli_xho_430,0.70651853,-0.39941782
afrixnli_xho_431,0.80420583,-0.8923034
afrixnli_xho_432,0.7059342,0.06079441
afrixnli_xho_433,0.70651853,-0.39941782
afrixnli_xho_434,0.80420583,-0.8923034
afrixnli_xho_435,0.7059342,0.06079441
afrixnli_xho_436,0.7602274,-0.39185357
afrixnli_xho_437,0.80420583,-0.8923034
afrixnli_xho_438,0.70679575,0.06111377
afrixnli_xho_439,0.59398746,0.019788202
afrixnli_xho_44,0.67925465,0.49490166
afrixnli_xho_440,0.69565564,-0.40068328
afrixnli_xho_441,0.7611757,-0.39170244
afrixnli_xho_442,0.59398746,0.019788202
afrixnli_xho_443,0.64743423,0.03917148
afrixnli_xho_444,0.7611757,-0.39170244
afrixnli_xho_445,0.80420583,-0.8923034
afrixnli_xho_446,0.70651853,-0.39941782
afrixnli_xho_447,0.57967764,0.43094468
afrixnli_xho_448,0.7479983,0.5339449
afrixnli_xho_449,0.7467643,1.4440738
afrixnli_xho_45,0.7635237,0.08207443
afrixnli_xho_450,0.80420583,-0.8923034
afrixnli_xho_451,0.7479983,0.5339449
afrixnli_xho_452,0.69565564,-0.40068328
afrixnli_xho_453,0.7479983,0.5339449
afrixnli_xho_454,0.7611757,-0.39170244
afrixnli_xho_455,0.59398746,0.019788202
afrixnli_xho_456,0.80420583,-0.8923034
afrixnli_xho_457,0.7611757,-0.39170244
afrixnli_xho_458,0.7635237,0.08207443
afrixnli_xho_459,0.61893564,0.45720002
afrixnli_xho_46,0.80420583,-0.8923034
afrixnli_xho_460,0.7479983,0.5339449
afrixnli_xho_461,0.70679575,0.06111377
afrixnli_xho_462,0.69565564,-0.40068328
afrixnli_xho_463,0.69565564,-0.40068328
afrixnli_xho_464,0.7479983,0.5339449
afrixnli_xho_465,0.80420583,-0.8923034
afrixnli_xho_466,0.80420583,-0.8923034
afrixnli_xho_467,0.7611757,-0.39170244
afrixnli_xho_468,0.7635237,0.08207443
afrixnli_xho_469,0.80420583,-0.8923034
afrixnli_xho_47,0.69540447,0.056891445
afrixnli_xho_470,0.80420583,-0.8923034
afrixnli_xho_471,0.7611757,-0.39170244
afrixnli_xho_472,0.70651853,-0.39941782
afrixnli_xho_473,0.7602274,-0.39185357
afrixnli_xho_474,0.7059342,0.06079441
afrixnli_xho_475,0.7635237,0.08207443
afrixnli_xho_476,0.80420583,-0.8923034
afrixnli_xho_477,0.80420583,-0.8923034
afrixnli_xho_478,0.7635237,0.08207443
afrixnli_xho_479,0.80420583,-0.8923034
afrixnli_xho_48,0.7467643,1.4440738
afrixnli_xho_480,0.70679575,0.06111377
afrixnli_xho_481,0.80420583,-0.8923034
afrixnli_xho_482,0.7602274,-0.39185357
afrixnli_xho_483,0.7611757,-0.39170244
afrixnli_xho_484,0.80420583,-0.8923034
afrixnli_xho_485,0.7479983,0.5339449
afrixnli_xho_486,0.80420583,-0.8923034
afrixnli_xho_487,0.63346595,0.89606524
afrixnli_xho_488,0.7479983,0.5339449
afrixnli_xho_489,0.67925465,0.49490166
afrixnli_xho_49,0.61893564,0.45720002
afrixnli_xho_490,0.73473793,0.5267357
afrixnli_xho_491,0.7635237,0.08207443
afrixnli_xho_492,0.7611757,-0.39170244
afrixnli_xho_493,0.7467643,1.4440738
afrixnli_xho_494,0.7467643,1.4440738
afrixnli_xho_495,0.7608128,0.996307
afrixnli_xho_496,0.7611757,-0.39170244
afrixnli_xho_497,0.7059342,0.06079441
afrixnli_xho_498,0.7635237,0.08207443
afrixnli_xho_499,0.80420583,-0.8923034
afrixnli_xho_5,0.7635237,0.08207443
afrixnli_xho_50,0.7611757,-0.39170244
afrixnli_xho_500,0.69565564,-0.40068328
afrixnli_xho_501,0.7602274,-0.39185357
afrixnli_xho_502,0.7467643,1.4440738
afrixnli_xho_503,0.7479983,0.5339449
afrixnli_xho_504,0.7635237,0.08207443
afrixnli_xho_505,0.80420583,-0.8923034
afrixnli_xho_506,0.7479983,0.5339449
afrixnli_xho_507,0.80420583,-0.8923034
afrixnli_xho_508,0.80420583,-0.8923034
afrixnli_xho_509,0.80420583,-0.8923034
afrixnli_xho_51,0.7602274,-0.39185357
afrixnli_xho_510,0.7479983,0.5339449
afrixnli_xho_511,0.57967764,0.43094468
afrixnli_xho_512,0.7602274,-0.39185357
afrixnli_xho_513,0.7611757,-0.39170244
afrixnli_xho_514,0.80420583,-0.8923034
afrixnli_xho_515,0.57967764,0.43094468
afrixnli_xho_516,0.7479983,0.5339449
afrixnli_xho_517,0.64743423,0.03917148
afrixnli_xho_518,0.67925465,0.49490166
afrixnli_xho_519,0.80420583,-0.8923034
afrixnli_xho_52,0.69565564,-0.40068328
afrixnli_xho_520,0.7611757,-0.39170244
afrixnli_xho_521,0.70651853,-0.39941782
afrixnli_xho_522,0.7635237,0.08207443
afrixnli_xho_523,0.80420583,-0.8923034
afrixnli_xho_524,0.7467643,1.4440738
afrixnli_xho_525,0.63346595,0.89606524
afrixnli_xho_526,0.7635237,0.08207443
afrixnli_xho_527,0.69565564,-0.40068328
afrixnli_xho_528,0.7611757,-0.39170244
afrixnli_xho_529,0.80420583,-0.8923034
afrixnli_xho_53,0.80420583,-0.8923034
afrixnli_xho_530,0.80420583,-0.8923034
afrixnli_xho_531,0.7611757,-0.39170244
afrixnli_xho_532,0.7635237,0.08207443
afrixnli_xho_533,0.63420725,0.89673305
afrixnli_xho_534,0.61893564,0.45720002
afrixnli_xho_535,0.7467643,1.4440738
afrixnli_xho_536,0.70679575,0.06111377
afrixnli_xho_537,0.70651853,-0.39941782
afrixnli_xho_538,0.7479983,0.5339449
afrixnli_xho_539,0.68292916,0.9383759
afrixnli_xho_54,0.80420583,-0.8923034
afrixnli_xho_540,0.70679575,0.06111377
afrixnli_xho_541,0.57967764,0.43094468
afrixnli_xho_542,0.7608128,0.996307
afrixnli_xho_543,0.67925465,0.49490166
afrixnli_xho_544,0.7611757,-0.39170244
afrixnli_xho_545,0.69457096,0.056582592
afrixnli_xho_546,0.7635237,0.08207443
afrixnli_xho_547,0.59398746,0.019788202
afrixnli_xho_548,0.73473793,0.5267357
afrixnli_xho_549,0.7611757,-0.39170244
afrixnli_xho_55,0.70679575,0.06111377
afrixnli_xho_550,0.7611757,-0.39170244
afrixnli_xho_551,0.7059342,0.06079441
afrixnli_xho_552,0.63346595,0.89606524
afrixnli_xho_553,0.70679575,0.06111377
afrixnli_xho_554,0.7611757,-0.39170244
afrixnli_xho_555,0.63346595,0.89606524
afrixnli_xho_556,0.80420583,-0.8923034
afrixnli_xho_557,0.7635237,0.08207443
afrixnli_xho_558,0.80420583,-0.8923034
afrixnli_xho_559,0.63420725,0.89673305
afrixnli_xho_56,0.80420583,-0.8923034
afrixnli_xho_560,0.69457096,0.056582592
afrixnli_xho_561,0.7635237,0.08207443
afrixnli_xho_562,0.80420583,-0.8923034
afrixnli_xho_563,0.80420583,-0.8923034
afrixnli_xho_564,0.70679575,0.06111377
afrixnli_xho_565,0.80420583,-0.8923034
afrixnli_xho_566,0.80420583,-0.8923034
afrixnli_xho_567,0.7602274,-0.39185357
afrixnli_xho_568,0.7611757,-0.39170244
afrixnli_xho_569,0.59398746,0.019788202
afrixnli_xho_57,0.64314777,0.03759825
afrixnli_xho_570,0.80420583,-0.8923034
afrixnli_xho_571,0.80420583,-0.8923034
afrixnli_xho_572,0.70651853,-0.39941782
afrixnli_xho_573,0.80420583,-0.8923034
afrixnli_xho_574,0.63420725,0.89673305
afrixnli_xho_575,0.63346595,0.89606524
afrixnli_xho_576,0.7467643,1.4440738
afrixnli_xho_577,0.73473793,0.5267357
afrixnli_xho_578,0.80420583,-0.8923034
afrixnli_xho_579,0.69540447,0.056891445
afrixnli_xho_58,0.7608128,0.996307
afrixnli_xho_580,0.80420583,-0.8923034
afrixnli_xho_581,0.7479983,0.5339449
afrixnli_xho_582,0.7635237,0.08207443
afrixnli_xho_583,0.80420583,-0.8923034
afrixnli_xho_584,0.80420583,-0.8923034
afrixnli_xho_585,0.7467643,1.4440738
afrixnli_xho_586,0.64743423,0.03917148
afrixnli_xho_587,0.7602274,-0.39185357
afrixnli_xho_588,0.80420583,-0.8923034
afrixnli_xho_589,0.70679575,0.06111377
afrixnli_xho_59,0.64743423,0.03917148
afrixnli_xho_590,0.7467643,1.4440738
afrixnli_xho_591,0.69565564,-0.40068328
afrixnli_xho_592,0.80420583,-0.8923034
afrixnli_xho_593,0.69540447,0.056891445
afrixnli_xho_594,0.70679575,0.06111377
afrixnli_xho_595,0.7602274,-0.39185357
afrixnli_xho_596,0.70679575,0.06111377
afrixnli_xho_597,0.7611757,-0.39170244
afrixnli_xho_598,0.7635237,0.08207443
afrixnli_xho_599,0.80420583,-0.8923034
afrixnli_xho_6,0.73473793,0.5267357
afrixnli_xho_60,0.7635237,0.08207443
afrixnli_xho_61,0.80420583,-0.8923034
afrixnli_xho_62,0.80420583,-0.8923034
afrixnli_xho_63,0.6021625,0.022713147
afrixnli_xho_64,0.57967764,0.43094468
afrixnli_xho_65,0.7467643,1.4440738
afrixnli_xho_66,0.80420583,-0.8923034
afrixnli_xho_67,0.57967764,0.43094468
afrixnli_xho_68,0.6182554,0.45675644
afrixnli_xho_69,0.7479983,0.5339449
afrixnli_xho_7,0.7602274,-0.39185357
afrixnli_xho_70,0.80420583,-0.8923034
afrixnli_xho_71,0.80420583,-0.8923034
afrixnli_xho_72,0.7479983,0.5339449
afrixnli_xho_73,0.7479983,0.5339449
afrixnli_xho_74,0.69565564,-0.40068328
afrixnli_xho_75,0.59398746,0.019788202
afrixnli_xho_76,0.63346595,0.89606524
afrixnli_xho_77,0.7602274,-0.39185357
afrixnli_xho_78,0.57967764,0.43094468
afrixnli_xho_79,0.7059342,0.06079441
afrixnli_xho_8,0.70679575,0.06111377
afrixnli_xho_80,0.7467643,1.4440738
afrixnli_xho_81,0.7602274,-0.39185357
afrixnli_xho_82,0.7611757,-0.39170244
afrixnli_xho_83,0.69540447,0.056891445
afrixnli_xho_84,0.69540447,0.056891445
afrixnli_xho_85,0.7635237,0.08207443
afrixnli_xho_86,0.7467643,1.4440738
afrixnli_xho_87,0.7635237,0.08207443
afrixnli_xho_88,0.7602274,-0.39185357
afrixnli_xho_89,0.7059342,0.06079441
afrixnli_xho_9,0.7602274,-0.39185357
afrixnli_xho_90,0.63346595,0.89606524
afrixnli_xho_91,0.7479983,0.5339449
afrixnli_xho_92,0.73473793,0.5267357
afrixnli_xho_93,0.69457096,0.056582592
afrixnli_xho_94,0.63420725,0.89673305
afrixnli_xho_95,0.70679575,0.06111377
afrixnli_xho_96,0.7611757,-0.39170244
afrixnli_xho_97,0.80420583,-0.8923034
afrixnli_xho_98,0.69565564,-0.40068328
afrixnli_xho_99,0.7467643,1.4440738
afrixnli_yor_0,0.80420583,-0.8923034
afrixnli_yor_1,0.63346595,0.89606524
afrixnli_yor_10,0.7635237,0.08207443
afrixnli_yor_100,0.63346595,0.89606524
afrixnli_yor_101,0.69540447,0.056891445
afrixnli_yor_102,0.80420583,-0.8923034
afrixnli_yor_103,0.7479983,0.5339449
afrixnli_yor_104,0.7611757,-0.39170244
afrixnli_yor_105,0.7479983,0.5339449
afrixnli_yor_106,0.7602274,-0.39185357
afrixnli_yor_107,0.57967764,0.43094468
afrixnli_yor_108,0.7608128,0.996307
afrixnli_yor_109,0.80420583,-0.8923034
afrixnli_yor_11,0.80420583,-0.8923034
afrixnli_yor_110,0.7635237,0.08207443
afrixnli_yor_111,0.7611757,-0.39170244
afrixnli_yor_112,0.7479983,0.5339449
afrixnli_yor_113,0.80420583,-0.8923034
afrixnli_yor_114,0.7479983,0.5339449
afrixnli_yor_115,0.6947077,0.9477968
afrixnli_yor_116,0.69565564,-0.40068328
afrixnli_yor_117,0.69565564,-0.40068328
afrixnli_yor_118,0.63346595,0.89606524
afrixnli_yor_119,0.7467643,1.4440738
afrixnli_yor_12,0.70679575,0.06111377
afrixnli_yor_120,0.59398746,0.019788202
afrixnli_yor_121,0.61893564,0.45720002
afrixnli_yor_122,0.63420725,0.89673305
afrixnli_yor_123,0.80420583,-0.8923034
afrixnli_yor_124,0.7467643,1.4440738
afrixnli_yor_125,0.62822515,0.46321607
afrixnli_yor_126,0.69565564,-0.40068328
afrixnli_yor_127,0.7479983,0.5339449
afrixnli_yor_128,0.80420583,-0.8923034
afrixnli_yor_129,0.63346595,0.89606524
afrixnli_yor_13,0.80420583,-0.8923034
afrixnli_yor_130,0.80420583,-0.8923034
afrixnli_yor_131,0.80420583,-0.8923034
afrixnli_yor_132,0.69565564,-0.40068328
afrixnli_yor_133,0.7479983,0.5339449
afrixnli_yor_134,0.80420583,-0.8923034
afrixnli_yor_135,0.80420583,-0.8923034
afrixnli_yor_136,0.69457096,0.056582592
afrixnli_yor_137,0.7479983,0.5339449
afrixnli_yor_138,0.7467643,1.4440738
afrixnli_yor_139,0.7602274,-0.39185357
afrixnli_yor_14,0.7611757,-0.39170244
afrixnli_yor_140,0.7635237,0.08207443
afrixnli_yor_141,0.7059342,0.06079441
afrixnli_yor_142,0.69565564,-0.40068328
afrixnli_yor_143,0.70679575,0.06111377
afrixnli_yor_144,0.61893564,0.45720002
afrixnli_yor_145,0.69540447,0.056891445
afrixnli_yor_146,0.7635237,0.08207443
afrixnli_yor_147,0.80420583,-0.8923034
afrixnli_yor_148,0.7479983,0.5339449
afrixnli_yor_149,0.7611757,-0.39170244
afrixnli_yor_15,0.7611757,-0.39170244
afrixnli_yor_150,0.7602274,-0.39185357
afrixnli_yor_151,0.7611757,-0.39170244
afrixnli_yor_152,0.6947077,0.9477968
afrixnli_yor_153,0.6182554,0.45675644
afrixnli_yor_154,0.7635237,0.08207443
afrixnli_yor_155,0.7611757,-0.39170244
afrixnli_yor_156,0.7611757,-0.39170244
afrixnli_yor_157,0.7611757,-0.39170244
afrixnli_yor_158,0.80420583,-0.8923034
afrixnli_yor_159,0.7467643,1.4440738
afrixnli_yor_16,0.70679575,0.06111377
afrixnli_yor_160,0.7602274,-0.39185357
afrixnli_yor_161,0.70651853,-0.39941782
afrixnli_yor_162,0.70651853,-0.39941782
afrixnli_yor_163,0.7479983,0.5339449
afrixnli_yor_164,0.80420583,-0.8923034
afrixnli_yor_165,0.7611757,-0.39170244
afrixnli_yor_166,0.7611757,-0.39170244
afrixnli_yor_167,0.80420583,-0.8923034
afrixnli_yor_168,0.80420583,-0.8923034
afrixnli_yor_169,0.70679575,0.06111377
afrixnli_yor_17,0.69565564,-0.40068328
afrixnli_yor_170,0.80420583,-0.8923034
afrixnli_yor_171,0.73473793,0.5267357
afrixnli_yor_172,0.7611757,-0.39170244
afrixnli_yor_173,0.57967764,0.43094468
afrixnli_yor_174,0.80420583,-0.8923034
afrixnli_yor_175,0.64314777,0.03759825
afrixnli_yor_176,0.6947077,0.9477968
afrixnli_yor_177,0.68292916,0.9383759
afrixnli_yor_178,0.63420725,0.89673305
afrixnli_yor_179,0.7602274,-0.39185357
afrixnli_yor_18,0.80420583,-0.8923034
afrixnli_yor_180,0.6424385,0.037338115
afrixnli_yor_181,0.7479983,0.5339449
afrixnli_yor_182,0.7611757,-0.39170244
afrixnli_yor_183,0.7611757,-0.39170244
afrixnli_yor_184,0.69565564,-0.40068328
afrixnli_yor_185,0.7059342,0.06079441
afrixnli_yor_186,0.67925465,0.49490166
afrixnli_yor_187,0.7608128,0.996307
afrixnli_yor_188,0.7059342,0.06079441
afrixnli_yor_189,0.7608128,0.996307
afrixnli_yor_19,0.80420583,-0.8923034
afrixnli_yor_190,0.7611757,-0.39170244
afrixnli_yor_191,0.7602274,-0.39185357
afrixnli_yor_192,0.69565564,-0.40068328
afrixnli_yor_193,0.7611757,-0.39170244
afrixnli_yor_194,0.7602274,-0.39185357
afrixnli_yor_195,0.80420583,-0.8923034
afrixnli_yor_196,0.7479983,0.5339449
afrixnli_yor_197,0.69565564,-0.40068328
afrixnli_yor_198,0.7611757,-0.39170244
afrixnli_yor_199,0.7479983,0.5339449
afrixnli_yor_2,0.80420583,-0.8923034
afrixnli_yor_20,0.80420583,-0.8923034
afrixnli_yor_200,0.67925465,0.49490166
afrixnli_yor_201,0.7479983,0.5339449
afrixnli_yor_202,0.69540447,0.056891445
afrixnli_yor_203,0.7479983,0.5339449
afrixnli_yor_204,0.67925465,0.49490166
afrixnli_yor_205,0.7635237,0.08207443
afrixnli_yor_206,0.7479983,0.5339449
afrixnli_yor_207,0.64546615,-0.40515158
afrixnli_yor_208,0.63346595,0.89606524
afrixnli_yor_209,0.7635237,0.08207443
afrixnli_yor_21,0.68292916,0.9383759
afrixnli_yor_210,0.6947077,0.9477968
afrixnli_yor_211,0.69565564,-0.40068328
afrixnli_yor_212,0.7467643,1.4440738
afrixnli_yor_213,0.7602274,-0.39185357
afrixnli_yor_214,0.7635237,0.08207443
afrixnli_yor_215,0.7479983,0.5339449
afrixnli_yor_216,0.7479983,0.5339449
afrixnli_yor_217,0.7611757,-0.39170244
afrixnli_yor_218,0.80420583,-0.8923034
afrixnli_yor_219,0.63346595,0.89606524
afrixnli_yor_22,0.80420583,-0.8923034
afrixnli_yor_220,0.7635237,0.08207443
afrixnli_yor_221,0.68292916,0.9383759
afrixnli_yor_222,0.7611757,-0.39170244
afrixnli_yor_223,0.7602274,-0.39185357
afrixnli_yor_224,0.69565564,-0.40068328
afrixnli_yor_225,0.7611757,-0.39170244
afrixnli_yor_226,0.7635237,0.08207443
afrixnli_yor_227,0.70651853,-0.39941782
afrixnli_yor_228,0.7635237,0.08207443
afrixnli_yor_229,0.7611757,-0.39170244
afrixnli_yor_23,0.7611757,-0.39170244
afrixnli_yor_230,0.80420583,-0.8923034
afrixnli_yor_231,0.73473793,0.5267357
afrixnli_yor_232,0.80420583,-0.8923034
afrixnli_yor_233,0.7608128,0.996307
afrixnli_yor_234,0.63346595,0.89606524
afrixnli_yor_235,0.61893564,0.45720002
afrixnli_yor_236,0.7479983,0.5339449
afrixnli_yor_237,0.7479983,0.5339449
afrixnli_yor_238,0.7611757,-0.39170244
afrixnli_yor_239,0.80420583,-0.8923034
afrixnli_yor_24,0.61893564,0.45720002
afrixnli_yor_240,0.7479983,0.5339449
afrixnli_yor_241,0.7467643,1.4440738
afrixnli_yor_242,0.69565564,-0.40068328
afrixnli_yor_243,0.69457096,0.056582592
afrixnli_yor_244,0.70651853,-0.39941782
afrixnli_yor_245,0.7635237,0.08207443
afrixnli_yor_246,0.7602274,-0.39185357
afrixnli_yor_247,0.80420583,-0.8923034
afrixnli_yor_248,0.80420583,-0.8923034
afrixnli_yor_249,0.7611757,-0.39170244
afrixnli_yor_25,0.69565564,-0.40068328
afrixnli_yor_250,0.7602274,-0.39185357
afrixnli_yor_251,0.73473793,0.5267357
afrixnli_yor_252,0.80420583,-0.8923034
afrixnli_yor_253,0.62822515,0.46321607
afrixnli_yor_254,0.7602274,-0.39185357
afrixnli_yor_255,0.7635237,0.08207443
afrixnli_yor_256,0.80420583,-0.8923034
afrixnli_yor_257,0.80420583,-0.8923034
afrixnli_yor_258,0.80420583,-0.8923034
afrixnli_yor_259,0.80420583,-0.8923034
afrixnli_yor_26,0.7059342,0.06079441
afrixnli_yor_260,0.7611757,-0.39170244
afrixnli_yor_261,0.7611757,-0.39170244
afrixnli_yor_262,0.70651853,-0.39941782
afrixnli_yor_263,0.70679575,0.06111377
afrixnli_yor_264,0.69540447,0.056891445
afrixnli_yor_265,0.80420583,-0.8923034
afrixnli_yor_266,0.7479983,0.5339449
afrixnli_yor_267,0.68292916,0.9383759
afrixnli_yor_268,0.80420583,-0.8923034
afrixnli_yor_269,0.7635237,0.08207443
afrixnli_yor_27,0.7611757,-0.39170244
afrixnli_yor_270,0.69565564,-0.40068328
afrixnli_yor_271,0.70679575,0.06111377
afrixnli_yor_272,0.80420583,-0.8923034
afrixnli_yor_273,0.70651853,-0.39941782
afrixnli_yor_274,0.7467643,1.4440738
afrixnli_yor_275,0.7467643,1.4440738
afrixnli_yor_276,0.64743423,0.03917148
afrixnli_yor_277,0.69565564,-0.40068328
afrixnli_yor_278,0.7635237,0.08207443
afrixnli_yor_279,0.70651853,-0.39941782
afrixnli_yor_28,0.80420583,-0.8923034
afrixnli_yor_280,0.80420583,-0.8923034
afrixnli_yor_281,0.80420583,-0.8923034
afrixnli_yor_282,0.80420583,-0.8923034
afrixnli_yor_283,0.7611757,-0.39170244
afrixnli_yor_284,0.7602274,-0.39185357
afrixnli_yor_285,0.7611757,-0.39170244
afrixnli_yor_286,0.80420583,-0.8923034
afrixnli_yor_287,0.80420583,-0.8923034
afrixnli_yor_288,0.80420583,-0.8923034
afrixnli_yor_289,0.80420583,-0.8923034
afrixnli_yor_29,0.80420583,-0.8923034
afrixnli_yor_290,0.70651853,-0.39941782
afrixnli_yor_291,0.70679575,0.06111377
afrixnli_yor_292,0.7635237,0.08207443
afrixnli_yor_293,0.7602274,-0.39185357
afrixnli_yor_294,0.7479983,0.5339449
afrixnli_yor_295,0.69457096,0.056582592
afrixnli_yor_296,0.63346595,0.89606524
afrixnli_yor_297,0.7059342,0.06079441
afrixnli_yor_298,0.7467643,1.4440738
afrixnli_yor_299,0.6947077,0.9477968
afrixnli_yor_3,0.7602274,-0.39185357
afrixnli_yor_30,0.69565564,-0.40068328
afrixnli_yor_300,0.7635237,0.08207443
afrixnli_yor_301,0.59398746,0.019788202
afrixnli_yor_302,0.69565564,-0.40068328
afrixnli_yor_303,0.80420583,-0.8923034
afrixnli_yor_304,0.6800837,0.49539727
afrixnli_yor_305,0.7467643,1.4440738
afrixnli_yor_306,0.61893564,0.45720002
afrixnli_yor_307,0.69565564,-0.40068328
afrixnli_yor_308,0.7479983,0.5339449
afrixnli_yor_309,0.80420583,-0.8923034
afrixnli_yor_31,0.7608128,0.996307
afrixnli_yor_310,0.7479983,0.5339449
afrixnli_yor_311,0.73473793,0.5267357
afrixnli_yor_312,0.80420583,-0.8923034
afrixnli_yor_313,0.7479983,0.5339449
afrixnli_yor_314,0.67925465,0.49490166
afrixnli_yor_315,0.7479983,0.5339449
afrixnli_yor_316,0.7611757,-0.39170244
afrixnli_yor_317,0.80420583,-0.8923034
afrixnli_yor_318,0.70651853,-0.39941782
afrixnli_yor_319,0.63346595,0.89606524
afrixnli_yor_32,0.7602274,-0.39185357
afrixnli_yor_320,0.80420583,-0.8923034
afrixnli_yor_321,0.7611757,-0.39170244
afrixnli_yor_322,0.7602274,-0.39185357
afrixnli_yor_323,0.7602274,-0.39185357
afrixnli_yor_324,0.7602274,-0.39185357
afrixnli_yor_325,0.80420583,-0.8923034
afrixnli_yor_326,0.62822515,0.46321607
afrixnli_yor_327,0.63346595,0.89606524
afrixnli_yor_328,0.7635237,0.08207443
afrixnli_yor_329,0.69565564,-0.40068328
afrixnli_yor_33,0.59398746,0.019788202
afrixnli_yor_330,0.7467643,1.4440738
afrixnli_yor_331,0.6800837,0.49539727
afrixnli_yor_332,0.7602274,-0.39185357
afrixnli_yor_333,0.62752295,0.46276397
afrixnli_yor_334,0.80420583,-0.8923034
afrixnli_yor_335,0.80420583,-0.8923034
afrixnli_yor_336,0.7059342,0.06079441
afrixnli_yor_337,0.59398746,0.019788202
afrixnli_yor_338,0.57967764,0.43094468
afrixnli_yor_339,0.7602274,-0.39185357
afrixnli_yor_34,0.80420583,-0.8923034
afrixnli_yor_340,0.7602274,-0.39185357
afrixnli_yor_341,0.7608128,0.996307
afrixnli_yor_342,0.7611757,-0.39170244
afrixnli_yor_343,0.6947077,0.9477968
afrixnli_yor_344,0.7608128,0.996307
afrixnli_yor_345,0.69540447,0.056891445
afrixnli_yor_346,0.7602274,-0.39185357
afrixnli_yor_347,0.69565564,-0.40068328
afrixnli_yor_348,0.80420583,-0.8923034
afrixnli_yor_349,0.7602274,-0.39185357
afrixnli_yor_35,0.7467643,1.4440738
afrixnli_yor_350,0.7602274,-0.39185357
afrixnli_yor_351,0.7479983,0.5339449
afrixnli_yor_352,0.61893564,0.45720002
afrixnli_yor_353,0.80420583,-0.8923034
afrixnli_yor_354,0.7635237,0.08207443
afrixnli_yor_355,0.59398746,0.019788202
afrixnli_yor_356,0.70651853,-0.39941782
afrixnli_yor_357,0.7611757,-0.39170244
afrixnli_yor_358,0.80420583,-0.8923034
afrixnli_yor_359,0.73473793,0.5267357
afrixnli_yor_36,0.80420583,-0.8923034
afrixnli_yor_360,0.7611757,-0.39170244
afrixnli_yor_361,0.64743423,0.03917148
afrixnli_yor_362,0.6947077,0.9477968
afrixnli_yor_363,0.7602274,-0.39185357
afrixnli_yor_364,0.80420583,-0.8923034
afrixnli_yor_365,0.7059342,0.06079441
afrixnli_yor_366,0.7635237,0.08207443
afrixnli_yor_367,0.69565564,-0.40068328
afrixnli_yor_368,0.80420583,-0.8923034
afrixnli_yor_369,0.62822515,0.46321607
afrixnli_yor_37,0.7479983,0.5339449
afrixnli_yor_370,0.69457096,0.056582592
afrixnli_yor_371,0.69457096,0.056582592
afrixnli_yor_372,0.73473793,0.5267357
afrixnli_yor_373,0.7479983,0.5339449
afrixnli_yor_374,0.68292916,0.9383759
afrixnli_yor_375,0.80420583,-0.8923034
afrixnli_yor_376,0.59398746,0.019788202
afrixnli_yor_377,0.62822515,0.46321607
afrixnli_yor_378,0.7635237,0.08207443
afrixnli_yor_379,0.80420583,-0.8923034
afrixnli_yor_38,0.7608128,0.996307
afrixnli_yor_380,0.67925465,0.49490166
afrixnli_yor_381,0.80420583,-0.8923034
afrixnli_yor_382,0.80420583,-0.8923034
afrixnli_yor_383,0.70679575,0.06111377
afrixnli_yor_384,0.70679575,0.06111377
afrixnli_yor_385,0.59398746,0.019788202
afrixnli_yor_386,0.7602274,-0.39185357
afrixnli_yor_387,0.80420583,-0.8923034
afrixnli_yor_388,0.7602274,-0.39185357
afrixnli_yor_389,0.80420583,-0.8923034
afrixnli_yor_39,0.73473793,0.5267357
afrixnli_yor_390,0.7479983,0.5339449
afrixnli_yor_391,0.62752295,0.46276397
afrixnli_yor_392,0.7635237,0.08207443
afrixnli_yor_393,0.63346595,0.89606524
afrixnli_yor_394,0.73473793,0.5267357
afrixnli_yor_395,0.7611757,-0.39170244
afrixnli_yor_396,0.7467643,1.4440738
afrixnli_yor_397,0.63346595,0.89606524
afrixnli_yor_398,0.7479983,0.5339449
afrixnli_yor_399,0.80420583,-0.8923034
afrixnli_yor_4,0.7611757,-0.39170244
afrixnli_yor_40,0.7479983,0.5339449
afrixnli_yor_400,0.63420725,0.89673305
afrixnli_yor_401,0.7611757,-0.39170244
afrixnli_yor_402,0.80420583,-0.8923034
afrixnli_yor_403,0.80420583,-0.8923034
afrixnli_yor_404,0.7635237,0.08207443
afrixnli_yor_405,0.80420583,-0.8923034
afrixnli_yor_406,0.7635237,0.08207443
afrixnli_yor_407,0.80420583,-0.8923034
afrixnli_yor_408,0.7479983,0.5339449
afrixnli_yor_409,0.59398746,0.019788202
afrixnli_yor_41,0.80420583,-0.8923034
afrixnli_yor_410,0.80420583,-0.8923034
afrixnli_yor_411,0.70679575,0.06111377
afrixnli_yor_412,0.7608128,0.996307
afrixnli_yor_413,0.7635237,0.08207443
afrixnli_yor_414,0.7635237,0.08207443
afrixnli_yor_415,0.57967764,0.43094468
afrixnli_yor_416,0.7608128,0.996307
afrixnli_yor_417,0.7611757,-0.39170244
afrixnli_yor_418,0.7635237,0.08207443
afrixnli_yor_419,0.80420583,-0.8923034
afrixnli_yor_42,0.7611757,-0.39170244
afrixnli_yor_420,0.7479983,0.5339449
afrixnli_yor_421,0.59398746,0.019788202
afrixnli_yor_422,0.80420583,-0.8923034
afrixnli_yor_423,0.7467643,1.4440738
afrixnli_yor_424,0.80420583,-0.8923034
afrixnli_yor_425,0.70679575,0.06111377
afrixnli_yor_426,0.80420583,-0.8923034
afrixnli_yor_427,0.80420583,-0.8923034
afrixnli_yor_428,0.6947077,0.9477968
afrixnli_yor_429,0.7635237,0.08207443
afrixnli_yor_43,0.80420583,-0.8923034
afrixnli_yor_430,0.63420725,0.89673305
afrixnli_yor_431,0.7467643,1.4440738
afrixnli_yor_432,0.7059342,0.06079441
afrixnli_yor_433,0.70651853,-0.39941782
afrixnli_yor_434,0.69457096,0.056582592
afrixnli_yor_435,0.70651853,-0.39941782
afrixnli_yor_436,0.80420583,-0.8923034
afrixnli_yor_437,0.7611757,-0.39170244
afrixnli_yor_438,0.7635237,0.08207443
afrixnli_yor_439,0.69457096,0.056582592
afrixnli_yor_44,0.63346595,0.89606524
afrixnli_yor_440,0.64743423,0.03917148
afrixnli_yor_441,0.7635237,0.08207443
afrixnli_yor_442,0.59398746,0.019788202
afrixnli_yor_443,0.7602274,-0.39185357
afrixnli_yor_444,0.69565564,-0.40068328
afrixnli_yor_445,0.57967764,0.43094468
afrixnli_yor_446,0.80420583,-0.8923034
afrixnli_yor_447,0.57967764,0.43094468
afrixnli_yor_448,0.7635237,0.08207443
afrixnli_yor_449,0.57967764,0.43094468
afrixnli_yor_45,0.7635237,0.08207443
afrixnli_yor_450,0.7635237,0.08207443
afrixnli_yor_451,0.7479983,0.5339449
afrixnli_yor_452,0.80420583,-0.8923034
afrixnli_yor_453,0.7479983,0.5339449
afrixnli_yor_454,0.80420583,-0.8923034
afrixnli_yor_455,0.59398746,0.019788202
afrixnli_yor_456,0.7602274,-0.39185357
afrixnli_yor_457,0.80420583,-0.8923034
afrixnli_yor_458,0.7635237,0.08207443
afrixnli_yor_459,0.6182554,0.45675644
afrixnli_yor_46,0.7602274,-0.39185357
afrixnli_yor_460,0.6947077,0.9477968
afrixnli_yor_461,0.63346595,0.89606524
afrixnli_yor_462,0.69565564,-0.40068328
afrixnli_yor_463,0.63346595,0.89606524
afrixnli_yor_464,0.7479983,0.5339449
afrixnli_yor_465,0.7635237,0.08207443
afrixnli_yor_466,0.80420583,-0.8923034
afrixnli_yor_467,0.7479983,0.5339449
afrixnli_yor_468,0.7635237,0.08207443
afrixnli_yor_469,0.69565564,-0.40068328
afrixnli_yor_47,0.7611757,-0.39170244
afrixnli_yor_470,0.69565564,-0.40068328
afrixnli_yor_471,0.80420583,-0.8923034
afrixnli_yor_472,0.6947077,0.9477968
afrixnli_yor_473,0.69565564,-0.40068328
afrixnli_yor_474,0.70651853,-0.39941782
afrixnli_yor_475,0.7479983,0.5339449
afrixnli_yor_476,0.80420583,-0.8923034
afrixnli_yor_477,0.7611757,-0.39170244
afrixnli_yor_478,0.7059342,0.06079441
afrixnli_yor_479,0.7611757,-0.39170244
afrixnli_yor_48,0.6182554,0.45675644
afrixnli_yor_480,0.7479983,0.5339449
afrixnli_yor_481,0.7602274,-0.39185357
afrixnli_yor_482,0.80420583,-0.8923034
afrixnli_yor_483,0.7467643,1.4440738
afrixnli_yor_484,0.69457096,0.056582592
afrixnli_yor_485,0.7479983,0.5339449
afrixnli_yor_486,0.80420583,-0.8923034
afrixnli_yor_487,0.7467643,1.4440738
afrixnli_yor_488,0.63346595,0.89606524
afrixnli_yor_489,0.7611757,-0.39170244
afrixnli_yor_49,0.57967764,0.43094468
afrixnli_yor_490,0.6800837,0.49539727
afrixnli_yor_491,0.7479983,0.5339449
afrixnli_yor_492,0.70679575,0.06111377
afrixnli_yor_493,0.7467643,1.4440738
afrixnli_yor_494,0.7467643,1.4440738
afrixnli_yor_495,0.7467643,1.4440738
afrixnli_yor_496,0.7611757,-0.39170244
afrixnli_yor_497,0.7602274,-0.39185357
afrixnli_yor_498,0.7635237,0.08207443
afrixnli_yor_499,0.69457096,0.056582592
afrixnli_yor_5,0.80420583,-0.8923034
afrixnli_yor_50,0.70679575,0.06111377
afrixnli_yor_500,0.7635237,0.08207443
afrixnli_yor_501,0.63420725,0.89673305
afrixnli_yor_502,0.59398746,0.019788202
afrixnli_yor_503,0.70679575,0.06111377
afrixnli_yor_504,0.70651853,-0.39941782
afrixnli_yor_505,0.80420583,-0.8923034
afrixnli_yor_506,0.7479983,0.5339449
afrixnli_yor_507,0.7635237,0.08207443
afrixnli_yor_508,0.80420583,-0.8923034
afrixnli_yor_509,0.7467643,1.4440738
afrixnli_yor_51,0.70679575,0.06111377
afrixnli_yor_510,0.7479983,0.5339449
afrixnli_yor_511,0.63420725,0.89673305
afrixnli_yor_512,0.69540447,0.056891445
afrixnli_yor_513,0.7479983,0.5339449
afrixnli_yor_514,0.7611757,-0.39170244
afrixnli_yor_515,0.69457096,0.056582592
afrixnli_yor_516,0.7611757,-0.39170244
afrixnli_yor_517,0.69457096,0.056582592
afrixnli_yor_518,0.7635237,0.08207443
afrixnli_yor_519,0.69540447,0.056891445
afrixnli_yor_52,0.73473793,0.5267357
afrixnli_yor_520,0.7635237,0.08207443
afrixnli_yor_521,0.7479983,0.5339449
afrixnli_yor_522,0.7059342,0.06079441
afrixnli_yor_523,0.67925465,0.49490166
afrixnli_yor_524,0.7608128,0.996307
afrixnli_yor_525,0.7602274,-0.39185357
afrixnli_yor_526,0.7611757,-0.39170244
afrixnli_yor_527,0.7602274,-0.39185357
afrixnli_yor_528,0.70679575,0.06111377
afrixnli_yor_529,0.80420583,-0.8923034
afrixnli_yor_53,0.73473793,0.5267357
afrixnli_yor_530,0.7611757,-0.39170244
afrixnli_yor_531,0.70679575,0.06111377
afrixnli_yor_532,0.7608128,0.996307
afrixnli_yor_533,0.6182554,0.45675644
afrixnli_yor_534,0.61893564,0.45720002
afrixnli_yor_535,0.7467643,1.4440738
afrixnli_yor_536,0.7602274,-0.39185357
afrixnli_yor_537,0.67925465,0.49490166
afrixnli_yor_538,0.7611757,-0.39170244
afrixnli_yor_539,0.7467643,1.4440738
afrixnli_yor_54,0.80420583,-0.8923034
afrixnli_yor_540,0.6947077,0.9477968
afrixnli_yor_541,0.80420583,-0.8923034
afrixnli_yor_542,0.6800837,0.49539727
afrixnli_yor_543,0.7467643,1.4440738
afrixnli_yor_544,0.7611757,-0.39170244
afrixnli_yor_545,0.73473793,0.5267357
afrixnli_yor_546,0.7635237,0.08207443
afrixnli_yor_547,0.69565564,-0.40068328
afrixnli_yor_548,0.70679575,0.06111377
afrixnli_yor_549,0.7611757,-0.39170244
afrixnli_yor_55,0.80420583,-0.8923034
afrixnli_yor_550,0.61893564,0.45720002
afrixnli_yor_551,0.7602274,-0.39185357
afrixnli_yor_552,0.63346595,0.89606524
afrixnli_yor_553,0.7059342,0.06079441
afrixnli_yor_554,0.7611757,-0.39170244
afrixnli_yor_555,0.80420583,-0.8923034
afrixnli_yor_556,0.7611757,-0.39170244
afrixnli_yor_557,0.7479983,0.5339449
afrixnli_yor_558,0.7635237,0.08207443
afrixnli_yor_559,0.69457096,0.056582592
afrixnli_yor_56,0.80420583,-0.8923034
afrixnli_yor_560,0.69540447,0.056891445
afrixnli_yor_561,0.7059342,0.06079441
afrixnli_yor_562,0.6800837,0.49539727
afrixnli_yor_563,0.7611757,-0.39170244
afrixnli_yor_564,0.7635237,0.08207443
afrixnli_yor_565,0.7479983,0.5339449
afrixnli_yor_566,0.69540447,0.056891445
afrixnli_yor_567,0.7479983,0.5339449
afrixnli_yor_568,0.69540447,0.056891445
afrixnli_yor_569,0.80420583,-0.8923034
afrixnli_yor_57,0.70679575,0.06111377
afrixnli_yor_570,0.7467643,1.4440738
afrixnli_yor_571,0.64743423,0.03917148
afrixnli_yor_572,0.7635237,0.08207443
afrixnli_yor_573,0.6743284,0.49194366
afrixnli_yor_574,0.7608128,0.996307
afrixnli_yor_575,0.73473793,0.5267357
afrixnli_yor_576,0.63420725,0.89673305
afrixnli_yor_577,0.7467643,1.4440738
afrixnli_yor_578,0.7602274,-0.39185357
afrixnli_yor_579,0.69565564,-0.40068328
afrixnli_yor_58,0.7467643,1.4440738
afrixnli_yor_580,0.7467643,1.4440738
afrixnli_yor_581,0.6743284,0.49194366
afrixnli_yor_582,0.7635237,0.08207443
afrixnli_yor_583,0.63346595,0.89606524
afrixnli_yor_584,0.57967764,0.43094468
afrixnli_yor_585,0.7467643,1.4440738
afrixnli_yor_586,0.59398746,0.019788202
afrixnli_yor_587,0.7479983,0.5339449
afrixnli_yor_588,0.64743423,0.03917148
afrixnli_yor_589,0.7602274,-0.39185357
afrixnli_yor_59,0.68292916,0.9383759
afrixnli_yor_590,0.7467643,1.4440738
afrixnli_yor_591,0.69565564,-0.40068328
afrixnli_yor_592,0.64546615,-0.40515158
afrixnli_yor_593,0.68292916,0.9383759
afrixnli_yor_594,0.63346595,0.89606524
afrixnli_yor_595,0.7611757,-0.39170244
afrixnli_yor_596,0.7467643,1.4440738
afrixnli_yor_597,0.7611757,-0.39170244
afrixnli_yor_598,0.7479983,0.5339449
afrixnli_yor_599,0.6182554,0.45675644
afrixnli_yor_6,0.73473793,0.5267357
afrixnli_yor_60,0.6743284,0.49194366
afrixnli_yor_61,0.7611757,-0.39170244
afrixnli_yor_62,0.80420583,-0.8923034
afrixnli_yor_63,0.7635237,0.08207443
afrixnli_yor_64,0.57967764,0.43094468
afrixnli_yor_65,0.7608128,0.996307
afrixnli_yor_66,0.7602274,-0.39185357
afrixnli_yor_67,0.57967764,0.43094468
afrixnli_yor_68,0.61893564,0.45720002
afrixnli_yor_69,0.7479983,0.5339449
afrixnli_yor_7,0.69457096,0.056582592
afrixnli_yor_70,0.80420583,-0.8923034
afrixnli_yor_71,0.80420583,-0.8923034
afrixnli_yor_72,0.7479983,0.5339449
afrixnli_yor_73,0.7635237,0.08207443
afrixnli_yor_74,0.69540447,0.056891445
afrixnli_yor_75,0.7602274,-0.39185357
afrixnli_yor_76,0.6947077,0.9477968
afrixnli_yor_77,0.69565564,-0.40068328
afrixnli_yor_78,0.73473793,0.5267357
afrixnli_yor_79,0.7059342,0.06079441
afrixnli_yor_8,0.7479983,0.5339449
afrixnli_yor_80,0.7608128,0.996307
afrixnli_yor_81,0.7059342,0.06079441
afrixnli_yor_82,0.70679575,0.06111377
afrixnli_yor_83,0.7611757,-0.39170244
afrixnli_yor_84,0.69540447,0.056891445
afrixnli_yor_85,0.7635237,0.08207443
afrixnli_yor_86,0.7608128,0.996307
afrixnli_yor_87,0.80420583,-0.8923034
afrixnli_yor_88,0.80420583,-0.8923034
afrixnli_yor_89,0.6947077,0.9477968
afrixnli_yor_9,0.7635237,0.08207443
afrixnli_yor_90,0.7602274,-0.39185357
afrixnli_yor_91,0.7611757,-0.39170244
afrixnli_yor_92,0.73473793,0.5267357
afrixnli_yor_93,0.59398746,0.019788202
afrixnli_yor_94,0.80420583,-0.8923034
afrixnli_yor_95,0.7479983,0.5339449
afrixnli_yor_96,0.7479983,0.5339449
afrixnli_yor_97,0.80420583,-0.8923034
afrixnli_yor_98,0.80420583,-0.8923034
afrixnli_yor_99,0.7467643,1.4440738
afrixnli_zul_0,0.80420583,-0.8923034
afrixnli_zul_1,0.57967764,0.43094468
afrixnli_zul_10,0.7602274,-0.39185357
afrixnli_zul_100,0.7467643,1.4440738
afrixnli_zul_101,0.73473793,0.5267357
afrixnli_zul_102,0.7608128,0.996307
afrixnli_zul_103,0.7635237,0.08207443
afrixnli_zul_104,0.7479983,0.5339449
afrixnli_zul_105,0.7602274,-0.39185357
afrixnli_zul_106,0.7635237,0.08207443
afrixnli_zul_107,0.59398746,0.019788202
afrixnli_zul_108,0.6800837,0.49539727
afrixnli_zul_109,0.57967764,0.43094468
afrixnli_zul_11,0.73473793,0.5267357
afrixnli_zul_110,0.7635237,0.08207443
afrixnli_zul_111,0.6800837,0.49539727
afrixnli_zul_112,0.7479983,0.5339449
afrixnli_zul_113,0.80420583,-0.8923034
afrixnli_zul_114,0.7059342,0.06079441
afrixnli_zul_115,0.62822515,0.46321607
afrixnli_zul_116,0.80420583,-0.8923034
afrixnli_zul_117,0.59398746,0.019788202
afrixnli_zul_118,0.7635237,0.08207443
afrixnli_zul_119,0.7608128,0.996307
afrixnli_zul_12,0.7479983,0.5339449
afrixnli_zul_120,0.61893564,0.45720002
afrixnli_zul_121,0.70651853,-0.39941782
afrixnli_zul_122,0.7479983,0.5339449
afrixnli_zul_123,0.7602274,-0.39185357
afrixnli_zul_124,0.7635237,0.08207443
afrixnli_zul_125,0.61893564,0.45720002
afrixnli_zul_126,0.7611757,-0.39170244
afrixnli_zul_127,0.7602274,-0.39185357
afrixnli_zul_128,0.80420583,-0.8923034
afrixnli_zul_129,0.7467643,1.4440738
afrixnli_zul_13,0.80420583,-0.8923034
afrixnli_zul_130,0.7059342,0.06079441
afrixnli_zul_131,0.69565564,-0.40068328
afrixnli_zul_132,0.59398746,0.019788202
afrixnli_zul_133,0.7635237,0.08207443
afrixnli_zul_134,0.7611757,-0.39170244
afrixnli_zul_135,0.69565564,-0.40068328
afrixnli_zul_136,0.80420583,-0.8923034
afrixnli_zul_137,0.7611757,-0.39170244
afrixnli_zul_138,0.70679575,0.06111377
afrixnli_zul_139,0.73473793,0.5267357
afrixnli_zul_14,0.7635237,0.08207443
afrixnli_zul_140,0.7479983,0.5339449
afrixnli_zul_141,0.7635237,0.08207443
afrixnli_zul_142,0.7467643,1.4440738
afrixnli_zul_143,0.80420583,-0.8923034
afrixnli_zul_144,0.67925465,0.49490166
afrixnli_zul_145,0.61893564,0.45720002
afrixnli_zul_146,0.7635237,0.08207443
afrixnli_zul_147,0.59398746,0.019788202
afrixnli_zul_148,0.7611757,-0.39170244
afrixnli_zul_149,0.73473793,0.5267357
afrixnli_zul_15,0.7611757,-0.39170244
afrixnli_zul_150,0.80420583,-0.8923034
afrixnli_zul_151,0.80420583,-0.8923034
afrixnli_zul_152,0.7479983,0.5339449
afrixnli_zul_153,0.69565564,-0.40068328
afrixnli_zul_154,0.7479983,0.5339449
afrixnli_zul_155,0.7479983,0.5339449
afrixnli_zul_156,0.7479983,0.5339449
afrixnli_zul_157,0.7602274,-0.39185357
afrixnli_zul_158,0.59398746,0.019788202
afrixnli_zul_159,0.64743423,0.03917148
afrixnli_zul_16,0.7059342,0.06079441
afrixnli_zul_160,0.80420583,-0.8923034
afrixnli_zul_161,0.7635237,0.08207443
afrixnli_zul_162,0.80420583,-0.8923034
afrixnli_zul_163,0.7479983,0.5339449
afrixnli_zul_164,0.80420583,-0.8923034
afrixnli_zul_165,0.80420583,-0.8923034
afrixnli_zul_166,0.80420583,-0.8923034
afrixnli_zul_167,0.7059342,0.06079441
afrixnli_zul_168,0.80420583,-0.8923034
afrixnli_zul_169,0.7635237,0.08207443
afrixnli_zul_17,0.59398746,0.019788202
afrixnli_zul_170,0.80420583,-0.8923034
afrixnli_zul_171,0.67925465,0.49490166
afrixnli_zul_172,0.70679575,0.06111377
afrixnli_zul_173,0.63346595,0.89606524
afrixnli_zul_174,0.80420583,-0.8923034
afrixnli_zul_175,0.6743284,0.49194366
afrixnli_zul_176,0.7602274,-0.39185357
afrixnli_zul_177,0.6424385,0.037338115
afrixnli_zul_178,0.7479983,0.5339449
afrixnli_zul_179,0.7611757,-0.39170244
afrixnli_zul_18,0.7602274,-0.39185357
afrixnli_zul_180,0.59398746,0.019788202
afrixnli_zul_181,0.6021625,0.022713147
afrixnli_zul_182,0.7608128,0.996307
afrixnli_zul_183,0.80420583,-0.8923034
afrixnli_zul_184,0.59398746,0.019788202
afrixnli_zul_185,0.7479983,0.5339449
afrixnli_zul_186,0.6800837,0.49539727
afrixnli_zul_187,0.70651853,-0.39941782
afrixnli_zul_188,0.68292916,0.9383759
afrixnli_zul_189,0.69565564,-0.40068328
afrixnli_zul_19,0.80420583,-0.8923034
afrixnli_zul_190,0.7602274,-0.39185357
afrixnli_zul_191,0.70651853,-0.39941782
afrixnli_zul_192,0.59398746,0.019788202
afrixnli_zul_193,0.7635237,0.08207443
afrixnli_zul_194,0.7635237,0.08207443
afrixnli_zul_195,0.7602274,-0.39185357
afrixnli_zul_196,0.7479983,0.5339449
afrixnli_zul_197,0.69540447,0.056891445
afrixnli_zul_198,0.7635237,0.08207443
afrixnli_zul_199,0.7059342,0.06079441
afrixnli_zul_2,0.7602274,-0.39185357
afrixnli_zul_20,0.7479983,0.5339449
afrixnli_zul_200,0.7608128,0.996307
afrixnli_zul_201,0.7467643,1.4440738
afrixnli_zul_202,0.64743423,0.03917148
afrixnli_zul_203,0.7635237,0.08207443
afrixnli_zul_204,0.69565564,-0.40068328
afrixnli_zul_205,0.7602274,-0.39185357
afrixnli_zul_206,0.7479983,0.5339449
afrixnli_zul_207,0.61893564,0.45720002
afrixnli_zul_208,0.7467643,1.4440738
afrixnli_zul_209,0.7479983,0.5339449
afrixnli_zul_21,0.61893564,0.45720002
afrixnli_zul_210,0.6947077,0.9477968
afrixnli_zul_211,0.57967764,0.43094468
afrixnli_zul_212,0.63346595,0.89606524
afrixnli_zul_213,0.73473793,0.5267357
afrixnli_zul_214,0.57967764,0.43094468
afrixnli_zul_215,0.7479983,0.5339449
afrixnli_zul_216,0.7635237,0.08207443
afrixnli_zul_217,0.7479983,0.5339449
afrixnli_zul_218,0.80420583,-0.8923034
afrixnli_zul_219,0.69540447,0.056891445
afrixnli_zul_22,0.7602274,-0.39185357
afrixnli_zul_220,0.70679575,0.06111377
afrixnli_zul_221,0.67925465,0.49490166
afrixnli_zul_222,0.7479983,0.5339449
afrixnli_zul_223,0.7635237,0.08207443
afrixnli_zul_224,0.70651853,-0.39941782
afrixnli_zul_225,0.69565564,-0.40068328
afrixnli_zul_226,0.7635237,0.08207443
afrixnli_zul_227,0.70679575,0.06111377
afrixnli_zul_228,0.80420583,-0.8923034
afrixnli_zul_229,0.7602274,-0.39185357
afrixnli_zul_23,0.73473793,0.5267357
afrixnli_zul_230,0.80420583,-0.8923034
afrixnli_zul_231,0.69565564,-0.40068328
afrixnli_zul_232,0.7602274,-0.39185357
afrixnli_zul_233,0.7467643,1.4440738
afrixnli_zul_234,0.7635237,0.08207443
afrixnli_zul_235,0.7635237,0.08207443
afrixnli_zul_236,0.6743284,0.49194366
afrixnli_zul_237,0.7479983,0.5339449
afrixnli_zul_238,0.7608128,0.996307
afrixnli_zul_239,0.61893564,0.45720002
afrixnli_zul_24,0.80420583,-0.8923034
afrixnli_zul_240,0.7611757,-0.39170244
afrixnli_zul_241,0.63420725,0.89673305
afrixnli_zul_242,0.7635237,0.08207443
afrixnli_zul_243,0.69565564,-0.40068328
afrixnli_zul_244,0.80420583,-0.8923034
afrixnli_zul_245,0.7635237,0.08207443
afrixnli_zul_246,0.80420583,-0.8923034
afrixnli_zul_247,0.80420583,-0.8923034
afrixnli_zul_248,0.7635237,0.08207443
afrixnli_zul_249,0.70651853,-0.39941782
afrixnli_zul_25,0.6182554,0.45675644
afrixnli_zul_250,0.69565564,-0.40068328
afrixnli_zul_251,0.7608128,0.996307
afrixnli_zul_252,0.69457096,0.056582592
afrixnli_zul_253,0.7611757,-0.39170244
afrixnli_zul_254,0.7059342,0.06079441
afrixnli_zul_255,0.80420583,-0.8923034
afrixnli_zul_256,0.61893564,0.45720002
afrixnli_zul_257,0.7602274,-0.39185357
afrixnli_zul_258,0.80420583,-0.8923034
afrixnli_zul_259,0.80420583,-0.8923034
afrixnli_zul_26,0.7608128,0.996307
afrixnli_zul_260,0.7611757,-0.39170244
afrixnli_zul_261,0.80420583,-0.8923034
afrixnli_zul_262,0.73473793,0.5267357
afrixnli_zul_263,0.70651853,-0.39941782
afrixnli_zul_264,0.80420583,-0.8923034
afrixnli_zul_265,0.64743423,0.03917148
afrixnli_zul_266,0.7635237,0.08207443
afrixnli_zul_267,0.61893564,0.45720002
afrixnli_zul_268,0.70651853,-0.39941782
afrixnli_zul_269,0.7635237,0.08207443
afrixnli_zul_27,0.80420583,-0.8923034
afrixnli_zul_270,0.69565564,-0.40068328
afrixnli_zul_271,0.6947077,0.9477968
afrixnli_zul_272,0.80420583,-0.8923034
afrixnli_zul_273,0.70651853,-0.39941782
afrixnli_zul_274,0.7467643,1.4440738
afrixnli_zul_275,0.7635237,0.08207443
afrixnli_zul_276,0.67925465,0.49490166
afrixnli_zul_277,0.7602274,-0.39185357
afrixnli_zul_278,0.70679575,0.06111377
afrixnli_zul_279,0.7059342,0.06079441
afrixnli_zul_28,0.80420583,-0.8923034
afrixnli_zul_280,0.80420583,-0.8923034
afrixnli_zul_281,0.80420583,-0.8923034
afrixnli_zul_282,0.7602274,-0.39185357
afrixnli_zul_283,0.69565564,-0.40068328
afrixnli_zul_284,0.7635237,0.08207443
afrixnli_zul_285,0.6182554,0.45675644
afrixnli_zul_286,0.64314777,0.03759825
afrixnli_zul_287,0.73473793,0.5267357
afrixnli_zul_288,0.80420583,-0.8923034
afrixnli_zul_289,0.7479983,0.5339449
afrixnli_zul_29,0.80420583,-0.8923034
afrixnli_zul_290,0.80420583,-0.8923034
afrixnli_zul_291,0.7635237,0.08207443
afrixnli_zul_292,0.7608128,0.996307
afrixnli_zul_293,0.80420583,-0.8923034
afrixnli_zul_294,0.7635237,0.08207443
afrixnli_zul_295,0.7602274,-0.39185357
afrixnli_zul_296,0.80420583,-0.8923034
afrixnli_zul_297,0.80420583,-0.8923034
afrixnli_zul_298,0.63420725,0.89673305
afrixnli_zul_299,0.6947077,0.9477968
afrixnli_zul_3,0.7602274,-0.39185357
afrixnli_zul_30,0.80420583,-0.8923034
afrixnli_zul_300,0.7479983,0.5339449
afrixnli_zul_301,0.69540447,0.056891445
afrixnli_zul_302,0.80420583,-0.8923034
afrixnli_zul_303,0.70679575,0.06111377
afrixnli_zul_304,0.7635237,0.08207443
afrixnli_zul_305,0.7602274,-0.39185357
afrixnli_zul_306,0.69565564,-0.40068328
afrixnli_zul_307,0.69565564,-0.40068328
afrixnli_zul_308,0.7479983,0.5339449
afrixnli_zul_309,0.80420583,-0.8923034
afrixnli_zul_31,0.6800837,0.49539727
afrixnli_zul_310,0.7479983,0.5339449
afrixnli_zul_311,0.69540447,0.056891445
afrixnli_zul_312,0.7467643,1.4440738
afrixnli_zul_313,0.7635237,0.08207443
afrixnli_zul_314,0.59398746,0.019788202
afrixnli_zul_315,0.7059342,0.06079441
afrixnli_zul_316,0.80420583,-0.8923034
afrixnli_zul_317,0.69540447,0.056891445
afrixnli_zul_318,0.7602274,-0.39185357
afrixnli_zul_319,0.57967764,0.43094468
afrixnli_zul_32,0.7602274,-0.39185357
afrixnli_zul_320,0.7467643,1.4440738
afrixnli_zul_321,0.7611757,-0.39170244
afrixnli_zul_322,0.64743423,0.03917148
afrixnli_zul_323,0.7608128,0.996307
afrixnli_zul_324,0.7602274,-0.39185357
afrixnli_zul_325,0.7608128,0.996307
afrixnli_zul_326,0.7611757,-0.39170244
afrixnli_zul_327,0.80420583,-0.8923034
afrixnli_zul_328,0.7635237,0.08207443
afrixnli_zul_329,0.59398746,0.019788202
afrixnli_zul_33,0.6947077,0.9477968
afrixnli_zul_330,0.7467643,1.4440738
afrixnli_zul_331,0.68292916,0.9383759
afrixnli_zul_332,0.7479983,0.5339449
afrixnli_zul_333,0.7479983,0.5339449
afrixnli_zul_334,0.80420583,-0.8923034
afrixnli_zul_335,0.69565564,-0.40068328
afrixnli_zul_336,0.7479983,0.5339449
afrixnli_zul_337,0.80420583,-0.8923034
afrixnli_zul_338,0.59398746,0.019788202
afrixnli_zul_339,0.7611757,-0.39170244
afrixnli_zul_34,0.80420583,-0.8923034
afrixnli_zul_340,0.80420583,-0.8923034
afrixnli_zul_341,0.69565564,-0.40068328
afrixnli_zul_342,0.6800837,0.49539727
afrixnli_zul_343,0.7635237,0.08207443
afrixnli_zul_344,0.69565564,-0.40068328
afrixnli_zul_345,0.80420583,-0.8923034
afrixnli_zul_346,0.7602274,-0.39185357
afrixnli_zul_347,0.59398746,0.019788202
afrixnli_zul_348,0.59398746,0.019788202
afrixnli_zul_349,0.57967764,0.43094468
afrixnli_zul_35,0.80420583,-0.8923034
afrixnli_zul_350,0.80420583,-0.8923034
afrixnli_zul_351,0.7479983,0.5339449
afrixnli_zul_352,0.69565564,-0.40068328
afrixnli_zul_353,0.70651853,-0.39941782
afrixnli_zul_354,0.7479983,0.5339449
afrixnli_zul_355,0.64743423,0.03917148
afrixnli_zul_356,0.80420583,-0.8923034
afrixnli_zul_357,0.6947077,0.9477968
afrixnli_zul_358,0.69565564,-0.40068328
afrixnli_zul_359,0.6800837,0.49539727
afrixnli_zul_36,0.57967764,0.43094468
afrixnli_zul_360,0.80420583,-0.8923034
afrixnli_zul_361,0.7635237,0.08207443
afrixnli_zul_362,0.7611757,-0.39170244
afrixnli_zul_363,0.80420583,-0.8923034
afrixnli_zul_364,0.7479983,0.5339449
afrixnli_zul_365,0.80420583,-0.8923034
afrixnli_zul_366,0.7611757,-0.39170244
afrixnli_zul_367,0.69565564,-0.40068328
afrixnli_zul_368,0.7602274,-0.39185357
afrixnli_zul_369,0.7467643,1.4440738
afrixnli_zul_37,0.7602274,-0.39185357
afrixnli_zul_370,0.80420583,-0.8923034
afrixnli_zul_371,0.7602274,-0.39185357
afrixnli_zul_372,0.7611757,-0.39170244
afrixnli_zul_373,0.7479983,0.5339449
afrixnli_zul_374,0.64743423,0.03917148
afrixnli_zul_375,0.80420583,-0.8923034
afrixnli_zul_376,0.63346595,0.89606524
afrixnli_zul_377,0.7611757,-0.39170244
afrixnli_zul_378,0.7635237,0.08207443
afrixnli_zul_379,0.80420583,-0.8923034
afrixnli_zul_38,0.6800837,0.49539727
afrixnli_zul_380,0.70651853,-0.39941782
afrixnli_zul_381,0.80420583,-0.8923034
afrixnli_zul_382,0.7611757,-0.39170244
afrixnli_zul_383,0.7635237,0.08207443
afrixnli_zul_384,0.7479983,0.5339449
afrixnli_zul_385,0.80420583,-0.8923034
afrixnli_zul_386,0.80420583,-0.8923034
afrixnli_zul_387,0.80420583,-0.8923034
afrixnli_zul_388,0.7635237,0.08207443
afrixnli_zul_389,0.7467643,1.4440738
afrixnli_zul_39,0.69565564,-0.40068328
afrixnli_zul_390,0.7059342,0.06079441
afrixnli_zul_391,0.57967764,0.43094468
afrixnli_zul_392,0.80420583,-0.8923034
afrixnli_zul_393,0.7635237,0.08207443
afrixnli_zul_394,0.80420583,-0.8923034
afrixnli_zul_395,0.7611757,-0.39170244
afrixnli_zul_396,0.7611757,-0.39170244
afrixnli_zul_397,0.80420583,-0.8923034
afrixnli_zul_398,0.7611757,-0.39170244
afrixnli_zul_399,0.80420583,-0.8923034
afrixnli_zul_4,0.80420583,-0.8923034
afrixnli_zul_40,0.7611757,-0.39170244
afrixnli_zul_400,0.61893564,0.45720002
afrixnli_zul_401,0.80420583,-0.8923034
afrixnli_zul_402,0.80420583,-0.8923034
afrixnli_zul_403,0.80420583,-0.8923034
afrixnli_zul_404,0.7602274,-0.39185357
afrixnli_zul_405,0.80420583,-0.8923034
afrixnli_zul_406,0.7059342,0.06079441
afrixnli_zul_407,0.80420583,-0.8923034
afrixnli_zul_408,0.7602274,-0.39185357
afrixnli_zul_409,0.69565564,-0.40068328
afrixnli_zul_41,0.80420583,-0.8923034
afrixnli_zul_410,0.70651853,-0.39941782
afrixnli_zul_411,0.70651853,-0.39941782
afrixnli_zul_412,0.63346595,0.89606524
afrixnli_zul_413,0.7635237,0.08207443
afrixnli_zul_414,0.7602274,-0.39185357
afrixnli_zul_415,0.63346595,0.89606524
afrixnli_zul_416,0.7635237,0.08207443
afrixnli_zul_417,0.57967764,0.43094468
afrixnli_zul_418,0.7635237,0.08207443
afrixnli_zul_419,0.69565564,-0.40068328
afrixnli_zul_42,0.80420583,-0.8923034
afrixnli_zul_420,0.70679575,0.06111377
afrixnli_zul_421,0.7608128,0.996307
afrixnli_zul_422,0.7602274,-0.39185357
afrixnli_zul_423,0.80420583,-0.8923034
afrixnli_zul_424,0.80420583,-0.8923034
afrixnli_zul_425,0.7059342,0.06079441
afrixnli_zul_426,0.6424385,0.037338115
afrixnli_zul_427,0.64546615,-0.40515158
afrixnli_zul_428,0.73473793,0.5267357
afrixnli_zul_429,0.7479983,0.5339449
afrixnli_zul_43,0.80420583,-0.8923034
afrixnli_zul_430,0.7602274,-0.39185357
afrixnli_zul_431,0.80420583,-0.8923034
afrixnli_zul_432,0.7059342,0.06079441
afrixnli_zul_433,0.7602274,-0.39185357
afrixnli_zul_434,0.80420583,-0.8923034
afrixnli_zul_435,0.7059342,0.06079441
afrixnli_zul_436,0.80420583,-0.8923034
afrixnli_zul_437,0.7635237,0.08207443
afrixnli_zul_438,0.7611757,-0.39170244
afrixnli_zul_439,0.67925465,0.49490166
afrixnli_zul_44,0.6182554,0.45675644
afrixnli_zul_440,0.69457096,0.056582592
afrixnli_zul_441,0.7635237,0.08207443
afrixnli_zul_442,0.69565564,-0.40068328
afrixnli_zul_443,0.7611757,-0.39170244
afrixnli_zul_444,0.7635237,0.08207443
afrixnli_zul_445,0.80420583,-0.8923034
afrixnli_zul_446,0.80420583,-0.8923034
afrixnli_zul_447,0.59398746,0.019788202
afrixnli_zul_448,0.7479983,0.5339449
afrixnli_zul_449,0.57967764,0.43094468
afrixnli_zul_45,0.7602274,-0.39185357
afrixnli_zul_450,0.80420583,-0.8923034
afrixnli_zul_451,0.7602274,-0.39185357
afrixnli_zul_452,0.80420583,-0.8923034
afrixnli_zul_453,0.7479983,0.5339449
afrixnli_zul_454,0.80420583,-0.8923034
afrixnli_zul_455,0.59398746,0.019788202
afrixnli_zul_456,0.80420583,-0.8923034
afrixnli_zul_457,0.80420583,-0.8923034
afrixnli_zul_458,0.7635237,0.08207443
afrixnli_zul_459,0.61893564,0.45720002
afrixnli_zul_46,0.7602274,-0.39185357
afrixnli_zul_460,0.7635237,0.08207443
afrixnli_zul_461,0.7602274,-0.39185357
afrixnli_zul_462,0.80420583,-0.8923034
afrixnli_zul_463,0.69565564,-0.40068328
afrixnli_zul_464,0.6743284,0.49194366
afrixnli_zul_465,0.7602274,-0.39185357
afrixnli_zul_466,0.80420583,-0.8923034
afrixnli_zul_467,0.7611757,-0.39170244
afrixnli_zul_468,0.7611757,-0.39170244
afrixnli_zul_469,0.57967764,0.43094468
afrixnli_zul_47,0.80420583,-0.8923034
afrixnli_zul_470,0.63346595,0.89606524
afrixnli_zul_471,0.80420583,-0.8923034
afrixnli_zul_472,0.7611757,-0.39170244
afrixnli_zul_473,0.73473793,0.5267357
afrixnli_zul_474,0.7602274,-0.39185357
afrixnli_zul_475,0.7635237,0.08207443
afrixnli_zul_476,0.80420583,-0.8923034
afrixnli_zul_477,0.80420583,-0.8923034
afrixnli_zul_478,0.7479983,0.5339449
afrixnli_zul_479,0.80420583,-0.8923034
afrixnli_zul_48,0.7467643,1.4440738
afrixnli_zul_480,0.7479983,0.5339449
afrixnli_zul_481,0.80420583,-0.8923034
afrixnli_zul_482,0.7602274,-0.39185357
afrixnli_zul_483,0.7602274,-0.39185357
afrixnli_zul_484,0.64743423,0.03917148
afrixnli_zul_485,0.7479983,0.5339449
afrixnli_zul_486,0.7611757,-0.39170244
afrixnli_zul_487,0.70679575,0.06111377
afrixnli_zul_488,0.70651853,-0.39941782
afrixnli_zul_489,0.7608128,0.996307
afrixnli_zul_49,0.73473793,0.5267357
afrixnli_zul_490,0.73473793,0.5267357
afrixnli_zul_491,0.7635237,0.08207443
afrixnli_zul_492,0.7602274,-0.39185357
afrixnli_zul_493,0.80420583,-0.8923034
afrixnli_zul_494,0.7608128,0.996307
afrixnli_zul_495,0.7608128,0.996307
afrixnli_zul_496,0.7602274,-0.39185357
afrixnli_zul_497,0.80420583,-0.8923034
afrixnli_zul_498,0.7611757,-0.39170244
afrixnli_zul_499,0.57967764,0.43094468
afrixnli_zul_5,0.7635237,0.08207443
afrixnli_zul_50,0.7611757,-0.39170244
afrixnli_zul_500,0.7467643,1.4440738
afrixnli_zul_501,0.7602274,-0.39185357
afrixnli_zul_502,0.63346595,0.89606524
afrixnli_zul_503,0.70679575,0.06111377
afrixnli_zul_504,0.7602274,-0.39185357
afrixnli_zul_505,0.80420583,-0.8923034
afrixnli_zul_506,0.70679575,0.06111377
afrixnli_zul_507,0.80420583,-0.8923034
afrixnli_zul_508,0.7611757,-0.39170244
afrixnli_zul_509,0.80420583,-0.8923034
afrixnli_zul_51,0.80420583,-0.8923034
afrixnli_zul_510,0.7479983,0.5339449
afrixnli_zul_511,0.69565564,-0.40068328
afrixnli_zul_512,0.80420583,-0.8923034
afrixnli_zul_513,0.7635237,0.08207443
afrixnli_zul_514,0.80420583,-0.8923034
afrixnli_zul_515,0.57967764,0.43094468
afrixnli_zul_516,0.7611757,-0.39170244
afrixnli_zul_517,0.7602274,-0.39185357
afrixnli_zul_518,0.7467643,1.4440738
afrixnli_zul_519,0.80420583,-0.8923034
afrixnli_zul_52,0.69457096,0.056582592
afrixnli_zul_520,0.80420583,-0.8923034
afrixnli_zul_521,0.70651853,-0.39941782
afrixnli_zul_522,0.70679575,0.06111377
afrixnli_zul_523,0.69457096,0.056582592
afrixnli_zul_524,0.80420583,-0.8923034
afrixnli_zul_525,0.7602274,-0.39185357
afrixnli_zul_526,0.7611757,-0.39170244
afrixnli_zul_527,0.63346595,0.89606524
afrixnli_zul_528,0.7635237,0.08207443
afrixnli_zul_529,0.80420583,-0.8923034
afrixnli_zul_53,0.7635237,0.08207443
afrixnli_zul_530,0.80420583,-0.8923034
afrixnli_zul_531,0.6947077,0.9477968
afrixnli_zul_532,0.7608128,0.996307
afrixnli_zul_533,0.57967764,0.43094468
afrixnli_zul_534,0.59398746,0.019788202
afrixnli_zul_535,0.7467643,1.4440738
afrixnli_zul_536,0.7635237,0.08207443
afrixnli_zul_537,0.7602274,-0.39185357
afrixnli_zul_538,0.7479983,0.5339449
afrixnli_zul_539,0.57967764,0.43094468
afrixnli_zul_54,0.7611757,-0.39170244
afrixnli_zul_540,0.70651853,-0.39941782
afrixnli_zul_541,0.80420583,-0.8923034
afrixnli_zul_542,0.7635237,0.08207443
afrixnli_zul_543,0.69565564,-0.40068328
afrixnli_zul_544,0.7479983,0.5339449
afrixnli_zul_545,0.69565564,-0.40068328
afrixnli_zul_546,0.7611757,-0.39170244
afrixnli_zul_547,0.80420583,-0.8923034
afrixnli_zul_548,0.7467643,1.4440738
afrixnli_zul_549,0.7611757,-0.39170244
afrixnli_zul_55,0.80420583,-0.8923034
afrixnli_zul_550,0.67925465,0.49490166
afrixnli_zul_551,0.7602274,-0.39185357
afrixnli_zul_552,0.7467643,1.4440738
afrixnli_zul_553,0.7479983,0.5339449
afrixnli_zul_554,0.7611757,-0.39170244
afrixnli_zul_555,0.7467643,1.4440738
afrixnli_zul_556,0.80420583,-0.8923034
afrixnli_zul_557,0.7479983,0.5339449
afrixnli_zul_558,0.7635237,0.08207443
afrixnli_zul_559,0.57967764,0.43094468
afrixnli_zul_56,0.6182554,0.45675644
afrixnli_zul_560,0.7602274,-0.39185357
afrixnli_zul_561,0.7479983,0.5339449
afrixnli_zul_562,0.80420583,-0.8923034
afrixnli_zul_563,0.80420583,-0.8923034
afrixnli_zul_564,0.7479983,0.5339449
afrixnli_zul_565,0.69457096,0.056582592
afrixnli_zul_566,0.59398746,0.019788202
afrixnli_zul_567,0.70679575,0.06111377
afrixnli_zul_568,0.7635237,0.08207443
afrixnli_zul_569,0.70651853,-0.39941782
afrixnli_zul_57,0.70679575,0.06111377
afrixnli_zul_570,0.7602274,-0.39185357
afrixnli_zul_571,0.80420583,-0.8923034
afrixnli_zul_572,0.70651853,-0.39941782
afrixnli_zul_573,0.7479983,0.5339449
afrixnli_zul_574,0.7467643,1.4440738
afrixnli_zul_575,0.70651853,-0.39941782
afrixnli_zul_576,0.69457096,0.056582592
afrixnli_zul_577,0.69565564,-0.40068328
afrixnli_zul_578,0.7059342,0.06079441
afrixnli_zul_579,0.69565564,-0.40068328
afrixnli_zul_58,0.7467643,1.4440738
afrixnli_zul_580,0.80420583,-0.8923034
afrixnli_zul_581,0.7479983,0.5339449
afrixnli_zul_582,0.7635237,0.08207443
afrixnli_zul_583,0.7635237,0.08207443
afrixnli_zul_584,0.69565564,-0.40068328
afrixnli_zul_585,0.7467643,1.4440738
afrixnli_zul_586,0.59398746,0.019788202
afrixnli_zul_587,0.7479983,0.5339449
afrixnli_zul_588,0.7602274,-0.39185357
afrixnli_zul_589,0.70651853,-0.39941782
afrixnli_zul_59,0.73473793,0.5267357
afrixnli_zul_590,0.59398746,0.019788202
afrixnli_zul_591,0.59398746,0.019788202
afrixnli_zul_592,0.7479983,0.5339449
afrixnli_zul_593,0.63420725,0.89673305
afrixnli_zul_594,0.69565564,-0.40068328
afrixnli_zul_595,0.80420583,-0.8923034
afrixnli_zul_596,0.7467643,1.4440738
afrixnli_zul_597,0.7611757,-0.39170244
afrixnli_zul_598,0.7635237,0.08207443
afrixnli_zul_599,0.69565564,-0.40068328
afrixnli_zul_6,0.73473793,0.5267357
afrixnli_zul_60,0.70651853,-0.39941782
afrixnli_zul_61,0.63346595,0.89606524
afrixnli_zul_62,0.73473793,0.5267357
afrixnli_zul_63,0.57967764,0.43094468
afrixnli_zul_64,0.57967764,0.43094468
afrixnli_zul_65,0.63346595,0.89606524
afrixnli_zul_66,0.7635237,0.08207443
afrixnli_zul_67,0.7467643,1.4440738
afrixnli_zul_68,0.61893564,0.45720002
afrixnli_zul_69,0.7479983,0.5339449
afrixnli_zul_7,0.80420583,-0.8923034
afrixnli_zul_70,0.7602274,-0.39185357
afrixnli_zul_71,0.80420583,-0.8923034
afrixnli_zul_72,0.7608128,0.996307
afrixnli_zul_73,0.7059342,0.06079441
afrixnli_zul_74,0.63420725,0.89673305
afrixnli_zul_75,0.80420583,-0.8923034
afrixnli_zul_76,0.63346595,0.89606524
afrixnli_zul_77,0.80420583,-0.8923034
afrixnli_zul_78,0.69540447,0.056891445
afrixnli_zul_79,0.7635237,0.08207443
afrixnli_zul_8,0.7479983,0.5339449
afrixnli_zul_80,0.69565564,-0.40068328
afrixnli_zul_81,0.7602274,-0.39185357
afrixnli_zul_82,0.7602274,-0.39185357
afrixnli_zul_83,0.7611757,-0.39170244
afrixnli_zul_84,0.80420583,-0.8923034
afrixnli_zul_85,0.7479983,0.5339449
afrixnli_zul_86,0.68292916,0.9383759
afrixnli_zul_87,0.73473793,0.5267357
afrixnli_zul_88,0.80420583,-0.8923034
afrixnli_zul_89,0.6947077,0.9477968
afrixnli_zul_9,0.7635237,0.08207443
afrixnli_zul_90,0.7479983,0.5339449
afrixnli_zul_91,0.6800837,0.49539727
afrixnli_zul_92,0.7608128,0.996307
afrixnli_zul_93,0.6954045,0.05689147
afrixnli_zul_94,0.7635237,0.08207444
afrixnli_zul_95,0.7602274,-0.39185357
afrixnli_zul_96,0.74799836,0.5339449
afrixnli_zul_97,0.8042059,-0.8923034
afrixnli_zul_98,0.8042059,-0.8923034
afrixnli_zul_99,0.63420725,0.89673305
