,a,b
belebele_amh_0,0.69161004,-0.29073063
belebele_amh_1,0.69161004,-0.29073063
belebele_amh_10,0.69447774,0.17480274
belebele_amh_100,0.73943514,0.6612007
belebele_amh_101,0.6959062,0.62772906
belebele_amh_102,0.7282954,0.19395256
belebele_amh_103,0.80522317,-0.77776045
belebele_amh_104,0.7642891,-0.2684724
belebele_amh_105,0.6959062,0.62772906
belebele_amh_106,0.80522317,-0.77776045
belebele_amh_107,0.7477486,1.1223401
belebele_amh_108,0.7642891,-0.2684724
belebele_amh_109,0.6959062,0.62772906
belebele_amh_11,0.69161004,-0.29073063
belebele_amh_110,0.6054193,0.55167013
belebele_amh_111,0.7642891,-0.2684724
belebele_amh_112,0.7241757,-0.28113684
belebele_amh_113,0.7477486,1.1223401
belebele_amh_114,0.69161004,-0.29073063
belebele_amh_115,0.6078216,0.12522739
belebele_amh_116,0.80522317,-0.77776045
belebele_amh_117,0.6348883,-0.3055597
belebele_amh_118,0.6933035,0.1741344
belebele_amh_119,0.6933035,0.1741344
belebele_amh_12,0.80522317,-0.77776045
belebele_amh_120,0.7477486,1.1223401
belebele_amh_121,0.6959062,0.62772906
belebele_amh_122,0.6959062,0.62772906
belebele_amh_123,0.7241757,-0.28113684
belebele_amh_124,0.80522317,-0.77776045
belebele_amh_125,0.6959062,0.62772906
belebele_amh_126,0.80522317,-0.77776045
belebele_amh_127,0.80522317,-0.77776045
belebele_amh_128,0.7163239,1.5429639
belebele_amh_129,0.80522317,-0.77776045
belebele_amh_13,0.6933035,0.1741344
belebele_amh_130,0.7642891,-0.2684724
belebele_amh_131,0.7293594,-0.27954894
belebele_amh_132,0.80522317,-0.77776045
belebele_amh_133,0.80522317,-0.77776045
belebele_amh_134,0.80522317,-0.77776045
belebele_amh_135,0.6959062,0.62772906
belebele_amh_136,0.80522317,-0.77776045
belebele_amh_137,0.80522317,-0.77776045
belebele_amh_138,0.7477486,1.1223401
belebele_amh_139,0.80522317,-0.77776045
belebele_amh_14,0.6933035,0.1741344
belebele_amh_140,0.80522317,-0.77776045
belebele_amh_141,0.7642891,-0.2684724
belebele_amh_142,0.6933035,0.1741344
belebele_amh_143,0.6959062,0.62772906
belebele_amh_144,0.69447774,0.17480274
belebele_amh_145,0.6933035,0.1741344
belebele_amh_146,0.7642891,-0.2684724
belebele_amh_147,0.7477486,1.1223401
belebele_amh_148,0.80522317,-0.77776045
belebele_amh_149,0.7163239,1.5429639
belebele_amh_15,0.7642891,-0.2684724
belebele_amh_150,0.80522317,-0.77776045
belebele_amh_151,0.80522317,-0.77776045
belebele_amh_152,0.6959062,0.62772906
belebele_amh_153,0.80522317,-0.77776045
belebele_amh_154,0.7241757,-0.28113684
belebele_amh_155,0.7642891,-0.2684724
belebele_amh_156,0.80522317,-0.77776045
belebele_amh_157,0.80522317,-0.77776045
belebele_amh_158,0.69161004,-0.29073063
belebele_amh_159,0.7642891,-0.2684724
belebele_amh_16,0.7642891,-0.2684724
belebele_amh_160,0.80522317,-0.77776045
belebele_amh_161,0.80522317,-0.77776045
belebele_amh_162,0.80522317,-0.77776045
belebele_amh_163,0.73943514,0.6612007
belebele_amh_164,0.7642891,-0.2684724
belebele_amh_165,0.80522317,-0.77776045
belebele_amh_166,0.80522317,-0.77776045
belebele_amh_167,0.69447774,0.17480274
belebele_amh_168,0.80522317,-0.77776045
belebele_amh_169,0.66330975,0.60132694
belebele_amh_17,0.80522317,-0.77776045
belebele_amh_170,0.7642891,-0.2684724
belebele_amh_171,0.73943514,0.6612007
belebele_amh_172,0.69447774,0.17480274
belebele_amh_173,0.80522317,-0.77776045
belebele_amh_174,0.7163239,1.5429639
belebele_amh_175,0.80522317,-0.77776045
belebele_amh_176,0.7282954,0.19395256
belebele_amh_177,0.6933035,0.1741344
belebele_amh_178,0.80522317,-0.77776045
belebele_amh_179,0.80522317,-0.77776045
belebele_amh_18,0.80522317,-0.77776045
belebele_amh_180,0.80522317,-0.77776045
belebele_amh_181,0.7477486,1.1223401
belebele_amh_182,0.7642891,-0.2684724
belebele_amh_183,0.80522317,-0.77776045
belebele_amh_184,0.80522317,-0.77776045
belebele_amh_185,0.7282954,0.19395256
belebele_amh_186,0.6933035,0.1741344
belebele_amh_187,0.7282954,0.19395256
belebele_amh_188,0.7642891,-0.2684724
belebele_amh_189,0.80522317,-0.77776045
belebele_amh_19,0.7338966,0.19710252
belebele_amh_190,0.80522317,-0.77776045
belebele_amh_191,0.80522317,-0.77776045
belebele_amh_192,0.80522317,-0.77776045
belebele_amh_193,0.80522317,-0.77776045
belebele_amh_194,0.80522317,-0.77776045
belebele_amh_195,0.5802779,0.10954206
belebele_amh_196,0.65816486,0.15406066
belebele_amh_197,0.80522317,-0.77776045
belebele_amh_198,0.80522317,-0.77776045
belebele_amh_199,0.7642891,-0.2684724
belebele_amh_2,0.80522317,-0.77776045
belebele_amh_20,0.80522317,-0.77776045
belebele_amh_200,0.6959062,0.62772906
belebele_amh_201,0.7241757,-0.28113684
belebele_amh_202,0.80522317,-0.77776045
belebele_amh_203,0.69447774,0.17480274
belebele_amh_204,0.7282954,0.19395256
belebele_amh_205,0.80522317,-0.77776045
belebele_amh_206,0.80522317,-0.77776045
belebele_amh_207,0.80522317,-0.77776045
belebele_amh_208,0.80522317,-0.77776045
belebele_amh_209,0.7241757,-0.28113684
belebele_amh_21,0.73943514,0.6612007
belebele_amh_210,0.7293594,-0.27954894
belebele_amh_211,0.80522317,-0.77776045
belebele_amh_212,0.80522317,-0.77776045
belebele_amh_213,0.80522317,-0.77776045
belebele_amh_214,0.80522317,-0.77776045
belebele_amh_215,0.80522317,-0.77776045
belebele_amh_216,0.80522317,-0.77776045
belebele_amh_217,0.7163239,1.5429639
belebele_amh_218,0.63821864,1.012501
belebele_amh_219,0.7163239,1.5429639
belebele_amh_22,0.6710693,1.0479506
belebele_amh_220,0.80522317,-0.77776045
belebele_amh_221,0.6933035,0.1741344
belebele_amh_222,0.7241757,-0.28113684
belebele_amh_223,0.7282954,0.19395256
belebele_amh_224,0.7642891,-0.2684724
belebele_amh_225,0.7282954,0.19395256
belebele_amh_226,0.6078216,0.12522739
belebele_amh_227,0.69447774,0.17480274
belebele_amh_228,0.7642891,-0.2684724
belebele_amh_229,0.7642891,-0.2684724
belebele_amh_23,0.7338966,0.19710252
belebele_amh_230,0.7241757,-0.28113684
belebele_amh_231,0.80522317,-0.77776045
belebele_amh_232,0.80522317,-0.77776045
belebele_amh_233,0.80522317,-0.77776045
belebele_amh_234,0.7293594,-0.27954894
belebele_amh_235,0.80522317,-0.77776045
belebele_amh_236,0.7642891,-0.2684724
belebele_amh_237,0.80522317,-0.77776045
belebele_amh_238,0.7293594,-0.27954894
belebele_amh_239,0.7282954,0.19395256
belebele_amh_24,0.73943514,0.6612007
belebele_amh_240,0.80522317,-0.77776045
belebele_amh_241,0.69161004,-0.29073063
belebele_amh_242,0.80522317,-0.77776045
belebele_amh_243,0.80522317,-0.77776045
belebele_amh_244,0.80522317,-0.77776045
belebele_amh_245,0.7282954,0.19395256
belebele_amh_246,0.80522317,-0.77776045
belebele_amh_247,0.80522317,-0.77776045
belebele_amh_248,0.80522317,-0.77776045
belebele_amh_249,0.80522317,-0.77776045
belebele_amh_25,0.7477486,1.1223401
belebele_amh_250,0.80522317,-0.77776045
belebele_amh_251,0.7642891,-0.2684724
belebele_amh_252,0.80522317,-0.77776045
belebele_amh_253,0.80522317,-0.77776045
belebele_amh_254,0.6078216,0.12522739
belebele_amh_255,0.6933035,0.1741344
belebele_amh_256,0.80522317,-0.77776045
belebele_amh_257,0.80522317,-0.77776045
belebele_amh_258,0.80522317,-0.77776045
belebele_amh_259,0.6710693,1.0479506
belebele_amh_26,0.7282954,0.19395256
belebele_amh_260,0.7241757,-0.28113684
belebele_amh_261,0.65816486,0.15406066
belebele_amh_262,0.69447774,0.17480274
belebele_amh_263,0.80522317,-0.77776045
belebele_amh_264,0.6959062,0.62772906
belebele_amh_265,0.80522317,-0.77776045
belebele_amh_266,0.80522317,-0.77776045
belebele_amh_267,0.80522317,-0.77776045
belebele_amh_268,0.80522317,-0.77776045
belebele_amh_269,0.6933035,0.1741344
belebele_amh_27,0.7282954,0.19395256
belebele_amh_270,0.80522317,-0.77776045
belebele_amh_271,0.7642891,-0.2684724
belebele_amh_272,0.7642891,-0.2684724
belebele_amh_273,0.7642891,-0.2684724
belebele_amh_274,0.7338966,0.19710252
belebele_amh_275,0.7241757,-0.28113684
belebele_amh_276,0.80522317,-0.77776045
belebele_amh_277,0.80522317,-0.77776045
belebele_amh_278,0.69447774,0.17480274
belebele_amh_279,0.80522317,-0.77776045
belebele_amh_28,0.7477486,1.1223401
belebele_amh_280,0.80522317,-0.77776045
belebele_amh_281,0.7642891,-0.2684724
belebele_amh_282,0.80522317,-0.77776045
belebele_amh_283,0.7293594,-0.27954894
belebele_amh_284,0.80522317,-0.77776045
belebele_amh_285,0.7477486,1.1223401
belebele_amh_286,0.80522317,-0.77776045
belebele_amh_287,0.80522317,-0.77776045
belebele_amh_288,0.80522317,-0.77776045
belebele_amh_289,0.7642891,-0.2684724
belebele_amh_29,0.6933035,0.1741344
belebele_amh_290,0.7241757,-0.28113684
belebele_amh_291,0.7282954,0.19395256
belebele_amh_292,0.80522317,-0.77776045
belebele_amh_293,0.69161004,-0.29073063
belebele_amh_294,0.80522317,-0.77776045
belebele_amh_295,0.80522317,-0.77776045
belebele_amh_296,0.80522317,-0.77776045
belebele_amh_297,0.7477486,1.1223401
belebele_amh_298,0.69447774,0.17480274
belebele_amh_299,0.80522317,-0.77776045
belebele_amh_3,0.6959062,0.62772906
belebele_amh_30,0.6959062,0.62772906
belebele_amh_300,0.80522317,-0.77776045
belebele_amh_301,0.7163239,1.5429639
belebele_amh_302,0.80522317,-0.77776045
belebele_amh_303,0.80522317,-0.77776045
belebele_amh_304,0.80522317,-0.77776045
belebele_amh_305,0.80522317,-0.77776045
belebele_amh_306,0.7293594,-0.27954894
belebele_amh_307,0.6933035,0.1741344
belebele_amh_308,0.80522317,-0.77776045
belebele_amh_309,0.7282954,0.19395256
belebele_amh_31,0.6626997,0.1566573
belebele_amh_310,0.80522317,-0.77776045
belebele_amh_311,0.6933035,0.1741344
belebele_amh_312,0.7282954,0.19395256
belebele_amh_313,0.6710693,1.0479506
belebele_amh_314,0.7642891,-0.2684724
belebele_amh_315,0.80522317,-0.77776045
belebele_amh_316,0.7282954,0.19395256
belebele_amh_317,0.6959062,0.62772906
belebele_amh_318,0.7282954,0.19395256
belebele_amh_319,0.60404813,0.12307197
belebele_amh_32,0.7013139,0.63199866
belebele_amh_320,0.7163239,1.5429639
belebele_amh_321,0.65816486,0.15406066
belebele_amh_322,0.65816486,0.15406066
belebele_amh_323,0.6348883,-0.3055597
belebele_amh_324,0.6710693,1.0479506
belebele_amh_325,0.80522317,-0.77776045
belebele_amh_326,0.6364851,0.5787512
belebele_amh_327,0.7163239,1.5429639
belebele_amh_328,0.6933035,0.1741344
belebele_amh_329,0.7163239,1.5429639
belebele_amh_33,0.60404813,0.12307197
belebele_amh_330,0.69161004,-0.29073063
belebele_amh_331,0.80522317,-0.77776045
belebele_amh_332,0.6933035,0.1741344
belebele_amh_333,0.7338966,0.19710252
belebele_amh_334,0.80522317,-0.77776045
belebele_amh_335,0.6959062,0.62772906
belebele_amh_336,0.80522317,-0.77776045
belebele_amh_337,0.6710693,1.0479506
belebele_amh_338,0.80522317,-0.77776045
belebele_amh_339,0.80522317,-0.77776045
belebele_amh_34,0.80522317,-0.77776045
belebele_amh_340,0.7293594,-0.27954894
belebele_amh_341,0.7282954,0.19395256
belebele_amh_342,0.7013139,0.63199866
belebele_amh_343,0.80522317,-0.77776045
belebele_amh_344,0.80522317,-0.77776045
belebele_amh_345,0.6933035,0.1741344
belebele_amh_346,0.80522317,-0.77776045
belebele_amh_347,0.80522317,-0.77776045
belebele_amh_348,0.7477486,1.1223401
belebele_amh_349,0.7282954,0.19395256
belebele_amh_35,0.80522317,-0.77776045
belebele_amh_350,0.80522317,-0.77776045
belebele_amh_351,0.80522317,-0.77776045
belebele_amh_352,0.6364851,0.5787512
belebele_amh_353,0.7163239,1.5429639
belebele_amh_354,0.80522317,-0.77776045
belebele_amh_355,0.80522317,-0.77776045
belebele_amh_356,0.80522317,-0.77776045
belebele_amh_357,0.7282954,0.19395256
belebele_amh_358,0.7241757,-0.28113684
belebele_amh_359,0.60534966,0.97477794
belebele_amh_36,0.80522317,-0.77776045
belebele_amh_360,0.6933035,0.1741344
belebele_amh_361,0.7163239,1.5429639
belebele_amh_362,0.7241757,-0.28113684
belebele_amh_363,0.7282954,0.19395256
belebele_amh_364,0.7241757,-0.28113684
belebele_amh_365,0.7241757,-0.28113684
belebele_amh_366,0.6933035,0.1741344
belebele_amh_367,0.7163239,1.5429639
belebele_amh_368,0.7293594,-0.27954894
belebele_amh_369,0.80522317,-0.77776045
belebele_amh_37,0.7282954,0.19395256
belebele_amh_370,0.7338966,0.19710252
belebele_amh_371,0.80522317,-0.77776045
belebele_amh_372,0.7013139,0.63199866
belebele_amh_373,0.6933035,0.1741344
belebele_amh_374,0.80522317,-0.77776045
belebele_amh_375,0.7241757,-0.28113684
belebele_amh_376,0.80522317,-0.77776045
belebele_amh_377,0.7477486,1.1223401
belebele_amh_378,0.7642891,-0.2684724
belebele_amh_379,0.7241757,-0.28113684
belebele_amh_38,0.80522317,-0.77776045
belebele_amh_380,0.80522317,-0.77776045
belebele_amh_381,0.7642891,-0.2684724
belebele_amh_382,0.7163239,1.5429639
belebele_amh_383,0.7642891,-0.2684724
belebele_amh_384,0.7241757,-0.28113684
belebele_amh_385,0.80522317,-0.77776045
belebele_amh_386,0.80522317,-0.77776045
belebele_amh_387,0.80522317,-0.77776045
belebele_amh_388,0.80522317,-0.77776045
belebele_amh_389,0.80522317,-0.77776045
belebele_amh_39,0.80522317,-0.77776045
belebele_amh_390,0.7642891,-0.2684724
belebele_amh_391,0.80522317,-0.77776045
belebele_amh_392,0.7642891,-0.2684724
belebele_amh_393,0.69161004,-0.29073063
belebele_amh_394,0.7642891,-0.2684724
belebele_amh_395,0.7282954,0.19395256
belebele_amh_396,0.80522317,-0.77776045
belebele_amh_397,0.7293594,-0.27954894
belebele_amh_398,0.80522317,-0.77776045
belebele_amh_399,0.7293594,-0.27954894
belebele_amh_4,0.60534966,0.97477794
belebele_amh_40,0.7642891,-0.2684724
belebele_amh_400,0.80522317,-0.77776045
belebele_amh_401,0.65816486,0.15406066
belebele_amh_402,0.80522317,-0.77776045
belebele_amh_403,0.80522317,-0.77776045
belebele_amh_404,0.80522317,-0.77776045
belebele_amh_405,0.7642891,-0.2684724
belebele_amh_406,0.80522317,-0.77776045
belebele_amh_407,0.80522317,-0.77776045
belebele_amh_408,0.80522317,-0.77776045
belebele_amh_409,0.80522317,-0.77776045
belebele_amh_41,0.7013139,0.63199866
belebele_amh_410,0.7241757,-0.28113684
belebele_amh_411,0.69447774,0.17480274
belebele_amh_412,0.7642891,-0.2684724
belebele_amh_413,0.7642891,-0.2684724
belebele_amh_414,0.6933035,0.1741344
belebele_amh_415,0.73943514,0.6612007
belebele_amh_416,0.69447774,0.17480274
belebele_amh_417,0.80522317,-0.77776045
belebele_amh_418,0.5802621,0.5290278
belebele_amh_419,0.7241757,-0.28113684
belebele_amh_42,0.7282954,0.19395256
belebele_amh_420,0.7293594,-0.27954894
belebele_amh_421,0.7477486,1.1223401
belebele_amh_422,0.7241757,-0.28113684
belebele_amh_423,0.7642891,-0.2684724
belebele_amh_424,0.80522317,-0.77776045
belebele_amh_425,0.80522317,-0.77776045
belebele_amh_426,0.7163239,1.5429639
belebele_amh_427,0.80522317,-0.77776045
belebele_amh_428,0.80522317,-0.77776045
belebele_amh_429,0.7642891,-0.2684724
belebele_amh_43,0.7338966,0.19710252
belebele_amh_430,0.7642891,-0.2684724
belebele_amh_431,0.7282954,0.19395256
belebele_amh_432,0.69161004,-0.29073063
belebele_amh_433,0.80522317,-0.77776045
belebele_amh_434,0.80522317,-0.77776045
belebele_amh_435,0.80522317,-0.77776045
belebele_amh_436,0.7282954,0.19395256
belebele_amh_437,0.7642891,-0.2684724
belebele_amh_438,0.80522317,-0.77776045
belebele_amh_439,0.7163239,1.5429639
belebele_amh_44,0.6710693,1.0479506
belebele_amh_440,0.6959062,0.62772906
belebele_amh_441,0.80522317,-0.77776045
belebele_amh_442,0.80522317,-0.77776045
belebele_amh_443,0.80522317,-0.77776045
belebele_amh_444,0.6348883,-0.3055597
belebele_amh_445,0.80522317,-0.77776045
belebele_amh_446,0.6710693,1.0479506
belebele_amh_447,0.73943514,0.6612007
belebele_amh_448,0.80522317,-0.77776045
belebele_amh_449,0.80522317,-0.77776045
belebele_amh_45,0.63318455,0.13974576
belebele_amh_450,0.7338966,0.19710252
belebele_amh_451,0.7477486,1.1223401
belebele_amh_452,0.7241757,-0.28113684
belebele_amh_453,0.7241757,-0.28113684
belebele_amh_454,0.63821864,1.012501
belebele_amh_455,0.80522317,-0.77776045
belebele_amh_456,0.7642891,-0.2684724
belebele_amh_457,0.7642891,-0.2684724
belebele_amh_458,0.7642891,-0.2684724
belebele_amh_459,0.7241757,-0.28113684
belebele_amh_46,0.80522317,-0.77776045
belebele_amh_460,0.7282954,0.19395256
belebele_amh_461,0.80522317,-0.77776045
belebele_amh_462,0.7642891,-0.2684724
belebele_amh_463,0.80522317,-0.77776045
belebele_amh_464,0.7293594,-0.27954894
belebele_amh_465,0.80522317,-0.77776045
belebele_amh_466,0.7241757,-0.28113684
belebele_amh_467,0.80522317,-0.77776045
belebele_amh_468,0.7241757,-0.28113684
belebele_amh_469,0.80522317,-0.77776045
belebele_amh_47,0.6959062,0.62772906
belebele_amh_470,0.80522317,-0.77776045
belebele_amh_471,0.80522317,-0.77776045
belebele_amh_472,0.80522317,-0.77776045
belebele_amh_473,0.80522317,-0.77776045
belebele_amh_474,0.7642891,-0.2684724
belebele_amh_475,0.80522317,-0.77776045
belebele_amh_476,0.69447774,0.17480274
belebele_amh_477,0.80522317,-0.77776045
belebele_amh_478,0.80522317,-0.77776045
belebele_amh_479,0.7642891,-0.2684724
belebele_amh_48,0.7163239,1.5429639
belebele_amh_480,0.80522317,-0.77776045
belebele_amh_481,0.80522317,-0.77776045
belebele_amh_482,0.65816486,0.15406066
belebele_amh_483,0.576663,0.5257382
belebele_amh_484,0.80522317,-0.77776045
belebele_amh_485,0.80522317,-0.77776045
belebele_amh_486,0.66330975,0.60132694
belebele_amh_487,0.73943514,0.6612007
belebele_amh_488,0.80522317,-0.77776045
belebele_amh_489,0.7642891,-0.2684724
belebele_amh_49,0.80522317,-0.77776045
belebele_amh_490,0.80522317,-0.77776045
belebele_amh_491,0.80522317,-0.77776045
belebele_amh_492,0.80522317,-0.77776045
belebele_amh_493,0.7477486,1.1223401
belebele_amh_494,0.69161004,-0.29073063
belebele_amh_495,0.80522317,-0.77776045
belebele_amh_496,0.80522317,-0.77776045
belebele_amh_497,0.80522317,-0.77776045
belebele_amh_498,0.6710693,1.0479506
belebele_amh_499,0.7282954,0.19395256
belebele_amh_5,0.7293594,-0.27954894
belebele_amh_50,0.80522317,-0.77776045
belebele_amh_500,0.80522317,-0.77776045
belebele_amh_501,0.7642891,-0.2684724
belebele_amh_502,0.73943514,0.6612007
belebele_amh_503,0.7282954,0.19395256
belebele_amh_504,0.80522317,-0.77776045
belebele_amh_505,0.80522317,-0.77776045
belebele_amh_506,0.7642891,-0.2684724
belebele_amh_507,0.80522317,-0.77776045
belebele_amh_508,0.80522317,-0.77776045
belebele_amh_509,0.7642891,-0.2684724
belebele_amh_51,0.7338966,0.19710252
belebele_amh_510,0.7241757,-0.28113684
belebele_amh_511,0.69161004,-0.29073063
belebele_amh_512,0.7241757,-0.28113684
belebele_amh_513,0.80522317,-0.77776045
belebele_amh_514,0.80522317,-0.77776045
belebele_amh_515,0.80522317,-0.77776045
belebele_amh_516,0.7477486,1.1223401
belebele_amh_517,0.65816486,0.15406066
belebele_amh_518,0.80522317,-0.77776045
belebele_amh_519,0.7642891,-0.2684724
belebele_amh_52,0.7282954,0.19395256
belebele_amh_520,0.80522317,-0.77776045
belebele_amh_521,0.7163239,1.5429639
belebele_amh_522,0.6933035,0.1741344
belebele_amh_523,0.65816486,0.15406066
belebele_amh_524,0.80522317,-0.77776045
belebele_amh_525,0.6959062,0.62772906
belebele_amh_526,0.65816486,0.15406066
belebele_amh_527,0.80522317,-0.77776045
belebele_amh_528,0.7163239,1.5429639
belebele_amh_529,0.6933035,0.1741344
belebele_amh_53,0.80522317,-0.77776045
belebele_amh_530,0.80522317,-0.77776045
belebele_amh_531,0.80522317,-0.77776045
belebele_amh_532,0.7241757,-0.28113684
belebele_amh_533,0.80522317,-0.77776045
belebele_amh_534,0.80522317,-0.77776045
belebele_amh_535,0.80522317,-0.77776045
belebele_amh_536,0.80522317,-0.77776045
belebele_amh_537,0.80522317,-0.77776045
belebele_amh_538,0.7642891,-0.2684724
belebele_amh_539,0.7477486,1.1223401
belebele_amh_54,0.80522317,-0.77776045
belebele_amh_540,0.6933035,0.1741344
belebele_amh_541,0.6959062,0.62772906
belebele_amh_542,0.7338966,0.19710252
belebele_amh_543,0.80522317,-0.77776045
belebele_amh_544,0.7642891,-0.2684724
belebele_amh_545,0.69161004,-0.29073063
belebele_amh_546,0.80522317,-0.77776045
belebele_amh_547,0.80522317,-0.77776045
belebele_amh_548,0.7013139,0.63199866
belebele_amh_549,0.80522317,-0.77776045
belebele_amh_55,0.66330975,0.60132694
belebele_amh_550,0.6959062,0.62772906
belebele_amh_551,0.6959062,0.62772906
belebele_amh_552,0.80522317,-0.77776045
belebele_amh_553,0.80522317,-0.77776045
belebele_amh_554,0.80522317,-0.77776045
belebele_amh_555,0.80522317,-0.77776045
belebele_amh_556,0.6626997,0.1566573
belebele_amh_557,0.7642891,-0.2684724
belebele_amh_558,0.80522317,-0.77776045
belebele_amh_559,0.80522317,-0.77776045
belebele_amh_56,0.7338966,0.19710252
belebele_amh_560,0.6959062,0.62772906
belebele_amh_561,0.7241757,-0.28113684
belebele_amh_562,0.73943514,0.6612007
belebele_amh_563,0.7241757,-0.28113684
belebele_amh_564,0.80522317,-0.77776045
belebele_amh_565,0.80522317,-0.77776045
belebele_amh_566,0.80522317,-0.77776045
belebele_amh_567,0.633549,1.0072805
belebele_amh_568,0.7642891,-0.2684724
belebele_amh_569,0.80522317,-0.77776045
belebele_amh_57,0.7477486,1.1223401
belebele_amh_570,0.6054193,0.55167013
belebele_amh_571,0.80522317,-0.77776045
belebele_amh_572,0.6933035,0.1741344
belebele_amh_573,0.7642891,-0.2684724
belebele_amh_574,0.66330975,0.60132694
belebele_amh_575,0.7241757,-0.28113684
belebele_amh_576,0.66330975,0.60132694
belebele_amh_577,0.80522317,-0.77776045
belebele_amh_578,0.7642891,-0.2684724
belebele_amh_579,0.7293594,-0.27954894
belebele_amh_58,0.7477486,1.1223401
belebele_amh_580,0.80522317,-0.77776045
belebele_amh_581,0.7282954,0.19395256
belebele_amh_582,0.80522317,-0.77776045
belebele_amh_583,0.7241757,-0.28113684
belebele_amh_584,0.69161004,-0.29073063
belebele_amh_585,0.7642891,-0.2684724
belebele_amh_586,0.6933035,0.1741344
belebele_amh_587,0.7642891,-0.2684724
belebele_amh_588,0.80522317,-0.77776045
belebele_amh_589,0.7163239,1.5429639
belebele_amh_59,0.7642891,-0.2684724
belebele_amh_590,0.7282954,0.19395256
belebele_amh_591,0.6959062,0.62772906
belebele_amh_592,0.80522317,-0.77776045
belebele_amh_593,0.7282954,0.19395256
belebele_amh_594,0.80522317,-0.77776045
belebele_amh_595,0.80522317,-0.77776045
belebele_amh_596,0.80522317,-0.77776045
belebele_amh_597,0.80522317,-0.77776045
belebele_amh_598,0.7293594,-0.27954894
belebele_amh_599,0.7282954,0.19395256
belebele_amh_6,0.7642891,-0.2684724
belebele_amh_60,0.80522317,-0.77776045
belebele_amh_600,0.60534966,0.97477794
belebele_amh_601,0.7293594,-0.27954894
belebele_amh_602,0.69161004,-0.29073063
belebele_amh_603,0.7163239,1.5429639
belebele_amh_604,0.7642891,-0.2684724
belebele_amh_605,0.7293594,-0.27954894
belebele_amh_606,0.7642891,-0.2684724
belebele_amh_607,0.80522317,-0.77776045
belebele_amh_608,0.7282954,0.19395256
belebele_amh_609,0.6959062,0.62772906
belebele_amh_61,0.80522317,-0.77776045
belebele_amh_610,0.80522317,-0.77776045
belebele_amh_611,0.69161004,-0.29073063
belebele_amh_612,0.80522317,-0.77776045
belebele_amh_613,0.80522317,-0.77776045
belebele_amh_614,0.7477486,1.1223401
belebele_amh_615,0.80522317,-0.77776045
belebele_amh_616,0.7241757,-0.28113684
belebele_amh_617,0.7642891,-0.2684724
belebele_amh_618,0.7338966,0.19710252
belebele_amh_619,0.80522317,-0.77776045
belebele_amh_62,0.7642891,-0.2684724
belebele_amh_620,0.80522317,-0.77776045
belebele_amh_621,0.80522317,-0.77776045
belebele_amh_622,0.5802621,0.5290278
belebele_amh_623,0.69161004,-0.29073063
belebele_amh_624,0.7163239,1.5429639
belebele_amh_625,0.7642891,-0.2684724
belebele_amh_626,0.7241757,-0.28113684
belebele_amh_627,0.7282954,0.19395256
belebele_amh_628,0.7163239,1.5429639
belebele_amh_629,0.69447774,0.17480274
belebele_amh_63,0.7293594,-0.27954894
belebele_amh_630,0.73943514,0.6612007
belebele_amh_631,0.7163239,1.5429639
belebele_amh_632,0.7338966,0.19710252
belebele_amh_633,0.80522317,-0.77776045
belebele_amh_634,0.6933035,0.1741344
belebele_amh_635,0.80522317,-0.77776045
belebele_amh_636,0.80522317,-0.77776045
belebele_amh_637,0.80522317,-0.77776045
belebele_amh_638,0.80522317,-0.77776045
belebele_amh_639,0.73943514,0.6612007
belebele_amh_64,0.80522317,-0.77776045
belebele_amh_640,0.7477486,1.1223401
belebele_amh_641,0.69447774,0.17480274
belebele_amh_642,0.6933035,0.1741344
belebele_amh_643,0.7642891,-0.2684724
belebele_amh_644,0.69447774,0.17480274
belebele_amh_645,0.6078216,0.12522739
belebele_amh_646,0.69447774,0.17480274
belebele_amh_647,0.7163239,1.5429639
belebele_amh_648,0.80522317,-0.77776045
belebele_amh_649,0.7282954,0.19395256
belebele_amh_65,0.80522317,-0.77776045
belebele_amh_650,0.80522317,-0.77776045
belebele_amh_651,0.80522317,-0.77776045
belebele_amh_652,0.80522317,-0.77776045
belebele_amh_653,0.80522317,-0.77776045
belebele_amh_654,0.80522317,-0.77776045
belebele_amh_655,0.80522317,-0.77776045
belebele_amh_656,0.80522317,-0.77776045
belebele_amh_657,0.7642891,-0.2684724
belebele_amh_658,0.80522317,-0.77776045
belebele_amh_659,0.80522317,-0.77776045
belebele_amh_66,0.7338966,0.19710252
belebele_amh_660,0.6710693,1.0479506
belebele_amh_661,0.80522317,-0.77776045
belebele_amh_662,0.80522317,-0.77776045
belebele_amh_663,0.73943514,0.6612007
belebele_amh_664,0.69161004,-0.29073063
belebele_amh_665,0.7282954,0.19395256
belebele_amh_666,0.7282954,0.19395256
belebele_amh_667,0.7477486,1.1223401
belebele_amh_668,0.7282954,0.19395256
belebele_amh_669,0.7642891,-0.2684724
belebele_amh_67,0.73943514,0.6612007
belebele_amh_670,0.6959062,0.62772906
belebele_amh_671,0.7642891,-0.2684724
belebele_amh_672,0.69161004,-0.29073063
belebele_amh_673,0.7241757,-0.28113684
belebele_amh_674,0.7642891,-0.2684724
belebele_amh_675,0.80522317,-0.77776045
belebele_amh_676,0.7282954,0.19395256
belebele_amh_677,0.80522317,-0.77776045
belebele_amh_678,0.80522317,-0.77776045
belebele_amh_679,0.80522317,-0.77776045
belebele_amh_68,0.80522317,-0.77776045
belebele_amh_680,0.7282954,0.19395256
belebele_amh_681,0.80522317,-0.77776045
belebele_amh_682,0.80522317,-0.77776045
belebele_amh_683,0.6348883,-0.3055597
belebele_amh_684,0.7338966,0.19710252
belebele_amh_685,0.6933035,0.1741344
belebele_amh_686,0.6959062,0.62772906
belebele_amh_687,0.80522317,-0.77776045
belebele_amh_688,0.7241757,-0.28113684
belebele_amh_689,0.7163239,1.5429639
belebele_amh_69,0.69161004,-0.29073063
belebele_amh_690,0.7163239,1.5429639
belebele_amh_691,0.6078216,0.12522739
belebele_amh_692,0.7241757,-0.28113684
belebele_amh_693,0.7477486,1.1223401
belebele_amh_694,0.80522317,-0.77776045
belebele_amh_695,0.7163239,1.5429639
belebele_amh_696,0.73943514,0.6612007
belebele_amh_697,0.7642891,-0.2684724
belebele_amh_698,0.80522317,-0.77776045
belebele_amh_699,0.80522317,-0.77776045
belebele_amh_7,0.7241757,-0.28113684
belebele_amh_70,0.7293594,-0.27954894
belebele_amh_700,0.7642891,-0.2684724
belebele_amh_701,0.7338966,0.19710252
belebele_amh_702,0.6933035,0.1741344
belebele_amh_703,0.7282954,0.19395256
belebele_amh_704,0.6710693,1.0479506
belebele_amh_705,0.6054193,0.55167013
belebele_amh_706,0.7282954,0.19395256
belebele_amh_707,0.80522317,-0.77776045
belebele_amh_708,0.7642891,-0.2684724
belebele_amh_709,0.73943514,0.6612007
belebele_amh_71,0.6348883,-0.3055597
belebele_amh_710,0.80522317,-0.77776045
belebele_amh_711,0.80522317,-0.77776045
belebele_amh_712,0.6626997,0.1566573
belebele_amh_713,0.7338966,0.19710252
belebele_amh_714,0.73943514,0.6612007
belebele_amh_715,0.80522317,-0.77776045
belebele_amh_716,0.7642891,-0.2684724
belebele_amh_717,0.7163239,1.5429639
belebele_amh_718,0.69447774,0.17480274
belebele_amh_719,0.7282954,0.19395256
belebele_amh_72,0.80522317,-0.77776045
belebele_amh_720,0.7293594,-0.27954894
belebele_amh_721,0.6933035,0.1741344
belebele_amh_722,0.69447774,0.17480274
belebele_amh_723,0.7642891,-0.2684724
belebele_amh_724,0.80522317,-0.77776045
belebele_amh_725,0.80522317,-0.77776045
belebele_amh_726,0.7282954,0.19395256
belebele_amh_727,0.7642891,-0.2684724
belebele_amh_728,0.73943514,0.6612007
belebele_amh_729,0.7293594,-0.27954894
belebele_amh_73,0.80522317,-0.77776045
belebele_amh_730,0.7241757,-0.28113684
belebele_amh_731,0.80522317,-0.77776045
belebele_amh_732,0.69447774,0.17480274
belebele_amh_733,0.80522317,-0.77776045
belebele_amh_734,0.7282954,0.19395256
belebele_amh_735,0.7642891,-0.2684724
belebele_amh_736,0.6933035,0.1741344
belebele_amh_737,0.73943514,0.6612007
belebele_amh_738,0.80522317,-0.77776045
belebele_amh_739,0.7642891,-0.2684724
belebele_amh_74,0.69161004,-0.29073063
belebele_amh_740,0.80522317,-0.77776045
belebele_amh_741,0.73943514,0.6612007
belebele_amh_742,0.6933035,0.1741344
belebele_amh_743,0.7642891,-0.2684724
belebele_amh_744,0.80522317,-0.77776045
belebele_amh_745,0.7282954,0.19395256
belebele_amh_746,0.80522317,-0.77776045
belebele_amh_747,0.80522317,-0.77776045
belebele_amh_748,0.7642891,-0.2684724
belebele_amh_749,0.69161004,-0.29073063
belebele_amh_75,0.6054193,0.55167013
belebele_amh_750,0.80522317,-0.77776045
belebele_amh_751,0.80522317,-0.77776045
belebele_amh_752,0.7282954,0.19395256
belebele_amh_753,0.7338966,0.19710252
belebele_amh_754,0.80522317,-0.77776045
belebele_amh_755,0.80522317,-0.77776045
belebele_amh_756,0.7282954,0.19395256
belebele_amh_757,0.7282954,0.19395256
belebele_amh_758,0.7642891,-0.2684724
belebele_amh_759,0.80522317,-0.77776045
belebele_amh_76,0.80522317,-0.77776045
belebele_amh_760,0.80522317,-0.77776045
belebele_amh_761,0.7293594,-0.27954894
belebele_amh_762,0.7642891,-0.2684724
belebele_amh_763,0.80522317,-0.77776045
belebele_amh_764,0.7293594,-0.27954894
belebele_amh_765,0.80522317,-0.77776045
belebele_amh_766,0.7013139,0.63199866
belebele_amh_767,0.80522317,-0.77776045
belebele_amh_768,0.6959062,0.62772906
belebele_amh_769,0.80522317,-0.77776045
belebele_amh_77,0.80522317,-0.77776045
belebele_amh_770,0.80522317,-0.77776045
belebele_amh_771,0.7282954,0.19395256
belebele_amh_772,0.7282954,0.19395256
belebele_amh_773,0.7282954,0.19395256
belebele_amh_774,0.7642891,-0.2684724
belebele_amh_775,0.80522317,-0.77776045
belebele_amh_776,0.7642891,-0.2684724
belebele_amh_777,0.6933035,0.1741344
belebele_amh_778,0.69161004,-0.29073063
belebele_amh_779,0.80522317,-0.77776045
belebele_amh_78,0.69161004,-0.29073063
belebele_amh_780,0.80522317,-0.77776045
belebele_amh_781,0.7163239,1.5429639
belebele_amh_782,0.80522317,-0.77776045
belebele_amh_783,0.80522317,-0.77776045
belebele_amh_784,0.7642891,-0.2684724
belebele_amh_785,0.7642891,-0.2684724
belebele_amh_786,0.69447774,0.17480274
belebele_amh_787,0.80522317,-0.77776045
belebele_amh_788,0.73943514,0.6612007
belebele_amh_789,0.7293594,-0.27954894
belebele_amh_79,0.80522317,-0.77776045
belebele_amh_790,0.7282954,0.19395256
belebele_amh_791,0.6933035,0.1741344
belebele_amh_792,0.7241757,-0.28113684
belebele_amh_793,0.80522317,-0.77776045
belebele_amh_794,0.80522317,-0.77776045
belebele_amh_795,0.7282954,0.19395256
belebele_amh_796,0.7642891,-0.2684724
belebele_amh_797,0.73943514,0.6612007
belebele_amh_798,0.69447774,0.17480274
belebele_amh_799,0.6933035,0.1741344
belebele_amh_8,0.7642891,-0.2684724
belebele_amh_80,0.6959062,0.62772906
belebele_amh_800,0.80522317,-0.77776045
belebele_amh_801,0.73943514,0.6612007
belebele_amh_802,0.80522317,-0.77776045
belebele_amh_803,0.6364851,0.5787512
belebele_amh_804,0.7241757,-0.28113684
belebele_amh_805,0.7642891,-0.2684724
belebele_amh_806,0.69447774,0.17480274
belebele_amh_807,0.7163239,1.5429639
belebele_amh_808,0.6054193,0.55167013
belebele_amh_809,0.73943514,0.6612007
belebele_amh_81,0.7642891,-0.2684724
belebele_amh_810,0.7293594,-0.27954894
belebele_amh_811,0.7282954,0.19395256
belebele_amh_812,0.6054193,0.55167013
belebele_amh_813,0.7241757,-0.28113684
belebele_amh_814,0.7282954,0.19395256
belebele_amh_815,0.7241757,-0.28113684
belebele_amh_816,0.80522317,-0.77776045
belebele_amh_817,0.7163239,1.5429639
belebele_amh_818,0.7163239,1.5429639
belebele_amh_819,0.80522317,-0.77776045
belebele_amh_82,0.69161004,-0.29073063
belebele_amh_820,0.6933035,0.1741344
belebele_amh_821,0.7477486,1.1223401
belebele_amh_822,0.69161004,-0.29073063
belebele_amh_823,0.7642891,-0.2684724
belebele_amh_824,0.7241757,-0.28113684
belebele_amh_825,0.80522317,-0.77776045
belebele_amh_826,0.7642891,-0.2684724
belebele_amh_827,0.7642891,-0.2684724
belebele_amh_828,0.7338966,0.19710252
belebele_amh_829,0.7642891,-0.2684724
belebele_amh_83,0.6710693,1.0479506
belebele_amh_830,0.6348883,-0.3055597
belebele_amh_831,0.69161004,-0.29073063
belebele_amh_832,0.6959062,0.62772906
belebele_amh_833,0.7282954,0.19395256
belebele_amh_834,0.6933035,0.1741344
belebele_amh_835,0.80522317,-0.77776045
belebele_amh_836,0.7642891,-0.2684724
belebele_amh_837,0.80522317,-0.77776045
belebele_amh_838,0.7642891,-0.2684724
belebele_amh_839,0.7642891,-0.2684724
belebele_amh_84,0.80522317,-0.77776045
belebele_amh_840,0.80522317,-0.77776045
belebele_amh_841,0.80522317,-0.77776045
belebele_amh_842,0.6933035,0.1741344
belebele_amh_843,0.80522317,-0.77776045
belebele_amh_844,0.80522317,-0.77776045
belebele_amh_845,0.60404813,0.12307197
belebele_amh_846,0.7163239,1.5429639
belebele_amh_847,0.6933035,0.1741344
belebele_amh_848,0.7642891,-0.2684724
belebele_amh_849,0.7163239,1.5429639
belebele_amh_85,0.63821864,1.012501
belebele_amh_850,0.80522317,-0.77776045
belebele_amh_851,0.7338966,0.19710252
belebele_amh_852,0.7477486,1.1223401
belebele_amh_853,0.7642891,-0.2684724
belebele_amh_854,0.6933035,0.1741344
belebele_amh_855,0.80522317,-0.77776045
belebele_amh_856,0.7282954,0.19395256
belebele_amh_857,0.73943514,0.6612007
belebele_amh_858,0.7338966,0.19710252
belebele_amh_859,0.7477486,1.1223401
belebele_amh_86,0.6626997,0.1566573
belebele_amh_860,0.6933035,0.1741344
belebele_amh_861,0.6320794,0.574971
belebele_amh_862,0.69161004,-0.29073063
belebele_amh_863,0.80522317,-0.77776045
belebele_amh_864,0.80522317,-0.77776045
belebele_amh_865,0.7642891,-0.2684724
belebele_amh_866,0.80522317,-0.77776045
belebele_amh_867,0.80522317,-0.77776045
belebele_amh_868,0.80522317,-0.77776045
belebele_amh_869,0.7477486,1.1223401
belebele_amh_87,0.80522317,-0.77776045
belebele_amh_870,0.7642891,-0.2684724
belebele_amh_871,0.6320794,0.574971
belebele_amh_872,0.80522317,-0.77776045
belebele_amh_873,0.80522317,-0.77776045
belebele_amh_874,0.80522317,-0.77776045
belebele_amh_875,0.7013139,0.63199866
belebele_amh_876,0.80522317,-0.77776045
belebele_amh_877,0.7241757,-0.28113684
belebele_amh_878,0.6933035,0.1741344
belebele_amh_879,0.6959062,0.62772906
belebele_amh_88,0.80522317,-0.77776045
belebele_amh_880,0.7642891,-0.2684724
belebele_amh_881,0.7163239,1.5429639
belebele_amh_882,0.80522317,-0.77776045
belebele_amh_883,0.65816486,0.15406066
belebele_amh_884,0.80522317,-0.77776045
belebele_amh_885,0.7642891,-0.2684724
belebele_amh_886,0.7241757,-0.28113684
belebele_amh_887,0.80522317,-0.77776045
belebele_amh_888,0.80522317,-0.77776045
belebele_amh_889,0.80522317,-0.77776045
belebele_amh_89,0.69447774,0.17480274
belebele_amh_890,0.6933035,0.1741344
belebele_amh_891,0.80522317,-0.77776045
belebele_amh_892,0.6710693,1.0479506
belebele_amh_893,0.6078216,0.12522739
belebele_amh_894,0.7163239,1.5429639
belebele_amh_895,0.69161004,-0.29073063
belebele_amh_896,0.7163239,1.5429639
belebele_amh_897,0.7477486,1.1223401
belebele_amh_898,0.7477486,1.1223401
belebele_amh_899,0.7338966,0.19710252
belebele_amh_9,0.7642891,-0.2684724
belebele_amh_90,0.7477486,1.1223401
belebele_amh_91,0.80522317,-0.77776045
belebele_amh_92,0.69161004,-0.29073063
belebele_amh_93,0.80522317,-0.77776045
belebele_amh_94,0.80522317,-0.77776045
belebele_amh_95,0.7241757,-0.28113684
belebele_amh_96,0.80522317,-0.77776045
belebele_amh_97,0.6933035,0.1741344
belebele_amh_98,0.7642891,-0.2684724
belebele_amh_99,0.7282954,0.19395256
belebele_eng_0,0.80522317,-0.77776045
belebele_eng_1,0.80522317,-0.77776045
belebele_eng_10,0.6044916,0.55084634
belebele_eng_100,0.7642891,-0.2684724
belebele_eng_101,0.6044916,0.55084634
belebele_eng_102,0.7282954,0.19395256
belebele_eng_103,0.7642891,-0.2684724
belebele_eng_104,0.7642891,-0.2684724
belebele_eng_105,0.63318455,0.13974576
belebele_eng_106,0.80522317,-0.77776045
belebele_eng_107,0.7338966,0.19710252
belebele_eng_108,0.80522317,-0.77776045
belebele_eng_109,0.6959062,0.62772906
belebele_eng_11,0.80522317,-0.77776045
belebele_eng_110,0.80522317,-0.77776045
belebele_eng_111,0.80522317,-0.77776045
belebele_eng_112,0.80522317,-0.77776045
belebele_eng_113,0.7241757,-0.28113684
belebele_eng_114,0.80522317,-0.77776045
belebele_eng_115,0.80522317,-0.77776045
belebele_eng_116,0.80522317,-0.77776045
belebele_eng_117,0.69161004,-0.29073063
belebele_eng_118,0.7642891,-0.2684724
belebele_eng_119,0.6933035,0.1741344
belebele_eng_12,0.7642891,-0.2684724
belebele_eng_120,0.7338966,0.19710252
belebele_eng_121,0.7642891,-0.2684724
belebele_eng_122,0.69161004,-0.29073063
belebele_eng_123,0.69161004,-0.29073063
belebele_eng_124,0.80522317,-0.77776045
belebele_eng_125,0.69161004,-0.29073063
belebele_eng_126,0.80522317,-0.77776045
belebele_eng_127,0.7642891,-0.2684724
belebele_eng_128,0.80522317,-0.77776045
belebele_eng_129,0.80522317,-0.77776045
belebele_eng_13,0.6933035,0.1741344
belebele_eng_130,0.80522317,-0.77776045
belebele_eng_131,0.80522317,-0.77776045
belebele_eng_132,0.80522317,-0.77776045
belebele_eng_133,0.80522317,-0.77776045
belebele_eng_134,0.69161004,-0.29073063
belebele_eng_135,0.80522317,-0.77776045
belebele_eng_136,0.80522317,-0.77776045
belebele_eng_137,0.7241757,-0.28113684
belebele_eng_138,0.6933035,0.1741344
belebele_eng_139,0.80522317,-0.77776045
belebele_eng_14,0.7282954,0.19395256
belebele_eng_140,0.80522317,-0.77776045
belebele_eng_141,0.80522317,-0.77776045
belebele_eng_142,0.6959062,0.62772906
belebele_eng_143,0.7282954,0.19395256
belebele_eng_144,0.80522317,-0.77776045
belebele_eng_145,0.6933035,0.1741344
belebele_eng_146,0.6933035,0.1741344
belebele_eng_147,0.73943514,0.6612007
belebele_eng_148,0.80522317,-0.77776045
belebele_eng_149,0.6320794,0.574971
belebele_eng_15,0.6044916,0.55084634
belebele_eng_150,0.6044916,0.55084634
belebele_eng_151,0.80522317,-0.77776045
belebele_eng_152,0.7642891,-0.2684724
belebele_eng_153,0.80522317,-0.77776045
belebele_eng_154,0.80522317,-0.77776045
belebele_eng_155,0.80522317,-0.77776045
belebele_eng_156,0.80522317,-0.77776045
belebele_eng_157,0.80522317,-0.77776045
belebele_eng_158,0.6933035,0.1741344
belebele_eng_159,0.80522317,-0.77776045
belebele_eng_16,0.69161004,-0.29073063
belebele_eng_160,0.80522317,-0.77776045
belebele_eng_161,0.7642891,-0.2684724
belebele_eng_162,0.69161004,-0.29073063
belebele_eng_163,0.7642891,-0.2684724
belebele_eng_164,0.6933035,0.1741344
belebele_eng_165,0.80522317,-0.77776045
belebele_eng_166,0.80522317,-0.77776045
belebele_eng_167,0.7241757,-0.28113684
belebele_eng_168,0.80522317,-0.77776045
belebele_eng_169,0.80522317,-0.77776045
belebele_eng_17,0.6933035,0.1741344
belebele_eng_170,0.80522317,-0.77776045
belebele_eng_171,0.633549,1.0072805
belebele_eng_172,0.6044916,0.55084634
belebele_eng_173,0.80522317,-0.77776045
belebele_eng_174,0.73943514,0.6612007
belebele_eng_175,0.80522317,-0.77776045
belebele_eng_176,0.7642891,-0.2684724
belebele_eng_177,0.7642891,-0.2684724
belebele_eng_178,0.7642891,-0.2684724
belebele_eng_179,0.80522317,-0.77776045
belebele_eng_18,0.80522317,-0.77776045
belebele_eng_180,0.80522317,-0.77776045
belebele_eng_181,0.7293594,-0.27954894
belebele_eng_182,0.80522317,-0.77776045
belebele_eng_183,0.7642891,-0.2684724
belebele_eng_184,0.80522317,-0.77776045
belebele_eng_185,0.6364851,0.5787512
belebele_eng_186,0.80522317,-0.77776045
belebele_eng_187,0.6933035,0.1741344
belebele_eng_188,0.6933035,0.1741344
belebele_eng_189,0.80522317,-0.77776045
belebele_eng_19,0.6933035,0.1741344
belebele_eng_190,0.80522317,-0.77776045
belebele_eng_191,0.80522317,-0.77776045
belebele_eng_192,0.80522317,-0.77776045
belebele_eng_193,0.80522317,-0.77776045
belebele_eng_194,0.80522317,-0.77776045
belebele_eng_195,0.80522317,-0.77776045
belebele_eng_196,0.80522317,-0.77776045
belebele_eng_197,0.80522317,-0.77776045
belebele_eng_198,0.80522317,-0.77776045
belebele_eng_199,0.80522317,-0.77776045
belebele_eng_2,0.80522317,-0.77776045
belebele_eng_20,0.80522317,-0.77776045
belebele_eng_200,0.7241757,-0.28113684
belebele_eng_201,0.80522317,-0.77776045
belebele_eng_202,0.80522317,-0.77776045
belebele_eng_203,0.7642891,-0.2684724
belebele_eng_204,0.6320794,0.574971
belebele_eng_205,0.7642891,-0.2684724
belebele_eng_206,0.80522317,-0.77776045
belebele_eng_207,0.80522317,-0.77776045
belebele_eng_208,0.80522317,-0.77776045
belebele_eng_209,0.80522317,-0.77776045
belebele_eng_21,0.63318455,0.13974576
belebele_eng_210,0.7293594,-0.27954894
belebele_eng_211,0.80522317,-0.77776045
belebele_eng_212,0.80522317,-0.77776045
belebele_eng_213,0.80522317,-0.77776045
belebele_eng_214,0.80522317,-0.77776045
belebele_eng_215,0.7642891,-0.2684724
belebele_eng_216,0.80522317,-0.77776045
belebele_eng_217,0.6933035,0.1741344
belebele_eng_218,0.7642891,-0.2684724
belebele_eng_219,0.7642891,-0.2684724
belebele_eng_22,0.80522317,-0.77776045
belebele_eng_220,0.80522317,-0.77776045
belebele_eng_221,0.69161004,-0.29073063
belebele_eng_222,0.80522317,-0.77776045
belebele_eng_223,0.7241757,-0.28113684
belebele_eng_224,0.7642891,-0.2684724
belebele_eng_225,0.6933035,0.1741344
belebele_eng_226,0.80522317,-0.77776045
belebele_eng_227,0.80522317,-0.77776045
belebele_eng_228,0.6933035,0.1741344
belebele_eng_229,0.7642891,-0.2684724
belebele_eng_23,0.80522317,-0.77776045
belebele_eng_230,0.7642891,-0.2684724
belebele_eng_231,0.80522317,-0.77776045
belebele_eng_232,0.80522317,-0.77776045
belebele_eng_233,0.80522317,-0.77776045
belebele_eng_234,0.6626997,0.1566573
belebele_eng_235,0.80522317,-0.77776045
belebele_eng_236,0.69161004,-0.29073063
belebele_eng_237,0.80522317,-0.77776045
belebele_eng_238,0.80522317,-0.77776045
belebele_eng_239,0.7477486,1.1223401
belebele_eng_24,0.7477486,1.1223401
belebele_eng_240,0.80522317,-0.77776045
belebele_eng_241,0.7642891,-0.2684724
belebele_eng_242,0.80522317,-0.77776045
belebele_eng_243,0.80522317,-0.77776045
belebele_eng_244,0.80522317,-0.77776045
belebele_eng_245,0.65816486,0.15406066
belebele_eng_246,0.80522317,-0.77776045
belebele_eng_247,0.80522317,-0.77776045
belebele_eng_248,0.6933035,0.1741344
belebele_eng_249,0.80522317,-0.77776045
belebele_eng_25,0.80522317,-0.77776045
belebele_eng_250,0.6933035,0.1741344
belebele_eng_251,0.6933035,0.1741344
belebele_eng_252,0.80522317,-0.77776045
belebele_eng_253,0.80522317,-0.77776045
belebele_eng_254,0.80522317,-0.77776045
belebele_eng_255,0.7642891,-0.2684724
belebele_eng_256,0.80522317,-0.77776045
belebele_eng_257,0.80522317,-0.77776045
belebele_eng_258,0.6044916,0.55084634
belebele_eng_259,0.7477486,1.1223401
belebele_eng_26,0.65816486,0.15406066
belebele_eng_260,0.80522317,-0.77776045
belebele_eng_261,0.7241757,-0.28113684
belebele_eng_262,0.7241757,-0.28113684
belebele_eng_263,0.7241757,-0.28113684
belebele_eng_264,0.7642891,-0.2684724
belebele_eng_265,0.80522317,-0.77776045
belebele_eng_266,0.80522317,-0.77776045
belebele_eng_267,0.80522317,-0.77776045
belebele_eng_268,0.80522317,-0.77776045
belebele_eng_269,0.6933035,0.1741344
belebele_eng_27,0.7642891,-0.2684724
belebele_eng_270,0.80522317,-0.77776045
belebele_eng_271,0.633549,1.0072805
belebele_eng_272,0.80522317,-0.77776045
belebele_eng_273,0.80522317,-0.77776045
belebele_eng_274,0.80522317,-0.77776045
belebele_eng_275,0.80522317,-0.77776045
belebele_eng_276,0.80522317,-0.77776045
belebele_eng_277,0.80522317,-0.77776045
belebele_eng_278,0.80522317,-0.77776045
belebele_eng_279,0.80522317,-0.77776045
belebele_eng_28,0.6959062,0.62772906
belebele_eng_280,0.69161004,-0.29073063
belebele_eng_281,0.7642891,-0.2684724
belebele_eng_282,0.80522317,-0.77776045
belebele_eng_283,0.80522317,-0.77776045
belebele_eng_284,0.80522317,-0.77776045
belebele_eng_285,0.80522317,-0.77776045
belebele_eng_286,0.80522317,-0.77776045
belebele_eng_287,0.80522317,-0.77776045
belebele_eng_288,0.80522317,-0.77776045
belebele_eng_289,0.6933035,0.1741344
belebele_eng_29,0.80522317,-0.77776045
belebele_eng_290,0.80522317,-0.77776045
belebele_eng_291,0.80522317,-0.77776045
belebele_eng_292,0.80522317,-0.77776045
belebele_eng_293,0.80522317,-0.77776045
belebele_eng_294,0.80522317,-0.77776045
belebele_eng_295,0.80522317,-0.77776045
belebele_eng_296,0.80522317,-0.77776045
belebele_eng_297,0.7282954,0.19395256
belebele_eng_298,0.80522317,-0.77776045
belebele_eng_299,0.80522317,-0.77776045
belebele_eng_3,0.6933035,0.1741344
belebele_eng_30,0.80522317,-0.77776045
belebele_eng_300,0.80522317,-0.77776045
belebele_eng_301,0.63821864,1.012501
belebele_eng_302,0.80522317,-0.77776045
belebele_eng_303,0.80522317,-0.77776045
belebele_eng_304,0.80522317,-0.77776045
belebele_eng_305,0.80522317,-0.77776045
belebele_eng_306,0.80522317,-0.77776045
belebele_eng_307,0.6044916,0.55084634
belebele_eng_308,0.80522317,-0.77776045
belebele_eng_309,0.80522317,-0.77776045
belebele_eng_31,0.80522317,-0.77776045
belebele_eng_310,0.80522317,-0.77776045
belebele_eng_311,0.6044916,0.55084634
belebele_eng_312,0.80522317,-0.77776045
belebele_eng_313,0.7338966,0.19710252
belebele_eng_314,0.7642891,-0.2684724
belebele_eng_315,0.80522317,-0.77776045
belebele_eng_316,0.69161004,-0.29073063
belebele_eng_317,0.6044916,0.55084634
belebele_eng_318,0.6933035,0.1741344
belebele_eng_319,0.80522317,-0.77776045
belebele_eng_32,0.7642891,-0.2684724
belebele_eng_320,0.6044916,0.55084634
belebele_eng_321,0.6933035,0.1741344
belebele_eng_322,0.80522317,-0.77776045
belebele_eng_323,0.60534966,0.97477794
belebele_eng_324,0.7013139,0.63199866
belebele_eng_325,0.80522317,-0.77776045
belebele_eng_326,0.7013139,0.63199866
belebele_eng_327,0.80522317,-0.77776045
belebele_eng_328,0.7642891,-0.2684724
belebele_eng_329,0.80522317,-0.77776045
belebele_eng_33,0.80522317,-0.77776045
belebele_eng_330,0.80522317,-0.77776045
belebele_eng_331,0.80522317,-0.77776045
belebele_eng_332,0.7642891,-0.2684724
belebele_eng_333,0.6044916,0.55084634
belebele_eng_334,0.80522317,-0.77776045
belebele_eng_335,0.80522317,-0.77776045
belebele_eng_336,0.6933035,0.1741344
belebele_eng_337,0.6320794,0.574971
belebele_eng_338,0.80522317,-0.77776045
belebele_eng_339,0.80522317,-0.77776045
belebele_eng_34,0.69161004,-0.29073063
belebele_eng_340,0.80522317,-0.77776045
belebele_eng_341,0.80522317,-0.77776045
belebele_eng_342,0.7642891,-0.2684724
belebele_eng_343,0.6044916,0.55084634
belebele_eng_344,0.80522317,-0.77776045
belebele_eng_345,0.80522317,-0.77776045
belebele_eng_346,0.80522317,-0.77776045
belebele_eng_347,0.80522317,-0.77776045
belebele_eng_348,0.6933035,0.1741344
belebele_eng_349,0.7241757,-0.28113684
belebele_eng_35,0.80522317,-0.77776045
belebele_eng_350,0.80522317,-0.77776045
belebele_eng_351,0.80522317,-0.77776045
belebele_eng_352,0.80522317,-0.77776045
belebele_eng_353,0.80522317,-0.77776045
belebele_eng_354,0.7642891,-0.2684724
belebele_eng_355,0.80522317,-0.77776045
belebele_eng_356,0.80522317,-0.77776045
belebele_eng_357,0.80522317,-0.77776045
belebele_eng_358,0.80522317,-0.77776045
belebele_eng_359,0.80522317,-0.77776045
belebele_eng_36,0.7282954,0.19395256
belebele_eng_360,0.73943514,0.6612007
belebele_eng_361,0.80522317,-0.77776045
belebele_eng_362,0.80522317,-0.77776045
belebele_eng_363,0.7642891,-0.2684724
belebele_eng_364,0.80522317,-0.77776045
belebele_eng_365,0.80522317,-0.77776045
belebele_eng_366,0.7642891,-0.2684724
belebele_eng_367,0.7642891,-0.2684724
belebele_eng_368,0.80522317,-0.77776045
belebele_eng_369,0.80522317,-0.77776045
belebele_eng_37,0.80522317,-0.77776045
belebele_eng_370,0.6044916,0.55084634
belebele_eng_371,0.80522317,-0.77776045
belebele_eng_372,0.80522317,-0.77776045
belebele_eng_373,0.6044916,0.55084634
belebele_eng_374,0.7642891,-0.2684724
belebele_eng_375,0.80522317,-0.77776045
belebele_eng_376,0.80522317,-0.77776045
belebele_eng_377,0.69161004,-0.29073063
belebele_eng_378,0.80522317,-0.77776045
belebele_eng_379,0.80522317,-0.77776045
belebele_eng_38,0.80522317,-0.77776045
belebele_eng_380,0.80522317,-0.77776045
belebele_eng_381,0.7241757,-0.28113684
belebele_eng_382,0.69161004,-0.29073063
belebele_eng_383,0.80522317,-0.77776045
belebele_eng_384,0.80522317,-0.77776045
belebele_eng_385,0.80522317,-0.77776045
belebele_eng_386,0.80522317,-0.77776045
belebele_eng_387,0.80522317,-0.77776045
belebele_eng_388,0.69161004,-0.29073063
belebele_eng_389,0.80522317,-0.77776045
belebele_eng_39,0.80522317,-0.77776045
belebele_eng_390,0.6348883,-0.3055597
belebele_eng_391,0.80522317,-0.77776045
belebele_eng_392,0.80522317,-0.77776045
belebele_eng_393,0.69161004,-0.29073063
belebele_eng_394,0.6959062,0.62772906
belebele_eng_395,0.6933035,0.1741344
belebele_eng_396,0.80522317,-0.77776045
belebele_eng_397,0.80522317,-0.77776045
belebele_eng_398,0.80522317,-0.77776045
belebele_eng_399,0.80522317,-0.77776045
belebele_eng_4,0.6933035,0.1741344
belebele_eng_40,0.7642891,-0.2684724
belebele_eng_400,0.80522317,-0.77776045
belebele_eng_401,0.69161004,-0.29073063
belebele_eng_402,0.7642891,-0.2684724
belebele_eng_403,0.80522317,-0.77776045
belebele_eng_404,0.80522317,-0.77776045
belebele_eng_405,0.7642891,-0.2684724
belebele_eng_406,0.69161004,-0.29073063
belebele_eng_407,0.80522317,-0.77776045
belebele_eng_408,0.80522317,-0.77776045
belebele_eng_409,0.80522317,-0.77776045
belebele_eng_41,0.69161004,-0.29073063
belebele_eng_410,0.80522317,-0.77776045
belebele_eng_411,0.7642891,-0.2684724
belebele_eng_412,0.80522317,-0.77776045
belebele_eng_413,0.80522317,-0.77776045
belebele_eng_414,0.80522317,-0.77776045
belebele_eng_415,0.7642891,-0.2684724
belebele_eng_416,0.69447774,0.17480274
belebele_eng_417,0.80522317,-0.77776045
belebele_eng_418,0.80522317,-0.77776045
belebele_eng_419,0.6933035,0.1741344
belebele_eng_42,0.80522317,-0.77776045
belebele_eng_420,0.7293594,-0.27954894
belebele_eng_421,0.7163239,1.5429639
belebele_eng_422,0.7241757,-0.28113684
belebele_eng_423,0.80522317,-0.77776045
belebele_eng_424,0.80522317,-0.77776045
belebele_eng_425,0.80522317,-0.77776045
belebele_eng_426,0.80522317,-0.77776045
belebele_eng_427,0.80522317,-0.77776045
belebele_eng_428,0.80522317,-0.77776045
belebele_eng_429,0.80522317,-0.77776045
belebele_eng_43,0.6044916,0.55084634
belebele_eng_430,0.80522317,-0.77776045
belebele_eng_431,0.6933035,0.1741344
belebele_eng_432,0.7642891,-0.2684724
belebele_eng_433,0.80522317,-0.77776045
belebele_eng_434,0.5802779,0.10954206
belebele_eng_435,0.80522317,-0.77776045
belebele_eng_436,0.7241757,-0.28113684
belebele_eng_437,0.6933035,0.1741344
belebele_eng_438,0.69161004,-0.29073063
belebele_eng_439,0.7163239,1.5429639
belebele_eng_44,0.6959062,0.62772906
belebele_eng_440,0.7642891,-0.2684724
belebele_eng_441,0.80522317,-0.77776045
belebele_eng_442,0.80522317,-0.77776045
belebele_eng_443,0.80522317,-0.77776045
belebele_eng_444,0.7293594,-0.27954894
belebele_eng_445,0.80522317,-0.77776045
belebele_eng_446,0.633549,1.0072805
belebele_eng_447,0.7477486,1.1223401
belebele_eng_448,0.80522317,-0.77776045
belebele_eng_449,0.80522317,-0.77776045
belebele_eng_45,0.7642891,-0.2684724
belebele_eng_450,0.63318455,0.13974576
belebele_eng_451,0.6959062,0.62772906
belebele_eng_452,0.69161004,-0.29073063
belebele_eng_453,0.80522317,-0.77776045
belebele_eng_454,0.6626997,0.1566573
belebele_eng_455,0.80522317,-0.77776045
belebele_eng_456,0.7642891,-0.2684724
belebele_eng_457,0.5802779,0.10954206
belebele_eng_458,0.6933035,0.1741344
belebele_eng_459,0.6933035,0.1741344
belebele_eng_46,0.80522317,-0.77776045
belebele_eng_460,0.7282954,0.19395256
belebele_eng_461,0.80522317,-0.77776045
belebele_eng_462,0.7642891,-0.2684724
belebele_eng_463,0.80522317,-0.77776045
belebele_eng_464,0.80522317,-0.77776045
belebele_eng_465,0.80522317,-0.77776045
belebele_eng_466,0.7241757,-0.28113684
belebele_eng_467,0.80522317,-0.77776045
belebele_eng_468,0.7241757,-0.28113684
belebele_eng_469,0.80522317,-0.77776045
belebele_eng_47,0.7642891,-0.2684724
belebele_eng_470,0.80522317,-0.77776045
belebele_eng_471,0.80522317,-0.77776045
belebele_eng_472,0.7241757,-0.28113684
belebele_eng_473,0.80522317,-0.77776045
belebele_eng_474,0.7642891,-0.2684724
belebele_eng_475,0.80522317,-0.77776045
belebele_eng_476,0.80522317,-0.77776045
belebele_eng_477,0.80522317,-0.77776045
belebele_eng_478,0.80522317,-0.77776045
belebele_eng_479,0.7642891,-0.2684724
belebele_eng_48,0.7163239,1.5429639
belebele_eng_480,0.80522317,-0.77776045
belebele_eng_481,0.7241757,-0.28113684
belebele_eng_482,0.80522317,-0.77776045
belebele_eng_483,0.69161004,-0.29073063
belebele_eng_484,0.80522317,-0.77776045
belebele_eng_485,0.69161004,-0.29073063
belebele_eng_486,0.60534966,0.97477794
belebele_eng_487,0.7163239,1.5429639
belebele_eng_488,0.80522317,-0.77776045
belebele_eng_489,0.6044916,0.55084634
belebele_eng_49,0.80522317,-0.77776045
belebele_eng_490,0.80522317,-0.77776045
belebele_eng_491,0.80522317,-0.77776045
belebele_eng_492,0.80522317,-0.77776045
belebele_eng_493,0.7642891,-0.2684724
belebele_eng_494,0.7241757,-0.28113684
belebele_eng_495,0.80522317,-0.77776045
belebele_eng_496,0.80522317,-0.77776045
belebele_eng_497,0.80522317,-0.77776045
belebele_eng_498,0.6320794,0.574971
belebele_eng_499,0.80522317,-0.77776045
belebele_eng_5,0.7293594,-0.27954894
belebele_eng_50,0.6933035,0.1741344
belebele_eng_500,0.80522317,-0.77776045
belebele_eng_501,0.6933035,0.1741344
belebele_eng_502,0.7642891,-0.2684724
belebele_eng_503,0.6044916,0.55084634
belebele_eng_504,0.80522317,-0.77776045
belebele_eng_505,0.80522317,-0.77776045
belebele_eng_506,0.7642891,-0.2684724
belebele_eng_507,0.80522317,-0.77776045
belebele_eng_508,0.80522317,-0.77776045
belebele_eng_509,0.6044916,0.55084634
belebele_eng_51,0.80522317,-0.77776045
belebele_eng_510,0.80522317,-0.77776045
belebele_eng_511,0.80522317,-0.77776045
belebele_eng_512,0.7282954,0.19395256
belebele_eng_513,0.80522317,-0.77776045
belebele_eng_514,0.80522317,-0.77776045
belebele_eng_515,0.80522317,-0.77776045
belebele_eng_516,0.63318455,0.13974576
belebele_eng_517,0.5802779,0.10954206
belebele_eng_518,0.80522317,-0.77776045
belebele_eng_519,0.7642891,-0.2684724
belebele_eng_52,0.7642891,-0.2684724
belebele_eng_520,0.80522317,-0.77776045
belebele_eng_521,0.69161004,-0.29073063
belebele_eng_522,0.6933035,0.1741344
belebele_eng_523,0.80522317,-0.77776045
belebele_eng_524,0.69161004,-0.29073063
belebele_eng_525,0.7642891,-0.2684724
belebele_eng_526,0.80522317,-0.77776045
belebele_eng_527,0.80522317,-0.77776045
belebele_eng_528,0.7013139,0.63199866
belebele_eng_529,0.7241757,-0.28113684
belebele_eng_53,0.80522317,-0.77776045
belebele_eng_530,0.7642891,-0.2684724
belebele_eng_531,0.80522317,-0.77776045
belebele_eng_532,0.80522317,-0.77776045
belebele_eng_533,0.6933035,0.1741344
belebele_eng_534,0.7241757,-0.28113684
belebele_eng_535,0.80522317,-0.77776045
belebele_eng_536,0.80522317,-0.77776045
belebele_eng_537,0.80522317,-0.77776045
belebele_eng_538,0.7642891,-0.2684724
belebele_eng_539,0.6933035,0.1741344
belebele_eng_54,0.80522317,-0.77776045
belebele_eng_540,0.63318455,0.13974576
belebele_eng_541,0.6959062,0.62772906
belebele_eng_542,0.7013139,0.63199866
belebele_eng_543,0.80522317,-0.77776045
belebele_eng_544,0.80522317,-0.77776045
belebele_eng_545,0.80522317,-0.77776045
belebele_eng_546,0.80522317,-0.77776045
belebele_eng_547,0.80522317,-0.77776045
belebele_eng_548,0.80522317,-0.77776045
belebele_eng_549,0.80522317,-0.77776045
belebele_eng_55,0.6959062,0.62772906
belebele_eng_550,0.69161004,-0.29073063
belebele_eng_551,0.80522317,-0.77776045
belebele_eng_552,0.80522317,-0.77776045
belebele_eng_553,0.69161004,-0.29073063
belebele_eng_554,0.80522317,-0.77776045
belebele_eng_555,0.80522317,-0.77776045
belebele_eng_556,0.7293594,-0.27954894
belebele_eng_557,0.6933035,0.1741344
belebele_eng_558,0.80522317,-0.77776045
belebele_eng_559,0.80522317,-0.77776045
belebele_eng_56,0.63318455,0.13974576
belebele_eng_560,0.63318455,0.13974576
belebele_eng_561,0.63318455,0.13974576
belebele_eng_562,0.80522317,-0.77776045
belebele_eng_563,0.80522317,-0.77776045
belebele_eng_564,0.73943514,0.6612007
belebele_eng_565,0.80522317,-0.77776045
belebele_eng_566,0.80522317,-0.77776045
belebele_eng_567,0.6044916,0.55084634
belebele_eng_568,0.7642891,-0.2684724
belebele_eng_569,0.80522317,-0.77776045
belebele_eng_57,0.63318455,0.13974576
belebele_eng_570,0.80522317,-0.77776045
belebele_eng_571,0.80522317,-0.77776045
belebele_eng_572,0.7642891,-0.2684724
belebele_eng_573,0.7642891,-0.2684724
belebele_eng_574,0.6933035,0.1741344
belebele_eng_575,0.80522317,-0.77776045
belebele_eng_576,0.80522317,-0.77776045
belebele_eng_577,0.80522317,-0.77776045
belebele_eng_578,0.6044916,0.55084634
belebele_eng_579,0.6044916,0.55084634
belebele_eng_58,0.6933035,0.1741344
belebele_eng_580,0.80522317,-0.77776045
belebele_eng_581,0.7642891,-0.2684724
belebele_eng_582,0.80522317,-0.77776045
belebele_eng_583,0.80522317,-0.77776045
belebele_eng_584,0.69161004,-0.29073063
belebele_eng_585,0.80522317,-0.77776045
belebele_eng_586,0.6959062,0.62772906
belebele_eng_587,0.80522317,-0.77776045
belebele_eng_588,0.80522317,-0.77776045
belebele_eng_589,0.7642891,-0.2684724
belebele_eng_59,0.69161004,-0.29073063
belebele_eng_590,0.633549,1.0072805
belebele_eng_591,0.7241757,-0.28113684
belebele_eng_592,0.80522317,-0.77776045
belebele_eng_593,0.80522317,-0.77776045
belebele_eng_594,0.80522317,-0.77776045
belebele_eng_595,0.80522317,-0.77776045
belebele_eng_596,0.80522317,-0.77776045
belebele_eng_597,0.80522317,-0.77776045
belebele_eng_598,0.7642891,-0.2684724
belebele_eng_599,0.7642891,-0.2684724
belebele_eng_6,0.80522317,-0.77776045
belebele_eng_60,0.80522317,-0.77776045
belebele_eng_600,0.69161004,-0.29073063
belebele_eng_601,0.69161004,-0.29073063
belebele_eng_602,0.69161004,-0.29073063
belebele_eng_603,0.80522317,-0.77776045
belebele_eng_604,0.6933035,0.1741344
belebele_eng_605,0.80522317,-0.77776045
belebele_eng_606,0.6044916,0.55084634
belebele_eng_607,0.80522317,-0.77776045
belebele_eng_608,0.7642891,-0.2684724
belebele_eng_609,0.80522317,-0.77776045
belebele_eng_61,0.80522317,-0.77776045
belebele_eng_610,0.80522317,-0.77776045
belebele_eng_611,0.80522317,-0.77776045
belebele_eng_612,0.80522317,-0.77776045
belebele_eng_613,0.80522317,-0.77776045
belebele_eng_614,0.6710693,1.0479506
belebele_eng_615,0.80522317,-0.77776045
belebele_eng_616,0.80522317,-0.77776045
belebele_eng_617,0.7642891,-0.2684724
belebele_eng_618,0.69161004,-0.29073063
belebele_eng_619,0.80522317,-0.77776045
belebele_eng_62,0.6044916,0.55084634
belebele_eng_620,0.80522317,-0.77776045
belebele_eng_621,0.80522317,-0.77776045
belebele_eng_622,0.80522317,-0.77776045
belebele_eng_623,0.80522317,-0.77776045
belebele_eng_624,0.6364851,0.5787512
belebele_eng_625,0.6933035,0.1741344
belebele_eng_626,0.7642891,-0.2684724
belebele_eng_627,0.7642891,-0.2684724
belebele_eng_628,0.6626997,0.1566573
belebele_eng_629,0.80522317,-0.77776045
belebele_eng_63,0.6044916,0.55084634
belebele_eng_630,0.7642891,-0.2684724
belebele_eng_631,0.80522317,-0.77776045
belebele_eng_632,0.63318455,0.13974576
belebele_eng_633,0.80522317,-0.77776045
belebele_eng_634,0.69161004,-0.29073063
belebele_eng_635,0.80522317,-0.77776045
belebele_eng_636,0.80522317,-0.77776045
belebele_eng_637,0.80522317,-0.77776045
belebele_eng_638,0.80522317,-0.77776045
belebele_eng_639,0.7642891,-0.2684724
belebele_eng_64,0.80522317,-0.77776045
belebele_eng_640,0.7241757,-0.28113684
belebele_eng_641,0.63318455,0.13974576
belebele_eng_642,0.63318455,0.13974576
belebele_eng_643,0.7642891,-0.2684724
belebele_eng_644,0.73943514,0.6612007
belebele_eng_645,0.6054193,0.55167013
belebele_eng_646,0.80522317,-0.77776045
belebele_eng_647,0.7163239,1.5429639
belebele_eng_648,0.80522317,-0.77776045
belebele_eng_649,0.7642891,-0.2684724
belebele_eng_65,0.80522317,-0.77776045
belebele_eng_650,0.7293594,-0.27954894
belebele_eng_651,0.80522317,-0.77776045
belebele_eng_652,0.80522317,-0.77776045
belebele_eng_653,0.69161004,-0.29073063
belebele_eng_654,0.80522317,-0.77776045
belebele_eng_655,0.7013139,0.63199866
belebele_eng_656,0.80522317,-0.77776045
belebele_eng_657,0.6933035,0.1741344
belebele_eng_658,0.80522317,-0.77776045
belebele_eng_659,0.80522317,-0.77776045
belebele_eng_66,0.6320794,0.574971
belebele_eng_660,0.80522317,-0.77776045
belebele_eng_661,0.80522317,-0.77776045
belebele_eng_662,0.80522317,-0.77776045
belebele_eng_663,0.80522317,-0.77776045
belebele_eng_664,0.69161004,-0.29073063
belebele_eng_665,0.7642891,-0.2684724
belebele_eng_666,0.80522317,-0.77776045
belebele_eng_667,0.63318455,0.13974576
belebele_eng_668,0.7241757,-0.28113684
belebele_eng_669,0.6933035,0.1741344
belebele_eng_67,0.69161004,-0.29073063
belebele_eng_670,0.63318455,0.13974576
belebele_eng_671,0.6044916,0.55084634
belebele_eng_672,0.80522317,-0.77776045
belebele_eng_673,0.80522317,-0.77776045
belebele_eng_674,0.7642891,-0.2684724
belebele_eng_675,0.69161004,-0.29073063
belebele_eng_676,0.7241757,-0.28113684
belebele_eng_677,0.6933035,0.1741344
belebele_eng_678,0.6348883,-0.3055597
belebele_eng_679,0.80522317,-0.77776045
belebele_eng_68,0.7642891,-0.2684724
belebele_eng_680,0.80522317,-0.77776045
belebele_eng_681,0.80522317,-0.77776045
belebele_eng_682,0.80522317,-0.77776045
belebele_eng_683,0.69161004,-0.29073063
belebele_eng_684,0.69161004,-0.29073063
belebele_eng_685,0.80522317,-0.77776045
belebele_eng_686,0.80522317,-0.77776045
belebele_eng_687,0.80522317,-0.77776045
belebele_eng_688,0.80522317,-0.77776045
belebele_eng_689,0.80522317,-0.77776045
belebele_eng_69,0.63318455,0.13974576
belebele_eng_690,0.7163239,1.5429639
belebele_eng_691,0.6933035,0.1741344
belebele_eng_692,0.7642891,-0.2684724
belebele_eng_693,0.80522317,-0.77776045
belebele_eng_694,0.80522317,-0.77776045
belebele_eng_695,0.6320794,0.574971
belebele_eng_696,0.80522317,-0.77776045
belebele_eng_697,0.6933035,0.1741344
belebele_eng_698,0.80522317,-0.77776045
belebele_eng_699,0.7642891,-0.2684724
belebele_eng_7,0.80522317,-0.77776045
belebele_eng_70,0.80522317,-0.77776045
belebele_eng_700,0.6933035,0.1741344
belebele_eng_701,0.7642891,-0.2684724
belebele_eng_702,0.6348883,-0.3055597
belebele_eng_703,0.6348883,-0.3055597
belebele_eng_704,0.63318455,0.13974576
belebele_eng_705,0.80522317,-0.77776045
belebele_eng_706,0.80522317,-0.77776045
belebele_eng_707,0.69161004,-0.29073063
belebele_eng_708,0.7642891,-0.2684724
belebele_eng_709,0.7642891,-0.2684724
belebele_eng_71,0.80522317,-0.77776045
belebele_eng_710,0.69161004,-0.29073063
belebele_eng_711,0.80522317,-0.77776045
belebele_eng_712,0.5802779,0.10954206
belebele_eng_713,0.6933035,0.1741344
belebele_eng_714,0.7642891,-0.2684724
belebele_eng_715,0.80522317,-0.77776045
belebele_eng_716,0.6044916,0.55084634
belebele_eng_717,0.5802621,0.5290278
belebele_eng_718,0.7477486,1.1223401
belebele_eng_719,0.7642891,-0.2684724
belebele_eng_72,0.6933035,0.1741344
belebele_eng_720,0.80522317,-0.77776045
belebele_eng_721,0.7642891,-0.2684724
belebele_eng_722,0.80522317,-0.77776045
belebele_eng_723,0.7642891,-0.2684724
belebele_eng_724,0.69161004,-0.29073063
belebele_eng_725,0.80522317,-0.77776045
belebele_eng_726,0.7642891,-0.2684724
belebele_eng_727,0.7642891,-0.2684724
belebele_eng_728,0.7241757,-0.28113684
belebele_eng_729,0.80522317,-0.77776045
belebele_eng_73,0.80522317,-0.77776045
belebele_eng_730,0.80522317,-0.77776045
belebele_eng_731,0.80522317,-0.77776045
belebele_eng_732,0.80522317,-0.77776045
belebele_eng_733,0.80522317,-0.77776045
belebele_eng_734,0.7642891,-0.2684724
belebele_eng_735,0.63318455,0.13974576
belebele_eng_736,0.6933035,0.1741344
belebele_eng_737,0.6933035,0.1741344
belebele_eng_738,0.6044916,0.55084634
belebele_eng_739,0.7642891,-0.2684724
belebele_eng_74,0.69161004,-0.29073063
belebele_eng_740,0.80522317,-0.77776045
belebele_eng_741,0.7013139,0.63199866
belebele_eng_742,0.6933035,0.1741344
belebele_eng_743,0.6933035,0.1741344
belebele_eng_744,0.6933035,0.1741344
belebele_eng_745,0.6933035,0.1741344
belebele_eng_746,0.80522317,-0.77776045
belebele_eng_747,0.80522317,-0.77776045
belebele_eng_748,0.7293594,-0.27954894
belebele_eng_749,0.69161004,-0.29073063
belebele_eng_75,0.80522317,-0.77776045
belebele_eng_750,0.80522317,-0.77776045
belebele_eng_751,0.80522317,-0.77776045
belebele_eng_752,0.6933035,0.1741344
belebele_eng_753,0.6320794,0.574971
belebele_eng_754,0.80522317,-0.77776045
belebele_eng_755,0.80522317,-0.77776045
belebele_eng_756,0.6044916,0.55084634
belebele_eng_757,0.6933035,0.1741344
belebele_eng_758,0.6933035,0.1741344
belebele_eng_759,0.80522317,-0.77776045
belebele_eng_76,0.80522317,-0.77776045
belebele_eng_760,0.80522317,-0.77776045
belebele_eng_761,0.69161004,-0.29073063
belebele_eng_762,0.6933035,0.1741344
belebele_eng_763,0.7642891,-0.2684724
belebele_eng_764,0.80522317,-0.77776045
belebele_eng_765,0.69161004,-0.29073063
belebele_eng_766,0.7642891,-0.2684724
belebele_eng_767,0.80522317,-0.77776045
belebele_eng_768,0.80522317,-0.77776045
belebele_eng_769,0.80522317,-0.77776045
belebele_eng_77,0.80522317,-0.77776045
belebele_eng_770,0.80522317,-0.77776045
belebele_eng_771,0.7241757,-0.28113684
belebele_eng_772,0.7282954,0.19395256
belebele_eng_773,0.6044916,0.55084634
belebele_eng_774,0.7241757,-0.28113684
belebele_eng_775,0.80522317,-0.77776045
belebele_eng_776,0.7642891,-0.2684724
belebele_eng_777,0.6933035,0.1741344
belebele_eng_778,0.80522317,-0.77776045
belebele_eng_779,0.69161004,-0.29073063
belebele_eng_78,0.80522317,-0.77776045
belebele_eng_780,0.80522317,-0.77776045
belebele_eng_781,0.65816486,0.15406066
belebele_eng_782,0.7241757,-0.28113684
belebele_eng_783,0.80522317,-0.77776045
belebele_eng_784,0.633549,1.0072805
belebele_eng_785,0.7642891,-0.2684724
belebele_eng_786,0.7642891,-0.2684724
belebele_eng_787,0.7338966,0.19710252
belebele_eng_788,0.7338966,0.19710252
belebele_eng_789,0.80522317,-0.77776045
belebele_eng_79,0.80522317,-0.77776045
belebele_eng_790,0.7642891,-0.2684724
belebele_eng_791,0.6933035,0.1741344
belebele_eng_792,0.80522317,-0.77776045
belebele_eng_793,0.63318455,0.13974576
belebele_eng_794,0.80522317,-0.77776045
belebele_eng_795,0.63318455,0.13974576
belebele_eng_796,0.80522317,-0.77776045
belebele_eng_797,0.80522317,-0.77776045
belebele_eng_798,0.80522317,-0.77776045
belebele_eng_799,0.80522317,-0.77776045
belebele_eng_8,0.7642891,-0.2684724
belebele_eng_80,0.69161004,-0.29073063
belebele_eng_800,0.80522317,-0.77776045
belebele_eng_801,0.80522317,-0.77776045
belebele_eng_802,0.7642891,-0.2684724
belebele_eng_803,0.7642891,-0.2684724
belebele_eng_804,0.7241757,-0.28113684
belebele_eng_805,0.80522317,-0.77776045
belebele_eng_806,0.80522317,-0.77776045
belebele_eng_807,0.69161004,-0.29073063
belebele_eng_808,0.80522317,-0.77776045
belebele_eng_809,0.7338966,0.19710252
belebele_eng_81,0.7642891,-0.2684724
belebele_eng_810,0.80522317,-0.77776045
belebele_eng_811,0.7642891,-0.2684724
belebele_eng_812,0.80522317,-0.77776045
belebele_eng_813,0.80522317,-0.77776045
belebele_eng_814,0.69161004,-0.29073063
belebele_eng_815,0.80522317,-0.77776045
belebele_eng_816,0.80522317,-0.77776045
belebele_eng_817,0.633549,1.0072805
belebele_eng_818,0.63318455,0.13974576
belebele_eng_819,0.80522317,-0.77776045
belebele_eng_82,0.80522317,-0.77776045
belebele_eng_820,0.80522317,-0.77776045
belebele_eng_821,0.6044916,0.55084634
belebele_eng_822,0.80522317,-0.77776045
belebele_eng_823,0.80522317,-0.77776045
belebele_eng_824,0.80522317,-0.77776045
belebele_eng_825,0.80522317,-0.77776045
belebele_eng_826,0.80522317,-0.77776045
belebele_eng_827,0.7642891,-0.2684724
belebele_eng_828,0.80522317,-0.77776045
belebele_eng_829,0.7642891,-0.2684724
belebele_eng_83,0.7163239,1.5429639
belebele_eng_830,0.80522317,-0.77776045
belebele_eng_831,0.80522317,-0.77776045
belebele_eng_832,0.7642891,-0.2684724
belebele_eng_833,0.7642891,-0.2684724
belebele_eng_834,0.7642891,-0.2684724
belebele_eng_835,0.80522317,-0.77776045
belebele_eng_836,0.7642891,-0.2684724
belebele_eng_837,0.80522317,-0.77776045
belebele_eng_838,0.80522317,-0.77776045
belebele_eng_839,0.6933035,0.1741344
belebele_eng_84,0.80522317,-0.77776045
belebele_eng_840,0.80522317,-0.77776045
belebele_eng_841,0.80522317,-0.77776045
belebele_eng_842,0.7642891,-0.2684724
belebele_eng_843,0.80522317,-0.77776045
belebele_eng_844,0.7642891,-0.2684724
belebele_eng_845,0.7241757,-0.28113684
belebele_eng_846,0.7163239,1.5429639
belebele_eng_847,0.6933035,0.1741344
belebele_eng_848,0.80522317,-0.77776045
belebele_eng_849,0.7163239,1.5429639
belebele_eng_85,0.60534966,0.97477794
belebele_eng_850,0.80522317,-0.77776045
belebele_eng_851,0.80522317,-0.77776045
belebele_eng_852,0.6933035,0.1741344
belebele_eng_853,0.7282954,0.19395256
belebele_eng_854,0.6933035,0.1741344
belebele_eng_855,0.80522317,-0.77776045
belebele_eng_856,0.7642891,-0.2684724
belebele_eng_857,0.6044916,0.55084634
belebele_eng_858,0.80522317,-0.77776045
belebele_eng_859,0.7282954,0.19395256
belebele_eng_86,0.80522317,-0.77776045
belebele_eng_860,0.63318455,0.13974576
belebele_eng_861,0.6044916,0.55084634
belebele_eng_862,0.80522317,-0.77776045
belebele_eng_863,0.7293594,-0.27954894
belebele_eng_864,0.80522317,-0.77776045
belebele_eng_865,0.80522317,-0.77776045
belebele_eng_866,0.80522317,-0.77776045
belebele_eng_867,0.80522317,-0.77776045
belebele_eng_868,0.80522317,-0.77776045
belebele_eng_869,0.73943514,0.6612007
belebele_eng_87,0.80522317,-0.77776045
belebele_eng_870,0.80522317,-0.77776045
belebele_eng_871,0.80522317,-0.77776045
belebele_eng_872,0.80522317,-0.77776045
belebele_eng_873,0.80522317,-0.77776045
belebele_eng_874,0.69161004,-0.29073063
belebele_eng_875,0.6933035,0.1741344
belebele_eng_876,0.7642891,-0.2684724
belebele_eng_877,0.7642891,-0.2684724
belebele_eng_878,0.633549,1.0072805
belebele_eng_879,0.6933035,0.1741344
belebele_eng_88,0.80522317,-0.77776045
belebele_eng_880,0.6933035,0.1741344
belebele_eng_881,0.6933035,0.1741344
belebele_eng_882,0.80522317,-0.77776045
belebele_eng_883,0.7477486,1.1223401
belebele_eng_884,0.80522317,-0.77776045
belebele_eng_885,0.6933035,0.1741344
belebele_eng_886,0.63318455,0.13974576
belebele_eng_887,0.80522317,-0.77776045
belebele_eng_888,0.7642891,-0.2684724
belebele_eng_889,0.80522317,-0.77776045
belebele_eng_89,0.80522317,-0.77776045
belebele_eng_890,0.69161004,-0.29073063
belebele_eng_891,0.80522317,-0.77776045
belebele_eng_892,0.7338966,0.19710252
belebele_eng_893,0.80522317,-0.77776045
belebele_eng_894,0.73943514,0.6612007
belebele_eng_895,0.66330975,0.60132694
belebele_eng_896,0.7477486,1.1223401
belebele_eng_897,0.6044916,0.55084634
belebele_eng_898,0.63318455,0.13974576
belebele_eng_899,0.6933035,0.1741344
belebele_eng_9,0.80522317,-0.77776045
belebele_eng_90,0.6933035,0.1741344
belebele_eng_91,0.80522317,-0.77776045
belebele_eng_92,0.80522317,-0.77776045
belebele_eng_93,0.80522317,-0.77776045
belebele_eng_94,0.80522317,-0.77776045
belebele_eng_95,0.7642891,-0.2684724
belebele_eng_96,0.80522317,-0.77776045
belebele_eng_97,0.6044916,0.55084634
belebele_eng_98,0.7642891,-0.2684724
belebele_eng_99,0.80522317,-0.77776045
belebele_hau_0,0.80522317,-0.77776045
belebele_hau_1,0.60404813,0.12307197
belebele_hau_10,0.80522317,-0.77776045
belebele_hau_100,0.73943514,0.6612007
belebele_hau_101,0.6933035,0.1741344
belebele_hau_102,0.6959062,0.62772906
belebele_hau_103,0.6044916,0.55084634
belebele_hau_104,0.7642891,-0.2684724
belebele_hau_105,0.6933035,0.1741344
belebele_hau_106,0.7241757,-0.28113684
belebele_hau_107,0.7163239,1.5429639
belebele_hau_108,0.7477486,1.1223401
belebele_hau_109,0.7282954,0.19395256
belebele_hau_11,0.63318455,0.13974576
belebele_hau_110,0.73943514,0.6612007
belebele_hau_111,0.6933035,0.1741344
belebele_hau_112,0.80522317,-0.77776045
belebele_hau_113,0.7241757,-0.28113684
belebele_hau_114,0.6054193,0.55167013
belebele_hau_115,0.6626997,0.1566573
belebele_hau_116,0.80522317,-0.77776045
belebele_hau_117,0.5802621,0.5290278
belebele_hau_118,0.7642891,-0.2684724
belebele_hau_119,0.73943514,0.6612007
belebele_hau_12,0.7163239,1.5429639
belebele_hau_120,0.7477486,1.1223401
belebele_hau_121,0.69161004,-0.29073063
belebele_hau_122,0.7642891,-0.2684724
belebele_hau_123,0.6959062,0.62772906
belebele_hau_124,0.69161004,-0.29073063
belebele_hau_125,0.6933035,0.1741344
belebele_hau_126,0.80522317,-0.77776045
belebele_hau_127,0.7642891,-0.2684724
belebele_hau_128,0.65816486,0.15406066
belebele_hau_129,0.80522317,-0.77776045
belebele_hau_13,0.7642891,-0.2684724
belebele_hau_130,0.65816486,0.15406066
belebele_hau_131,0.80522317,-0.77776045
belebele_hau_132,0.65816486,0.15406066
belebele_hau_133,0.69447774,0.17480274
belebele_hau_134,0.69161004,-0.29073063
belebele_hau_135,0.7477486,1.1223401
belebele_hau_136,0.80522317,-0.77776045
belebele_hau_137,0.80522317,-0.77776045
belebele_hau_138,0.7163239,1.5429639
belebele_hau_139,0.80522317,-0.77776045
belebele_hau_14,0.6364851,0.5787512
belebele_hau_140,0.80522317,-0.77776045
belebele_hau_141,0.80522317,-0.77776045
belebele_hau_142,0.7477486,1.1223401
belebele_hau_143,0.66330975,0.60132694
belebele_hau_144,0.7241757,-0.28113684
belebele_hau_145,0.6933035,0.1741344
belebele_hau_146,0.7642891,-0.2684724
belebele_hau_147,0.63821864,1.012501
belebele_hau_148,0.80522317,-0.77776045
belebele_hau_149,0.6710693,1.0479506
belebele_hau_15,0.7642891,-0.2684724
belebele_hau_150,0.6933035,0.1741344
belebele_hau_151,0.69161004,-0.29073063
belebele_hau_152,0.6933035,0.1741344
belebele_hau_153,0.80522317,-0.77776045
belebele_hau_154,0.80522317,-0.77776045
belebele_hau_155,0.80522317,-0.77776045
belebele_hau_156,0.80522317,-0.77776045
belebele_hau_157,0.80522317,-0.77776045
belebele_hau_158,0.63318455,0.13974576
belebele_hau_159,0.7642891,-0.2684724
belebele_hau_16,0.6933035,0.1741344
belebele_hau_160,0.7642891,-0.2684724
belebele_hau_161,0.7241757,-0.28113684
belebele_hau_162,0.80522317,-0.77776045
belebele_hau_163,0.7282954,0.19395256
belebele_hau_164,0.7642891,-0.2684724
belebele_hau_165,0.80522317,-0.77776045
belebele_hau_166,0.80522317,-0.77776045
belebele_hau_167,0.6933035,0.1741344
belebele_hau_168,0.80522317,-0.77776045
belebele_hau_169,0.6959062,0.62772906
belebele_hau_17,0.80522317,-0.77776045
belebele_hau_170,0.6933035,0.1741344
belebele_hau_171,0.6933035,0.1741344
belebele_hau_172,0.66330975,0.60132694
belebele_hau_173,0.80522317,-0.77776045
belebele_hau_174,0.6959062,0.62772906
belebele_hau_175,0.6933035,0.1741344
belebele_hau_176,0.6933035,0.1741344
belebele_hau_177,0.7642891,-0.2684724
belebele_hau_178,0.80522317,-0.77776045
belebele_hau_179,0.63318455,0.13974576
belebele_hau_18,0.80522317,-0.77776045
belebele_hau_180,0.7293594,-0.27954894
belebele_hau_181,0.6626997,0.1566573
belebele_hau_182,0.80522317,-0.77776045
belebele_hau_183,0.6933035,0.1741344
belebele_hau_184,0.80522317,-0.77776045
belebele_hau_185,0.7013139,0.63199866
belebele_hau_186,0.6933035,0.1741344
belebele_hau_187,0.73943514,0.6612007
belebele_hau_188,0.6933035,0.1741344
belebele_hau_189,0.80522317,-0.77776045
belebele_hau_19,0.7338966,0.19710252
belebele_hau_190,0.80522317,-0.77776045
belebele_hau_191,0.80522317,-0.77776045
belebele_hau_192,0.80522317,-0.77776045
belebele_hau_193,0.80522317,-0.77776045
belebele_hau_194,0.69161004,-0.29073063
belebele_hau_195,0.80522317,-0.77776045
belebele_hau_196,0.80522317,-0.77776045
belebele_hau_197,0.6626997,0.1566573
belebele_hau_198,0.80522317,-0.77776045
belebele_hau_199,0.7282954,0.19395256
belebele_hau_2,0.69161004,-0.29073063
belebele_hau_20,0.80522317,-0.77776045
belebele_hau_200,0.66330975,0.60132694
belebele_hau_201,0.7241757,-0.28113684
belebele_hau_202,0.7642891,-0.2684724
belebele_hau_203,0.66330975,0.60132694
belebele_hau_204,0.69161004,-0.29073063
belebele_hau_205,0.6933035,0.1741344
belebele_hau_206,0.80522317,-0.77776045
belebele_hau_207,0.7642891,-0.2684724
belebele_hau_208,0.80522317,-0.77776045
belebele_hau_209,0.7642891,-0.2684724
belebele_hau_21,0.7013139,0.63199866
belebele_hau_210,0.7163239,1.5429639
belebele_hau_211,0.80522317,-0.77776045
belebele_hau_212,0.7642891,-0.2684724
belebele_hau_213,0.80522317,-0.77776045
belebele_hau_214,0.80522317,-0.77776045
belebele_hau_215,0.80522317,-0.77776045
belebele_hau_216,0.80522317,-0.77776045
belebele_hau_217,0.7477486,1.1223401
belebele_hau_218,0.7163239,1.5429639
belebele_hau_219,0.7163239,1.5429639
belebele_hau_22,0.69447774,0.17480274
belebele_hau_220,0.7642891,-0.2684724
belebele_hau_221,0.7282954,0.19395256
belebele_hau_222,0.69161004,-0.29073063
belebele_hau_223,0.7282954,0.19395256
belebele_hau_224,0.7642891,-0.2684724
belebele_hau_225,0.80522317,-0.77776045
belebele_hau_226,0.80522317,-0.77776045
belebele_hau_227,0.63318455,0.13974576
belebele_hau_228,0.6933035,0.1741344
belebele_hau_229,0.6933035,0.1741344
belebele_hau_23,0.6044916,0.55084634
belebele_hau_230,0.69161004,-0.29073063
belebele_hau_231,0.7241757,-0.28113684
belebele_hau_232,0.80522317,-0.77776045
belebele_hau_233,0.6933035,0.1741344
belebele_hau_234,0.6054193,0.55167013
belebele_hau_235,0.80522317,-0.77776045
belebele_hau_236,0.80522317,-0.77776045
belebele_hau_237,0.80522317,-0.77776045
belebele_hau_238,0.7338966,0.19710252
belebele_hau_239,0.73943514,0.6612007
belebele_hau_24,0.6959062,0.62772906
belebele_hau_240,0.7642891,-0.2684724
belebele_hau_241,0.6933035,0.1741344
belebele_hau_242,0.80522317,-0.77776045
belebele_hau_243,0.80522317,-0.77776045
belebele_hau_244,0.80522317,-0.77776045
belebele_hau_245,0.6959062,0.62772906
belebele_hau_246,0.80522317,-0.77776045
belebele_hau_247,0.65816486,0.15406066
belebele_hau_248,0.6933035,0.1741344
belebele_hau_249,0.80522317,-0.77776045
belebele_hau_25,0.6710693,1.0479506
belebele_hau_250,0.7293594,-0.27954894
belebele_hau_251,0.7293594,-0.27954894
belebele_hau_252,0.7338966,0.19710252
belebele_hau_253,0.80522317,-0.77776045
belebele_hau_254,0.69447774,0.17480274
belebele_hau_255,0.6959062,0.62772906
belebele_hau_256,0.6933035,0.1741344
belebele_hau_257,0.80522317,-0.77776045
belebele_hau_258,0.7642891,-0.2684724
belebele_hau_259,0.7163239,1.5429639
belebele_hau_26,0.633549,1.0072805
belebele_hau_260,0.7163239,1.5429639
belebele_hau_261,0.7477486,1.1223401
belebele_hau_262,0.80522317,-0.77776045
belebele_hau_263,0.69161004,-0.29073063
belebele_hau_264,0.7477486,1.1223401
belebele_hau_265,0.80522317,-0.77776045
belebele_hau_266,0.7241757,-0.28113684
belebele_hau_267,0.80522317,-0.77776045
belebele_hau_268,0.6933035,0.1741344
belebele_hau_269,0.7642891,-0.2684724
belebele_hau_27,0.6933035,0.1741344
belebele_hau_270,0.6933035,0.1741344
belebele_hau_271,0.7642891,-0.2684724
belebele_hau_272,0.6959062,0.62772906
belebele_hau_273,0.7642891,-0.2684724
belebele_hau_274,0.7477486,1.1223401
belebele_hau_275,0.69447774,0.17480274
belebele_hau_276,0.6933035,0.1741344
belebele_hau_277,0.80522317,-0.77776045
belebele_hau_278,0.80522317,-0.77776045
belebele_hau_279,0.69161004,-0.29073063
belebele_hau_28,0.7163239,1.5429639
belebele_hau_280,0.80522317,-0.77776045
belebele_hau_281,0.6933035,0.1741344
belebele_hau_282,0.80522317,-0.77776045
belebele_hau_283,0.7241757,-0.28113684
belebele_hau_284,0.80522317,-0.77776045
belebele_hau_285,0.6710693,1.0479506
belebele_hau_286,0.7642891,-0.2684724
belebele_hau_287,0.73943514,0.6612007
belebele_hau_288,0.80522317,-0.77776045
belebele_hau_289,0.7477486,1.1223401
belebele_hau_29,0.6933035,0.1741344
belebele_hau_290,0.7642891,-0.2684724
belebele_hau_291,0.80522317,-0.77776045
belebele_hau_292,0.80522317,-0.77776045
belebele_hau_293,0.80522317,-0.77776045
belebele_hau_294,0.80522317,-0.77776045
belebele_hau_295,0.80522317,-0.77776045
belebele_hau_296,0.80522317,-0.77776045
belebele_hau_297,0.7163239,1.5429639
belebele_hau_298,0.73943514,0.6612007
belebele_hau_299,0.80522317,-0.77776045
belebele_hau_3,0.6933035,0.1741344
belebele_hau_30,0.6933035,0.1741344
belebele_hau_300,0.80522317,-0.77776045
belebele_hau_301,0.7163239,1.5429639
belebele_hau_302,0.7642891,-0.2684724
belebele_hau_303,0.69161004,-0.29073063
belebele_hau_304,0.80522317,-0.77776045
belebele_hau_305,0.7642891,-0.2684724
belebele_hau_306,0.7642891,-0.2684724
belebele_hau_307,0.7282954,0.19395256
belebele_hau_308,0.7293594,-0.27954894
belebele_hau_309,0.6959062,0.62772906
belebele_hau_31,0.69161004,-0.29073063
belebele_hau_310,0.80522317,-0.77776045
belebele_hau_311,0.6044916,0.55084634
belebele_hau_312,0.7642891,-0.2684724
belebele_hau_313,0.7338966,0.19710252
belebele_hau_314,0.6933035,0.1741344
belebele_hau_315,0.80522317,-0.77776045
belebele_hau_316,0.6933035,0.1741344
belebele_hau_317,0.6933035,0.1741344
belebele_hau_318,0.7477486,1.1223401
belebele_hau_319,0.7282954,0.19395256
belebele_hau_32,0.6933035,0.1741344
belebele_hau_320,0.69447774,0.17480274
belebele_hau_321,0.7642891,-0.2684724
belebele_hau_322,0.80522317,-0.77776045
belebele_hau_323,0.6348883,-0.3055597
belebele_hau_324,0.7013139,0.63199866
belebele_hau_325,0.7642891,-0.2684724
belebele_hau_326,0.7477486,1.1223401
belebele_hau_327,0.80522317,-0.77776045
belebele_hau_328,0.6044916,0.55084634
belebele_hau_329,0.7163239,1.5429639
belebele_hau_33,0.80522317,-0.77776045
belebele_hau_330,0.80522317,-0.77776045
belebele_hau_331,0.7642891,-0.2684724
belebele_hau_332,0.80522317,-0.77776045
belebele_hau_333,0.6959062,0.62772906
belebele_hau_334,0.69161004,-0.29073063
belebele_hau_335,0.69161004,-0.29073063
belebele_hau_336,0.69161004,-0.29073063
belebele_hau_337,0.7642891,-0.2684724
belebele_hau_338,0.80522317,-0.77776045
belebele_hau_339,0.69161004,-0.29073063
belebele_hau_34,0.80522317,-0.77776045
belebele_hau_340,0.69161004,-0.29073063
belebele_hau_341,0.7163239,1.5429639
belebele_hau_342,0.73943514,0.6612007
belebele_hau_343,0.633549,1.0072805
belebele_hau_344,0.7642891,-0.2684724
belebele_hau_345,0.6933035,0.1741344
belebele_hau_346,0.6044916,0.55084634
belebele_hau_347,0.69161004,-0.29073063
belebele_hau_348,0.7642891,-0.2684724
belebele_hau_349,0.6959062,0.62772906
belebele_hau_35,0.6933035,0.1741344
belebele_hau_350,0.80522317,-0.77776045
belebele_hau_351,0.80522317,-0.77776045
belebele_hau_352,0.7241757,-0.28113684
belebele_hau_353,0.7477486,1.1223401
belebele_hau_354,0.6933035,0.1741344
belebele_hau_355,0.65816486,0.15406066
belebele_hau_356,0.80522317,-0.77776045
belebele_hau_357,0.7642891,-0.2684724
belebele_hau_358,0.7163239,1.5429639
belebele_hau_359,0.80522317,-0.77776045
belebele_hau_36,0.7642891,-0.2684724
belebele_hau_360,0.63318455,0.13974576
belebele_hau_361,0.7163239,1.5429639
belebele_hau_362,0.65816486,0.15406066
belebele_hau_363,0.6933035,0.1741344
belebele_hau_364,0.7163239,1.5429639
belebele_hau_365,0.6320794,0.574971
belebele_hau_366,0.80522317,-0.77776045
belebele_hau_367,0.7477486,1.1223401
belebele_hau_368,0.69161004,-0.29073063
belebele_hau_369,0.69161004,-0.29073063
belebele_hau_37,0.80522317,-0.77776045
belebele_hau_370,0.7642891,-0.2684724
belebele_hau_371,0.6348883,-0.3055597
belebele_hau_372,0.69161004,-0.29073063
belebele_hau_373,0.7163239,1.5429639
belebele_hau_374,0.63318455,0.13974576
belebele_hau_375,0.6933035,0.1741344
belebele_hau_376,0.60404813,0.12307197
belebele_hau_377,0.7013139,0.63199866
belebele_hau_378,0.6626997,0.1566573
belebele_hau_379,0.65816486,0.15406066
belebele_hau_38,0.80522317,-0.77776045
belebele_hau_380,0.80522317,-0.77776045
belebele_hau_381,0.6320794,0.574971
belebele_hau_382,0.7477486,1.1223401
belebele_hau_383,0.69161004,-0.29073063
belebele_hau_384,0.73943514,0.6612007
belebele_hau_385,0.80522317,-0.77776045
belebele_hau_386,0.6933035,0.1741344
belebele_hau_387,0.80522317,-0.77776045
belebele_hau_388,0.80522317,-0.77776045
belebele_hau_389,0.80522317,-0.77776045
belebele_hau_39,0.7338966,0.19710252
belebele_hau_390,0.7642891,-0.2684724
belebele_hau_391,0.6054193,0.55167013
belebele_hau_392,0.6933035,0.1741344
belebele_hau_393,0.80522317,-0.77776045
belebele_hau_394,0.7477486,1.1223401
belebele_hau_395,0.7477486,1.1223401
belebele_hau_396,0.7642891,-0.2684724
belebele_hau_397,0.63821864,1.012501
belebele_hau_398,0.6320794,0.574971
belebele_hau_399,0.73943514,0.6612007
belebele_hau_4,0.7642891,-0.2684724
belebele_hau_40,0.73943514,0.6612007
belebele_hau_400,0.80522317,-0.77776045
belebele_hau_401,0.69447774,0.17480274
belebele_hau_402,0.80522317,-0.77776045
belebele_hau_403,0.6933035,0.1741344
belebele_hau_404,0.7642891,-0.2684724
belebele_hau_405,0.7338966,0.19710252
belebele_hau_406,0.69161004,-0.29073063
belebele_hau_407,0.80522317,-0.77776045
belebele_hau_408,0.80522317,-0.77776045
belebele_hau_409,0.69161004,-0.29073063
belebele_hau_41,0.65816486,0.15406066
belebele_hau_410,0.80522317,-0.77776045
belebele_hau_411,0.69447774,0.17480274
belebele_hau_412,0.80522317,-0.77776045
belebele_hau_413,0.69161004,-0.29073063
belebele_hau_414,0.6044916,0.55084634
belebele_hau_415,0.73943514,0.6612007
belebele_hau_416,0.66330975,0.60132694
belebele_hau_417,0.6348883,-0.3055597
belebele_hau_418,0.80522317,-0.77776045
belebele_hau_419,0.7282954,0.19395256
belebele_hau_42,0.6959062,0.62772906
belebele_hau_420,0.7293594,-0.27954894
belebele_hau_421,0.7163239,1.5429639
belebele_hau_422,0.7282954,0.19395256
belebele_hau_423,0.7338966,0.19710252
belebele_hau_424,0.80522317,-0.77776045
belebele_hau_425,0.80522317,-0.77776045
belebele_hau_426,0.6710693,1.0479506
belebele_hau_427,0.63318455,0.13974576
belebele_hau_428,0.7241757,-0.28113684
belebele_hau_429,0.6044916,0.55084634
belebele_hau_43,0.6959062,0.62772906
belebele_hau_430,0.80522317,-0.77776045
belebele_hau_431,0.7163239,1.5429639
belebele_hau_432,0.7642891,-0.2684724
belebele_hau_433,0.69447774,0.17480274
belebele_hau_434,0.6933035,0.1741344
belebele_hau_435,0.80522317,-0.77776045
belebele_hau_436,0.7477486,1.1223401
belebele_hau_437,0.80522317,-0.77776045
belebele_hau_438,0.80522317,-0.77776045
belebele_hau_439,0.7163239,1.5429639
belebele_hau_44,0.7477486,1.1223401
belebele_hau_440,0.7282954,0.19395256
belebele_hau_441,0.80522317,-0.77776045
belebele_hau_442,0.7642891,-0.2684724
belebele_hau_443,0.80522317,-0.77776045
belebele_hau_444,0.5802621,0.5290278
belebele_hau_445,0.80522317,-0.77776045
belebele_hau_446,0.6959062,0.62772906
belebele_hau_447,0.7163239,1.5429639
belebele_hau_448,0.80522317,-0.77776045
belebele_hau_449,0.80522317,-0.77776045
belebele_hau_45,0.6933035,0.1741344
belebele_hau_450,0.7338966,0.19710252
belebele_hau_451,0.633549,1.0072805
belebele_hau_452,0.73943514,0.6612007
belebele_hau_453,0.7642891,-0.2684724
belebele_hau_454,0.6044916,0.55084634
belebele_hau_455,0.65816486,0.15406066
belebele_hau_456,0.7282954,0.19395256
belebele_hau_457,0.63318455,0.13974576
belebele_hau_458,0.7013139,0.63199866
belebele_hau_459,0.6959062,0.62772906
belebele_hau_46,0.80522317,-0.77776045
belebele_hau_460,0.7477486,1.1223401
belebele_hau_461,0.80522317,-0.77776045
belebele_hau_462,0.6933035,0.1741344
belebele_hau_463,0.69161004,-0.29073063
belebele_hau_464,0.7293594,-0.27954894
belebele_hau_465,0.80522317,-0.77776045
belebele_hau_466,0.7282954,0.19395256
belebele_hau_467,0.7293594,-0.27954894
belebele_hau_468,0.6959062,0.62772906
belebele_hau_469,0.80522317,-0.77776045
belebele_hau_47,0.6959062,0.62772906
belebele_hau_470,0.7241757,-0.28113684
belebele_hau_471,0.80522317,-0.77776045
belebele_hau_472,0.69161004,-0.29073063
belebele_hau_473,0.80522317,-0.77776045
belebele_hau_474,0.6933035,0.1741344
belebele_hau_475,0.80522317,-0.77776045
belebele_hau_476,0.6933035,0.1741344
belebele_hau_477,0.65816486,0.15406066
belebele_hau_478,0.80522317,-0.77776045
belebele_hau_479,0.7163239,1.5429639
belebele_hau_48,0.6710693,1.0479506
belebele_hau_480,0.80522317,-0.77776045
belebele_hau_481,0.7642891,-0.2684724
belebele_hau_482,0.80522317,-0.77776045
belebele_hau_483,0.7163239,1.5429639
belebele_hau_484,0.80522317,-0.77776045
belebele_hau_485,0.80522317,-0.77776045
belebele_hau_486,0.7163239,1.5429639
belebele_hau_487,0.7163239,1.5429639
belebele_hau_488,0.80522317,-0.77776045
belebele_hau_489,0.7642891,-0.2684724
belebele_hau_49,0.80522317,-0.77776045
belebele_hau_490,0.7241757,-0.28113684
belebele_hau_491,0.6933035,0.1741344
belebele_hau_492,0.6933035,0.1741344
belebele_hau_493,0.6959062,0.62772906
belebele_hau_494,0.6933035,0.1741344
belebele_hau_495,0.6626997,0.1566573
belebele_hau_496,0.63821864,1.012501
belebele_hau_497,0.7293594,-0.27954894
belebele_hau_498,0.6710693,1.0479506
belebele_hau_499,0.80522317,-0.77776045
belebele_hau_5,0.7338966,0.19710252
belebele_hau_50,0.6959062,0.62772906
belebele_hau_500,0.7338966,0.19710252
belebele_hau_501,0.7642891,-0.2684724
belebele_hau_502,0.7282954,0.19395256
belebele_hau_503,0.6626997,0.1566573
belebele_hau_504,0.7241757,-0.28113684
belebele_hau_505,0.80522317,-0.77776045
belebele_hau_506,0.7642891,-0.2684724
belebele_hau_507,0.7293594,-0.27954894
belebele_hau_508,0.69161004,-0.29073063
belebele_hau_509,0.7282954,0.19395256
belebele_hau_51,0.7293594,-0.27954894
belebele_hau_510,0.60534966,0.97477794
belebele_hau_511,0.7642891,-0.2684724
belebele_hau_512,0.7477486,1.1223401
belebele_hau_513,0.7293594,-0.27954894
belebele_hau_514,0.65816486,0.15406066
belebele_hau_515,0.80522317,-0.77776045
belebele_hau_516,0.6959062,0.62772906
belebele_hau_517,0.7642891,-0.2684724
belebele_hau_518,0.69161004,-0.29073063
belebele_hau_519,0.6933035,0.1741344
belebele_hau_52,0.7163239,1.5429639
belebele_hau_520,0.6933035,0.1741344
belebele_hau_521,0.6710693,1.0479506
belebele_hau_522,0.7013139,0.63199866
belebele_hau_523,0.6044916,0.55084634
belebele_hau_524,0.6933035,0.1741344
belebele_hau_525,0.6959062,0.62772906
belebele_hau_526,0.69161004,-0.29073063
belebele_hau_527,0.80522317,-0.77776045
belebele_hau_528,0.7163239,1.5429639
belebele_hau_529,0.7163239,1.5429639
belebele_hau_53,0.80522317,-0.77776045
belebele_hau_530,0.6044916,0.55084634
belebele_hau_531,0.6044916,0.55084634
belebele_hau_532,0.65816486,0.15406066
belebele_hau_533,0.80522317,-0.77776045
belebele_hau_534,0.7282954,0.19395256
belebele_hau_535,0.69161004,-0.29073063
belebele_hau_536,0.65816486,0.15406066
belebele_hau_537,0.80522317,-0.77776045
belebele_hau_538,0.7282954,0.19395256
belebele_hau_539,0.6959062,0.62772906
belebele_hau_54,0.80522317,-0.77776045
belebele_hau_540,0.73943514,0.6612007
belebele_hau_541,0.7477486,1.1223401
belebele_hau_542,0.7163239,1.5429639
belebele_hau_543,0.80522317,-0.77776045
belebele_hau_544,0.66330975,0.60132694
belebele_hau_545,0.7013139,0.63199866
belebele_hau_546,0.6348883,-0.3055597
belebele_hau_547,0.69447774,0.17480274
belebele_hau_548,0.73943514,0.6612007
belebele_hau_549,0.80522317,-0.77776045
belebele_hau_55,0.7477486,1.1223401
belebele_hau_550,0.6959062,0.62772906
belebele_hau_551,0.6933035,0.1741344
belebele_hau_552,0.69161004,-0.29073063
belebele_hau_553,0.7642891,-0.2684724
belebele_hau_554,0.80522317,-0.77776045
belebele_hau_555,0.80522317,-0.77776045
belebele_hau_556,0.7338966,0.19710252
belebele_hau_557,0.80522317,-0.77776045
belebele_hau_558,0.7642891,-0.2684724
belebele_hau_559,0.6933035,0.1741344
belebele_hau_56,0.7013139,0.63199866
belebele_hau_560,0.6933035,0.1741344
belebele_hau_561,0.6044916,0.55084634
belebele_hau_562,0.5802779,0.10954206
belebele_hau_563,0.6933035,0.1741344
belebele_hau_564,0.7477486,1.1223401
belebele_hau_565,0.80522317,-0.77776045
belebele_hau_566,0.7642891,-0.2684724
belebele_hau_567,0.69447774,0.17480274
belebele_hau_568,0.6933035,0.1741344
belebele_hau_569,0.80522317,-0.77776045
belebele_hau_57,0.7163239,1.5429639
belebele_hau_570,0.6044916,0.55084634
belebele_hau_571,0.80522317,-0.77776045
belebele_hau_572,0.6933035,0.1741344
belebele_hau_573,0.6959062,0.62772906
belebele_hau_574,0.69161004,-0.29073063
belebele_hau_575,0.7642891,-0.2684724
belebele_hau_576,0.66330975,0.60132694
belebele_hau_577,0.6933035,0.1741344
belebele_hau_578,0.69161004,-0.29073063
belebele_hau_579,0.7642891,-0.2684724
belebele_hau_58,0.7477486,1.1223401
belebele_hau_580,0.80522317,-0.77776045
belebele_hau_581,0.633549,1.0072805
belebele_hau_582,0.69447774,0.17480274
belebele_hau_583,0.6710693,1.0479506
belebele_hau_584,0.6933035,0.1741344
belebele_hau_585,0.7642891,-0.2684724
belebele_hau_586,0.6959062,0.62772906
belebele_hau_587,0.65816486,0.15406066
belebele_hau_588,0.80522317,-0.77776045
belebele_hau_589,0.7642891,-0.2684724
belebele_hau_59,0.80522317,-0.77776045
belebele_hau_590,0.7477486,1.1223401
belebele_hau_591,0.7338966,0.19710252
belebele_hau_592,0.6933035,0.1741344
belebele_hau_593,0.7163239,1.5429639
belebele_hau_594,0.7642891,-0.2684724
belebele_hau_595,0.7642891,-0.2684724
belebele_hau_596,0.80522317,-0.77776045
belebele_hau_597,0.6933035,0.1741344
belebele_hau_598,0.69447774,0.17480274
belebele_hau_599,0.7642891,-0.2684724
belebele_hau_6,0.6933035,0.1741344
belebele_hau_60,0.80522317,-0.77776045
belebele_hau_600,0.80522317,-0.77776045
belebele_hau_601,0.7293594,-0.27954894
belebele_hau_602,0.80522317,-0.77776045
belebele_hau_603,0.7477486,1.1223401
belebele_hau_604,0.7282954,0.19395256
belebele_hau_605,0.66330975,0.60132694
belebele_hau_606,0.7642891,-0.2684724
belebele_hau_607,0.7642891,-0.2684724
belebele_hau_608,0.7013139,0.63199866
belebele_hau_609,0.7163239,1.5429639
belebele_hau_61,0.80522317,-0.77776045
belebele_hau_610,0.80522317,-0.77776045
belebele_hau_611,0.6933035,0.1741344
belebele_hau_612,0.7642891,-0.2684724
belebele_hau_613,0.80522317,-0.77776045
belebele_hau_614,0.6044916,0.55084634
belebele_hau_615,0.6044916,0.55084634
belebele_hau_616,0.7282954,0.19395256
belebele_hau_617,0.6933035,0.1741344
belebele_hau_618,0.69161004,-0.29073063
belebele_hau_619,0.69161004,-0.29073063
belebele_hau_62,0.6044916,0.55084634
belebele_hau_620,0.80522317,-0.77776045
belebele_hau_621,0.80522317,-0.77776045
belebele_hau_622,0.60404813,0.12307197
belebele_hau_623,0.80522317,-0.77776045
belebele_hau_624,0.6710693,1.0479506
belebele_hau_625,0.6044916,0.55084634
belebele_hau_626,0.7642891,-0.2684724
belebele_hau_627,0.7282954,0.19395256
belebele_hau_628,0.7163239,1.5429639
belebele_hau_629,0.7642891,-0.2684724
belebele_hau_63,0.6933035,0.1741344
belebele_hau_630,0.6710693,1.0479506
belebele_hau_631,0.7013139,0.63199866
belebele_hau_632,0.63318455,0.13974576
belebele_hau_633,0.7241757,-0.28113684
belebele_hau_634,0.7642891,-0.2684724
belebele_hau_635,0.7293594,-0.27954894
belebele_hau_636,0.80522317,-0.77776045
belebele_hau_637,0.69447774,0.17480274
belebele_hau_638,0.69161004,-0.29073063
belebele_hau_639,0.7163239,1.5429639
belebele_hau_64,0.80522317,-0.77776045
belebele_hau_640,0.80522317,-0.77776045
belebele_hau_641,0.7163239,1.5429639
belebele_hau_642,0.7163239,1.5429639
belebele_hau_643,0.7642891,-0.2684724
belebele_hau_644,0.63821864,1.012501
belebele_hau_645,0.60534966,0.97477794
belebele_hau_646,0.7163239,1.5429639
belebele_hau_647,0.7163239,1.5429639
belebele_hau_648,0.69447774,0.17480274
belebele_hau_649,0.73943514,0.6612007
belebele_hau_65,0.80522317,-0.77776045
belebele_hau_650,0.6044916,0.55084634
belebele_hau_651,0.73943514,0.6612007
belebele_hau_652,0.73943514,0.6612007
belebele_hau_653,0.80522317,-0.77776045
belebele_hau_654,0.65816486,0.15406066
belebele_hau_655,0.633549,1.0072805
belebele_hau_656,0.69161004,-0.29073063
belebele_hau_657,0.6933035,0.1741344
belebele_hau_658,0.7642891,-0.2684724
belebele_hau_659,0.6933035,0.1741344
belebele_hau_66,0.7642891,-0.2684724
belebele_hau_660,0.7642891,-0.2684724
belebele_hau_661,0.80522317,-0.77776045
belebele_hau_662,0.7293594,-0.27954894
belebele_hau_663,0.7163239,1.5429639
belebele_hau_664,0.7642891,-0.2684724
belebele_hau_665,0.63821864,1.012501
belebele_hau_666,0.7477486,1.1223401
belebele_hau_667,0.6959062,0.62772906
belebele_hau_668,0.73943514,0.6612007
belebele_hau_669,0.69161004,-0.29073063
belebele_hau_67,0.7241757,-0.28113684
belebele_hau_670,0.7282954,0.19395256
belebele_hau_671,0.6959062,0.62772906
belebele_hau_672,0.65816486,0.15406066
belebele_hau_673,0.80522317,-0.77776045
belebele_hau_674,0.80522317,-0.77776045
belebele_hau_675,0.80522317,-0.77776045
belebele_hau_676,0.6933035,0.1741344
belebele_hau_677,0.6933035,0.1741344
belebele_hau_678,0.7642891,-0.2684724
belebele_hau_679,0.69161004,-0.29073063
belebele_hau_68,0.6044916,0.55084634
belebele_hau_680,0.633549,1.0072805
belebele_hau_681,0.69161004,-0.29073063
belebele_hau_682,0.69161004,-0.29073063
belebele_hau_683,0.7163239,1.5429639
belebele_hau_684,0.6933035,0.1741344
belebele_hau_685,0.69161004,-0.29073063
belebele_hau_686,0.7013139,0.63199866
belebele_hau_687,0.80522317,-0.77776045
belebele_hau_688,0.6959062,0.62772906
belebele_hau_689,0.65816486,0.15406066
belebele_hau_69,0.80522317,-0.77776045
belebele_hau_690,0.6044916,0.55084634
belebele_hau_691,0.80522317,-0.77776045
belebele_hau_692,0.7477486,1.1223401
belebele_hau_693,0.7163239,1.5429639
belebele_hau_694,0.80522317,-0.77776045
belebele_hau_695,0.7282954,0.19395256
belebele_hau_696,0.7477486,1.1223401
belebele_hau_697,0.80522317,-0.77776045
belebele_hau_698,0.7642891,-0.2684724
belebele_hau_699,0.69161004,-0.29073063
belebele_hau_7,0.80522317,-0.77776045
belebele_hau_70,0.63821864,1.012501
belebele_hau_700,0.66330975,0.60132694
belebele_hau_701,0.69161004,-0.29073063
belebele_hau_702,0.7477486,1.1223401
belebele_hau_703,0.63821864,1.012501
belebele_hau_704,0.7163239,1.5429639
belebele_hau_705,0.60534966,0.97477794
belebele_hau_706,0.7642891,-0.2684724
belebele_hau_707,0.6959062,0.62772906
belebele_hau_708,0.6933035,0.1741344
belebele_hau_709,0.7163239,1.5429639
belebele_hau_71,0.7013139,0.63199866
belebele_hau_710,0.80522317,-0.77776045
belebele_hau_711,0.633549,1.0072805
belebele_hau_712,0.80522317,-0.77776045
belebele_hau_713,0.7477486,1.1223401
belebele_hau_714,0.7477486,1.1223401
belebele_hau_715,0.7293594,-0.27954894
belebele_hau_716,0.69161004,-0.29073063
belebele_hau_717,0.6959062,0.62772906
belebele_hau_718,0.6933035,0.1741344
belebele_hau_719,0.7642891,-0.2684724
belebele_hau_72,0.66330975,0.60132694
belebele_hau_720,0.7642891,-0.2684724
belebele_hau_721,0.7642891,-0.2684724
belebele_hau_722,0.80522317,-0.77776045
belebele_hau_723,0.63318455,0.13974576
belebele_hau_724,0.69447774,0.17480274
belebele_hau_725,0.7241757,-0.28113684
belebele_hau_726,0.7477486,1.1223401
belebele_hau_727,0.69161004,-0.29073063
belebele_hau_728,0.6710693,1.0479506
belebele_hau_729,0.6364851,0.5787512
belebele_hau_73,0.80522317,-0.77776045
belebele_hau_730,0.65816486,0.15406066
belebele_hau_731,0.7293594,-0.27954894
belebele_hau_732,0.6933035,0.1741344
belebele_hau_733,0.80522317,-0.77776045
belebele_hau_734,0.69161004,-0.29073063
belebele_hau_735,0.7282954,0.19395256
belebele_hau_736,0.6933035,0.1741344
belebele_hau_737,0.7163239,1.5429639
belebele_hau_738,0.7282954,0.19395256
belebele_hau_739,0.80522317,-0.77776045
belebele_hau_74,0.7477486,1.1223401
belebele_hau_740,0.80522317,-0.77776045
belebele_hau_741,0.6626997,0.1566573
belebele_hau_742,0.6933035,0.1741344
belebele_hau_743,0.6933035,0.1741344
belebele_hau_744,0.7338966,0.19710252
belebele_hau_745,0.7477486,1.1223401
belebele_hau_746,0.80522317,-0.77776045
belebele_hau_747,0.7642891,-0.2684724
belebele_hau_748,0.69447774,0.17480274
belebele_hau_749,0.80522317,-0.77776045
belebele_hau_75,0.66330975,0.60132694
belebele_hau_750,0.7293594,-0.27954894
belebele_hau_751,0.7013139,0.63199866
belebele_hau_752,0.73943514,0.6612007
belebele_hau_753,0.7163239,1.5429639
belebele_hau_754,0.80522317,-0.77776045
belebele_hau_755,0.80522317,-0.77776045
belebele_hau_756,0.69161004,-0.29073063
belebele_hau_757,0.63821864,1.012501
belebele_hau_758,0.6933035,0.1741344
belebele_hau_759,0.80522317,-0.77776045
belebele_hau_76,0.80522317,-0.77776045
belebele_hau_760,0.80522317,-0.77776045
belebele_hau_761,0.80522317,-0.77776045
belebele_hau_762,0.7477486,1.1223401
belebele_hau_763,0.7642891,-0.2684724
belebele_hau_764,0.80522317,-0.77776045
belebele_hau_765,0.80522317,-0.77776045
belebele_hau_766,0.7013139,0.63199866
belebele_hau_767,0.80522317,-0.77776045
belebele_hau_768,0.6933035,0.1741344
belebele_hau_769,0.80522317,-0.77776045
belebele_hau_77,0.6044916,0.55084634
belebele_hau_770,0.6933035,0.1741344
belebele_hau_771,0.6959062,0.62772906
belebele_hau_772,0.633549,1.0072805
belebele_hau_773,0.7282954,0.19395256
belebele_hau_774,0.69161004,-0.29073063
belebele_hau_775,0.80522317,-0.77776045
belebele_hau_776,0.6933035,0.1741344
belebele_hau_777,0.7163239,1.5429639
belebele_hau_778,0.6054193,0.55167013
belebele_hau_779,0.80522317,-0.77776045
belebele_hau_78,0.69161004,-0.29073063
belebele_hau_780,0.7293594,-0.27954894
belebele_hau_781,0.66330975,0.60132694
belebele_hau_782,0.633549,1.0072805
belebele_hau_783,0.7293594,-0.27954894
belebele_hau_784,0.633549,1.0072805
belebele_hau_785,0.7642891,-0.2684724
belebele_hau_786,0.7338966,0.19710252
belebele_hau_787,0.80522317,-0.77776045
belebele_hau_788,0.7477486,1.1223401
belebele_hau_789,0.80522317,-0.77776045
belebele_hau_79,0.6348883,-0.3055597
belebele_hau_790,0.6044916,0.55084634
belebele_hau_791,0.7642891,-0.2684724
belebele_hau_792,0.69161004,-0.29073063
belebele_hau_793,0.69161004,-0.29073063
belebele_hau_794,0.7013139,0.63199866
belebele_hau_795,0.7477486,1.1223401
belebele_hau_796,0.7642891,-0.2684724
belebele_hau_797,0.7477486,1.1223401
belebele_hau_798,0.6959062,0.62772906
belebele_hau_799,0.80522317,-0.77776045
belebele_hau_8,0.6710693,1.0479506
belebele_hau_80,0.7642891,-0.2684724
belebele_hau_800,0.69161004,-0.29073063
belebele_hau_801,0.7013139,0.63199866
belebele_hau_802,0.6320794,0.574971
belebele_hau_803,0.7642891,-0.2684724
belebele_hau_804,0.6959062,0.62772906
belebele_hau_805,0.80522317,-0.77776045
belebele_hau_806,0.65816486,0.15406066
belebele_hau_807,0.7241757,-0.28113684
belebele_hau_808,0.7477486,1.1223401
belebele_hau_809,0.7477486,1.1223401
belebele_hau_81,0.7338966,0.19710252
belebele_hau_810,0.6626997,0.1566573
belebele_hau_811,0.6959062,0.62772906
belebele_hau_812,0.7163239,1.5429639
belebele_hau_813,0.80522317,-0.77776045
belebele_hau_814,0.7163239,1.5429639
belebele_hau_815,0.69161004,-0.29073063
belebele_hau_816,0.7282954,0.19395256
belebele_hau_817,0.73943514,0.6612007
belebele_hau_818,0.6933035,0.1741344
belebele_hau_819,0.80522317,-0.77776045
belebele_hau_82,0.69161004,-0.29073063
belebele_hau_820,0.69161004,-0.29073063
belebele_hau_821,0.7163239,1.5429639
belebele_hau_822,0.7241757,-0.28113684
belebele_hau_823,0.6044916,0.55084634
belebele_hau_824,0.80522317,-0.77776045
belebele_hau_825,0.80522317,-0.77776045
belebele_hau_826,0.6044916,0.55084634
belebele_hau_827,0.6933035,0.1741344
belebele_hau_828,0.6933035,0.1741344
belebele_hau_829,0.7282954,0.19395256
belebele_hau_83,0.7163239,1.5429639
belebele_hau_830,0.6044916,0.55084634
belebele_hau_831,0.6933035,0.1741344
belebele_hau_832,0.73943514,0.6612007
belebele_hau_833,0.6710693,1.0479506
belebele_hau_834,0.6933035,0.1741344
belebele_hau_835,0.7477486,1.1223401
belebele_hau_836,0.6933035,0.1741344
belebele_hau_837,0.6320794,0.574971
belebele_hau_838,0.6933035,0.1741344
belebele_hau_839,0.6933035,0.1741344
belebele_hau_84,0.80522317,-0.77776045
belebele_hau_840,0.80522317,-0.77776045
belebele_hau_841,0.80522317,-0.77776045
belebele_hau_842,0.7642891,-0.2684724
belebele_hau_843,0.80522317,-0.77776045
belebele_hau_844,0.633549,1.0072805
belebele_hau_845,0.69161004,-0.29073063
belebele_hau_846,0.7163239,1.5429639
belebele_hau_847,0.6933035,0.1741344
belebele_hau_848,0.7642891,-0.2684724
belebele_hau_849,0.7163239,1.5429639
belebele_hau_85,0.7293594,-0.27954894
belebele_hau_850,0.80522317,-0.77776045
belebele_hau_851,0.7642891,-0.2684724
belebele_hau_852,0.7163239,1.5429639
belebele_hau_853,0.7642891,-0.2684724
belebele_hau_854,0.73943514,0.6612007
belebele_hau_855,0.6078216,0.12522739
belebele_hau_856,0.7282954,0.19395256
belebele_hau_857,0.7477486,1.1223401
belebele_hau_858,0.7013139,0.63199866
belebele_hau_859,0.6959062,0.62772906
belebele_hau_86,0.7642891,-0.2684724
belebele_hau_860,0.7282954,0.19395256
belebele_hau_861,0.7642891,-0.2684724
belebele_hau_862,0.69447774,0.17480274
belebele_hau_863,0.6320794,0.574971
belebele_hau_864,0.80522317,-0.77776045
belebele_hau_865,0.7642891,-0.2684724
belebele_hau_866,0.6348883,-0.3055597
belebele_hau_867,0.7642891,-0.2684724
belebele_hau_868,0.7163239,1.5429639
belebele_hau_869,0.7163239,1.5429639
belebele_hau_87,0.6959062,0.62772906
belebele_hau_870,0.63821864,1.012501
belebele_hau_871,0.6044916,0.55084634
belebele_hau_872,0.69161004,-0.29073063
belebele_hau_873,0.80522317,-0.77776045
belebele_hau_874,0.7642891,-0.2684724
belebele_hau_875,0.7013139,0.63199866
belebele_hau_876,0.63318455,0.13974576
belebele_hau_877,0.6933035,0.1741344
belebele_hau_878,0.6933035,0.1741344
belebele_hau_879,0.6933035,0.1741344
belebele_hau_88,0.69447774,0.17480274
belebele_hau_880,0.6044916,0.55084634
belebele_hau_881,0.7163239,1.5429639
belebele_hau_882,0.69447774,0.17480274
belebele_hau_883,0.6959062,0.62772906
belebele_hau_884,0.80522317,-0.77776045
belebele_hau_885,0.633549,1.0072805
belebele_hau_886,0.66330975,0.60132694
belebele_hau_887,0.80522317,-0.77776045
belebele_hau_888,0.633549,1.0072805
belebele_hau_889,0.80522317,-0.77776045
belebele_hau_89,0.7293594,-0.27954894
belebele_hau_890,0.7282954,0.19395256
belebele_hau_891,0.80522317,-0.77776045
belebele_hau_892,0.6959062,0.62772906
belebele_hau_893,0.80522317,-0.77776045
belebele_hau_894,0.6710693,1.0479506
belebele_hau_895,0.7293594,-0.27954894
belebele_hau_896,0.7163239,1.5429639
belebele_hau_897,0.7477486,1.1223401
belebele_hau_898,0.7338966,0.19710252
belebele_hau_899,0.7338966,0.19710252
belebele_hau_9,0.7642891,-0.2684724
belebele_hau_90,0.73943514,0.6612007
belebele_hau_91,0.80522317,-0.77776045
belebele_hau_92,0.69161004,-0.29073063
belebele_hau_93,0.80522317,-0.77776045
belebele_hau_94,0.69161004,-0.29073063
belebele_hau_95,0.6959062,0.62772906
belebele_hau_96,0.80522317,-0.77776045
belebele_hau_97,0.7642891,-0.2684724
belebele_hau_98,0.6933035,0.1741344
belebele_hau_99,0.80522317,-0.77776045
belebele_ibo_0,0.7293594,-0.27954894
belebele_ibo_1,0.60534966,0.97477794
belebele_ibo_10,0.6054193,0.55167013
belebele_ibo_100,0.73943514,0.6612007
belebele_ibo_101,0.7241757,-0.28113684
belebele_ibo_102,0.73943514,0.6612007
belebele_ibo_103,0.7163239,1.5429639
belebele_ibo_104,0.73943514,0.6612007
belebele_ibo_105,0.6959062,0.62772906
belebele_ibo_106,0.69447774,0.17480274
belebele_ibo_107,0.7477486,1.1223401
belebele_ibo_108,0.7282954,0.19395256
belebele_ibo_109,0.7477486,1.1223401
belebele_ibo_11,0.6933035,0.1741344
belebele_ibo_110,0.7477486,1.1223401
belebele_ibo_111,0.7338966,0.19710252
belebele_ibo_112,0.7293594,-0.27954894
belebele_ibo_113,0.73943514,0.6612007
belebele_ibo_114,0.69447774,0.17480274
belebele_ibo_115,0.7293594,-0.27954894
belebele_ibo_116,0.7293594,-0.27954894
belebele_ibo_117,0.6078216,0.12522739
belebele_ibo_118,0.7642891,-0.2684724
belebele_ibo_119,0.7642891,-0.2684724
belebele_ibo_12,0.7642891,-0.2684724
belebele_ibo_120,0.6933035,0.1741344
belebele_ibo_121,0.6320794,0.574971
belebele_ibo_122,0.7163239,1.5429639
belebele_ibo_123,0.7642891,-0.2684724
belebele_ibo_124,0.7642891,-0.2684724
belebele_ibo_125,0.7477486,1.1223401
belebele_ibo_126,0.6078216,0.12522739
belebele_ibo_127,0.6933035,0.1741344
belebele_ibo_128,0.7477486,1.1223401
belebele_ibo_129,0.80522317,-0.77776045
belebele_ibo_13,0.7642891,-0.2684724
belebele_ibo_130,0.7293594,-0.27954894
belebele_ibo_131,0.69161004,-0.29073063
belebele_ibo_132,0.80522317,-0.77776045
belebele_ibo_133,0.80522317,-0.77776045
belebele_ibo_134,0.69161004,-0.29073063
belebele_ibo_135,0.66330975,0.60132694
belebele_ibo_136,0.80522317,-0.77776045
belebele_ibo_137,0.80522317,-0.77776045
belebele_ibo_138,0.7163239,1.5429639
belebele_ibo_139,0.80522317,-0.77776045
belebele_ibo_14,0.7163239,1.5429639
belebele_ibo_140,0.69447774,0.17480274
belebele_ibo_141,0.6626997,0.1566573
belebele_ibo_142,0.73943514,0.6612007
belebele_ibo_143,0.7282954,0.19395256
belebele_ibo_144,0.7293594,-0.27954894
belebele_ibo_145,0.73943514,0.6612007
belebele_ibo_146,0.7642891,-0.2684724
belebele_ibo_147,0.7163239,1.5429639
belebele_ibo_148,0.80522317,-0.77776045
belebele_ibo_149,0.7163239,1.5429639
belebele_ibo_15,0.73943514,0.6612007
belebele_ibo_150,0.80522317,-0.77776045
belebele_ibo_151,0.7642891,-0.2684724
belebele_ibo_152,0.6933035,0.1741344
belebele_ibo_153,0.80522317,-0.77776045
belebele_ibo_154,0.7241757,-0.28113684
belebele_ibo_155,0.80522317,-0.77776045
belebele_ibo_156,0.80522317,-0.77776045
belebele_ibo_157,0.80522317,-0.77776045
belebele_ibo_158,0.80522317,-0.77776045
belebele_ibo_159,0.7642891,-0.2684724
belebele_ibo_16,0.80522317,-0.77776045
belebele_ibo_160,0.80522317,-0.77776045
belebele_ibo_161,0.7282954,0.19395256
belebele_ibo_162,0.7293594,-0.27954894
belebele_ibo_163,0.73943514,0.6612007
belebele_ibo_164,0.7642891,-0.2684724
belebele_ibo_165,0.5802621,0.5290278
belebele_ibo_166,0.7282954,0.19395256
belebele_ibo_167,0.73943514,0.6612007
belebele_ibo_168,0.80522317,-0.77776045
belebele_ibo_169,0.7241757,-0.28113684
belebele_ibo_17,0.7642891,-0.2684724
belebele_ibo_170,0.7338966,0.19710252
belebele_ibo_171,0.69161004,-0.29073063
belebele_ibo_172,0.80522317,-0.77776045
belebele_ibo_173,0.6348883,-0.3055597
belebele_ibo_174,0.7477486,1.1223401
belebele_ibo_175,0.80522317,-0.77776045
belebele_ibo_176,0.7642891,-0.2684724
belebele_ibo_177,0.7293594,-0.27954894
belebele_ibo_178,0.80522317,-0.77776045
belebele_ibo_179,0.80522317,-0.77776045
belebele_ibo_18,0.80522317,-0.77776045
belebele_ibo_180,0.7642891,-0.2684724
belebele_ibo_181,0.73943514,0.6612007
belebele_ibo_182,0.7338966,0.19710252
belebele_ibo_183,0.7241757,-0.28113684
belebele_ibo_184,0.80522317,-0.77776045
belebele_ibo_185,0.7642891,-0.2684724
belebele_ibo_186,0.73943514,0.6612007
belebele_ibo_187,0.6710693,1.0479506
belebele_ibo_188,0.7642891,-0.2684724
belebele_ibo_189,0.80522317,-0.77776045
belebele_ibo_19,0.7013139,0.63199866
belebele_ibo_190,0.80522317,-0.77776045
belebele_ibo_191,0.7241757,-0.28113684
belebele_ibo_192,0.7642891,-0.2684724
belebele_ibo_193,0.80522317,-0.77776045
belebele_ibo_194,0.80522317,-0.77776045
belebele_ibo_195,0.7241757,-0.28113684
belebele_ibo_196,0.69161004,-0.29073063
belebele_ibo_197,0.80522317,-0.77776045
belebele_ibo_198,0.80522317,-0.77776045
belebele_ibo_199,0.7338966,0.19710252
belebele_ibo_2,0.7642891,-0.2684724
belebele_ibo_20,0.80522317,-0.77776045
belebele_ibo_200,0.7477486,1.1223401
belebele_ibo_201,0.73943514,0.6612007
belebele_ibo_202,0.80522317,-0.77776045
belebele_ibo_203,0.7338966,0.19710252
belebele_ibo_204,0.7293594,-0.27954894
belebele_ibo_205,0.7477486,1.1223401
belebele_ibo_206,0.80522317,-0.77776045
belebele_ibo_207,0.6933035,0.1741344
belebele_ibo_208,0.576663,0.5257382
belebele_ibo_209,0.80522317,-0.77776045
belebele_ibo_21,0.7338966,0.19710252
belebele_ibo_210,0.80522317,-0.77776045
belebele_ibo_211,0.80522317,-0.77776045
belebele_ibo_212,0.69161004,-0.29073063
belebele_ibo_213,0.80522317,-0.77776045
belebele_ibo_214,0.80522317,-0.77776045
belebele_ibo_215,0.7293594,-0.27954894
belebele_ibo_216,0.6710693,1.0479506
belebele_ibo_217,0.73943514,0.6612007
belebele_ibo_218,0.7642891,-0.2684724
belebele_ibo_219,0.7642891,-0.2684724
belebele_ibo_22,0.6054193,0.55167013
belebele_ibo_220,0.7642891,-0.2684724
belebele_ibo_221,0.69447774,0.17480274
belebele_ibo_222,0.6320794,0.574971
belebele_ibo_223,0.7241757,-0.28113684
belebele_ibo_224,0.7642891,-0.2684724
belebele_ibo_225,0.7282954,0.19395256
belebele_ibo_226,0.7293594,-0.27954894
belebele_ibo_227,0.69447774,0.17480274
belebele_ibo_228,0.7163239,1.5429639
belebele_ibo_229,0.6933035,0.1741344
belebele_ibo_23,0.7013139,0.63199866
belebele_ibo_230,0.66330975,0.60132694
belebele_ibo_231,0.60404813,0.12307197
belebele_ibo_232,0.7293594,-0.27954894
belebele_ibo_233,0.80522317,-0.77776045
belebele_ibo_234,0.6078216,0.12522739
belebele_ibo_235,0.69161004,-0.29073063
belebele_ibo_236,0.633549,1.0072805
belebele_ibo_237,0.7013139,0.63199866
belebele_ibo_238,0.7293594,-0.27954894
belebele_ibo_239,0.7477486,1.1223401
belebele_ibo_24,0.7163239,1.5429639
belebele_ibo_240,0.69447774,0.17480274
belebele_ibo_241,0.80522317,-0.77776045
belebele_ibo_242,0.80522317,-0.77776045
belebele_ibo_243,0.80522317,-0.77776045
belebele_ibo_244,0.80522317,-0.77776045
belebele_ibo_245,0.7282954,0.19395256
belebele_ibo_246,0.80522317,-0.77776045
belebele_ibo_247,0.6626997,0.1566573
belebele_ibo_248,0.69161004,-0.29073063
belebele_ibo_249,0.7293594,-0.27954894
belebele_ibo_25,0.7163239,1.5429639
belebele_ibo_250,0.66330975,0.60132694
belebele_ibo_251,0.80522317,-0.77776045
belebele_ibo_252,0.80522317,-0.77776045
belebele_ibo_253,0.80522317,-0.77776045
belebele_ibo_254,0.5802779,0.10954206
belebele_ibo_255,0.6933035,0.1741344
belebele_ibo_256,0.80522317,-0.77776045
belebele_ibo_257,0.80522317,-0.77776045
belebele_ibo_258,0.7013139,0.63199866
belebele_ibo_259,0.7163239,1.5429639
belebele_ibo_26,0.73943514,0.6612007
belebele_ibo_260,0.73943514,0.6612007
belebele_ibo_261,0.66330975,0.60132694
belebele_ibo_262,0.66330975,0.60132694
belebele_ibo_263,0.80522317,-0.77776045
belebele_ibo_264,0.69447774,0.17480274
belebele_ibo_265,0.80522317,-0.77776045
belebele_ibo_266,0.7163239,1.5429639
belebele_ibo_267,0.80522317,-0.77776045
belebele_ibo_268,0.6933035,0.1741344
belebele_ibo_269,0.73943514,0.6612007
belebele_ibo_27,0.7338966,0.19710252
belebele_ibo_270,0.80522317,-0.77776045
belebele_ibo_271,0.7163239,1.5429639
belebele_ibo_272,0.7642891,-0.2684724
belebele_ibo_273,0.576663,0.5257382
belebele_ibo_274,0.6959062,0.62772906
belebele_ibo_275,0.7477486,1.1223401
belebele_ibo_276,0.69161004,-0.29073063
belebele_ibo_277,0.69161004,-0.29073063
belebele_ibo_278,0.80522317,-0.77776045
belebele_ibo_279,0.80522317,-0.77776045
belebele_ibo_28,0.633549,1.0072805
belebele_ibo_280,0.6626997,0.1566573
belebele_ibo_281,0.69161004,-0.29073063
belebele_ibo_282,0.7293594,-0.27954894
belebele_ibo_283,0.66330975,0.60132694
belebele_ibo_284,0.80522317,-0.77776045
belebele_ibo_285,0.73943514,0.6612007
belebele_ibo_286,0.6933035,0.1741344
belebele_ibo_287,0.633549,1.0072805
belebele_ibo_288,0.80522317,-0.77776045
belebele_ibo_289,0.7282954,0.19395256
belebele_ibo_29,0.7338966,0.19710252
belebele_ibo_290,0.69161004,-0.29073063
belebele_ibo_291,0.80522317,-0.77776045
belebele_ibo_292,0.80522317,-0.77776045
belebele_ibo_293,0.80522317,-0.77776045
belebele_ibo_294,0.80522317,-0.77776045
belebele_ibo_295,0.69161004,-0.29073063
belebele_ibo_296,0.7293594,-0.27954894
belebele_ibo_297,0.73943514,0.6612007
belebele_ibo_298,0.6364851,0.5787512
belebele_ibo_299,0.80522317,-0.77776045
belebele_ibo_3,0.7477486,1.1223401
belebele_ibo_30,0.7282954,0.19395256
belebele_ibo_300,0.80522317,-0.77776045
belebele_ibo_301,0.7642891,-0.2684724
belebele_ibo_302,0.7241757,-0.28113684
belebele_ibo_303,0.69161004,-0.29073063
belebele_ibo_304,0.7163239,1.5429639
belebele_ibo_305,0.80522317,-0.77776045
belebele_ibo_306,0.80522317,-0.77776045
belebele_ibo_307,0.7642891,-0.2684724
belebele_ibo_308,0.80522317,-0.77776045
belebele_ibo_309,0.6933035,0.1741344
belebele_ibo_31,0.6626997,0.1566573
belebele_ibo_310,0.80522317,-0.77776045
belebele_ibo_311,0.6959062,0.62772906
belebele_ibo_312,0.7293594,-0.27954894
belebele_ibo_313,0.7338966,0.19710252
belebele_ibo_314,0.7642891,-0.2684724
belebele_ibo_315,0.80522317,-0.77776045
belebele_ibo_316,0.7163239,1.5429639
belebele_ibo_317,0.7163239,1.5429639
belebele_ibo_318,0.7477486,1.1223401
belebele_ibo_319,0.633549,1.0072805
belebele_ibo_32,0.73943514,0.6612007
belebele_ibo_320,0.60534966,0.97477794
belebele_ibo_321,0.60404813,0.12307197
belebele_ibo_322,0.65816486,0.15406066
belebele_ibo_323,0.6078216,0.12522739
belebele_ibo_324,0.7163239,1.5429639
belebele_ibo_325,0.7642891,-0.2684724
belebele_ibo_326,0.73943514,0.6612007
belebele_ibo_327,0.7338966,0.19710252
belebele_ibo_328,0.7642891,-0.2684724
belebele_ibo_329,0.7477486,1.1223401
belebele_ibo_33,0.7241757,-0.28113684
belebele_ibo_330,0.80522317,-0.77776045
belebele_ibo_331,0.80522317,-0.77776045
belebele_ibo_332,0.7642891,-0.2684724
belebele_ibo_333,0.6933035,0.1741344
belebele_ibo_334,0.73943514,0.6612007
belebele_ibo_335,0.6959062,0.62772906
belebele_ibo_336,0.80522317,-0.77776045
belebele_ibo_337,0.7163239,1.5429639
belebele_ibo_338,0.80522317,-0.77776045
belebele_ibo_339,0.69447774,0.17480274
belebele_ibo_34,0.7241757,-0.28113684
belebele_ibo_340,0.80522317,-0.77776045
belebele_ibo_341,0.7163239,1.5429639
belebele_ibo_342,0.7163239,1.5429639
belebele_ibo_343,0.7163239,1.5429639
belebele_ibo_344,0.6626997,0.1566573
belebele_ibo_345,0.7642891,-0.2684724
belebele_ibo_346,0.633549,1.0072805
belebele_ibo_347,0.80522317,-0.77776045
belebele_ibo_348,0.7642891,-0.2684724
belebele_ibo_349,0.6320794,0.574971
belebele_ibo_35,0.80522317,-0.77776045
belebele_ibo_350,0.80522317,-0.77776045
belebele_ibo_351,0.7293594,-0.27954894
belebele_ibo_352,0.6054193,0.55167013
belebele_ibo_353,0.633549,1.0072805
belebele_ibo_354,0.66330975,0.60132694
belebele_ibo_355,0.65816486,0.15406066
belebele_ibo_356,0.80522317,-0.77776045
belebele_ibo_357,0.80522317,-0.77776045
belebele_ibo_358,0.7241757,-0.28113684
belebele_ibo_359,0.69161004,-0.29073063
belebele_ibo_36,0.80522317,-0.77776045
belebele_ibo_360,0.633549,1.0072805
belebele_ibo_361,0.7163239,1.5429639
belebele_ibo_362,0.80522317,-0.77776045
belebele_ibo_363,0.6959062,0.62772906
belebele_ibo_364,0.7163239,1.5429639
belebele_ibo_365,0.6959062,0.62772906
belebele_ibo_366,0.80522317,-0.77776045
belebele_ibo_367,0.6320794,0.574971
belebele_ibo_368,0.7163239,1.5429639
belebele_ibo_369,0.73943514,0.6612007
belebele_ibo_37,0.73943514,0.6612007
belebele_ibo_370,0.7642891,-0.2684724
belebele_ibo_371,0.633549,1.0072805
belebele_ibo_372,0.6710693,1.0479506
belebele_ibo_373,0.7163239,1.5429639
belebele_ibo_374,0.7013139,0.63199866
belebele_ibo_375,0.6959062,0.62772906
belebele_ibo_376,0.6348883,-0.3055597
belebele_ibo_377,0.7241757,-0.28113684
belebele_ibo_378,0.7642891,-0.2684724
belebele_ibo_379,0.7241757,-0.28113684
belebele_ibo_38,0.80522317,-0.77776045
belebele_ibo_380,0.69161004,-0.29073063
belebele_ibo_381,0.69447774,0.17480274
belebele_ibo_382,0.7163239,1.5429639
belebele_ibo_383,0.6320794,0.574971
belebele_ibo_384,0.66330975,0.60132694
belebele_ibo_385,0.80522317,-0.77776045
belebele_ibo_386,0.80522317,-0.77776045
belebele_ibo_387,0.80522317,-0.77776045
belebele_ibo_388,0.7293594,-0.27954894
belebele_ibo_389,0.69161004,-0.29073063
belebele_ibo_39,0.7163239,1.5429639
belebele_ibo_390,0.6959062,0.62772906
belebele_ibo_391,0.69447774,0.17480274
belebele_ibo_392,0.7642891,-0.2684724
belebele_ibo_393,0.80522317,-0.77776045
belebele_ibo_394,0.80522317,-0.77776045
belebele_ibo_395,0.6959062,0.62772906
belebele_ibo_396,0.80522317,-0.77776045
belebele_ibo_397,0.6054193,0.55167013
belebele_ibo_398,0.6710693,1.0479506
belebele_ibo_399,0.73943514,0.6612007
belebele_ibo_4,0.69161004,-0.29073063
belebele_ibo_40,0.6710693,1.0479506
belebele_ibo_400,0.6078216,0.12522739
belebele_ibo_401,0.65816486,0.15406066
belebele_ibo_402,0.80522317,-0.77776045
belebele_ibo_403,0.633549,1.0072805
belebele_ibo_404,0.6933035,0.1741344
belebele_ibo_405,0.7293594,-0.27954894
belebele_ibo_406,0.6626997,0.1566573
belebele_ibo_407,0.7642891,-0.2684724
belebele_ibo_408,0.80522317,-0.77776045
belebele_ibo_409,0.80522317,-0.77776045
belebele_ibo_41,0.6933035,0.1741344
belebele_ibo_410,0.7241757,-0.28113684
belebele_ibo_411,0.6959062,0.62772906
belebele_ibo_412,0.69161004,-0.29073063
belebele_ibo_413,0.6710693,1.0479506
belebele_ibo_414,0.7293594,-0.27954894
belebele_ibo_415,0.7282954,0.19395256
belebele_ibo_416,0.69447774,0.17480274
belebele_ibo_417,0.6044916,0.55084634
belebele_ibo_418,0.80522317,-0.77776045
belebele_ibo_419,0.7241757,-0.28113684
belebele_ibo_42,0.73943514,0.6612007
belebele_ibo_420,0.7293594,-0.27954894
belebele_ibo_421,0.7163239,1.5429639
belebele_ibo_422,0.6054193,0.55167013
belebele_ibo_423,0.7293594,-0.27954894
belebele_ibo_424,0.80522317,-0.77776045
belebele_ibo_425,0.80522317,-0.77776045
belebele_ibo_426,0.7338966,0.19710252
belebele_ibo_427,0.7642891,-0.2684724
belebele_ibo_428,0.80522317,-0.77776045
belebele_ibo_429,0.6933035,0.1741344
belebele_ibo_43,0.7338966,0.19710252
belebele_ibo_430,0.80522317,-0.77776045
belebele_ibo_431,0.69447774,0.17480274
belebele_ibo_432,0.576663,0.5257382
belebele_ibo_433,0.80522317,-0.77776045
belebele_ibo_434,0.6959062,0.62772906
belebele_ibo_435,0.7338966,0.19710252
belebele_ibo_436,0.7282954,0.19395256
belebele_ibo_437,0.7642891,-0.2684724
belebele_ibo_438,0.80522317,-0.77776045
belebele_ibo_439,0.7163239,1.5429639
belebele_ibo_44,0.7163239,1.5429639
belebele_ibo_440,0.7642891,-0.2684724
belebele_ibo_441,0.69161004,-0.29073063
belebele_ibo_442,0.7642891,-0.2684724
belebele_ibo_443,0.80522317,-0.77776045
belebele_ibo_444,0.80522317,-0.77776045
belebele_ibo_445,0.66330975,0.60132694
belebele_ibo_446,0.80522317,-0.77776045
belebele_ibo_447,0.6959062,0.62772906
belebele_ibo_448,0.69161004,-0.29073063
belebele_ibo_449,0.80522317,-0.77776045
belebele_ibo_45,0.6348883,-0.3055597
belebele_ibo_450,0.6364851,0.5787512
belebele_ibo_451,0.7163239,1.5429639
belebele_ibo_452,0.60404813,0.12307197
belebele_ibo_453,0.7282954,0.19395256
belebele_ibo_454,0.63821864,1.012501
belebele_ibo_455,0.80522317,-0.77776045
belebele_ibo_456,0.7241757,-0.28113684
belebele_ibo_457,0.7338966,0.19710252
belebele_ibo_458,0.6933035,0.1741344
belebele_ibo_459,0.7477486,1.1223401
belebele_ibo_46,0.7293594,-0.27954894
belebele_ibo_460,0.7282954,0.19395256
belebele_ibo_461,0.69447774,0.17480274
belebele_ibo_462,0.7642891,-0.2684724
belebele_ibo_463,0.6044916,0.55084634
belebele_ibo_464,0.7293594,-0.27954894
belebele_ibo_465,0.6626997,0.1566573
belebele_ibo_466,0.7282954,0.19395256
belebele_ibo_467,0.7642891,-0.2684724
belebele_ibo_468,0.7282954,0.19395256
belebele_ibo_469,0.7241757,-0.28113684
belebele_ibo_47,0.73943514,0.6612007
belebele_ibo_470,0.7241757,-0.28113684
belebele_ibo_471,0.7642891,-0.2684724
belebele_ibo_472,0.633549,1.0072805
belebele_ibo_473,0.80522317,-0.77776045
belebele_ibo_474,0.633549,1.0072805
belebele_ibo_475,0.80522317,-0.77776045
belebele_ibo_476,0.80522317,-0.77776045
belebele_ibo_477,0.7241757,-0.28113684
belebele_ibo_478,0.80522317,-0.77776045
belebele_ibo_479,0.7163239,1.5429639
belebele_ibo_48,0.7163239,1.5429639
belebele_ibo_480,0.80522317,-0.77776045
belebele_ibo_481,0.69161004,-0.29073063
belebele_ibo_482,0.69447774,0.17480274
belebele_ibo_483,0.6959062,0.62772906
belebele_ibo_484,0.80522317,-0.77776045
belebele_ibo_485,0.66330975,0.60132694
belebele_ibo_486,0.7163239,1.5429639
belebele_ibo_487,0.7163239,1.5429639
belebele_ibo_488,0.80522317,-0.77776045
belebele_ibo_489,0.7477486,1.1223401
belebele_ibo_49,0.7293594,-0.27954894
belebele_ibo_490,0.80522317,-0.77776045
belebele_ibo_491,0.80522317,-0.77776045
belebele_ibo_492,0.80522317,-0.77776045
belebele_ibo_493,0.7477486,1.1223401
belebele_ibo_494,0.69447774,0.17480274
belebele_ibo_495,0.69161004,-0.29073063
belebele_ibo_496,0.7338966,0.19710252
belebele_ibo_497,0.69161004,-0.29073063
belebele_ibo_498,0.7282954,0.19395256
belebele_ibo_499,0.7163239,1.5429639
belebele_ibo_5,0.80522317,-0.77776045
belebele_ibo_50,0.6710693,1.0479506
belebele_ibo_500,0.6933035,0.1741344
belebele_ibo_501,0.7338966,0.19710252
belebele_ibo_502,0.6710693,1.0479506
belebele_ibo_503,0.63318455,0.13974576
belebele_ibo_504,0.80522317,-0.77776045
belebele_ibo_505,0.80522317,-0.77776045
belebele_ibo_506,0.80522317,-0.77776045
belebele_ibo_507,0.80522317,-0.77776045
belebele_ibo_508,0.80522317,-0.77776045
belebele_ibo_509,0.7282954,0.19395256
belebele_ibo_51,0.7642891,-0.2684724
belebele_ibo_510,0.73943514,0.6612007
belebele_ibo_511,0.80522317,-0.77776045
belebele_ibo_512,0.73943514,0.6612007
belebele_ibo_513,0.80522317,-0.77776045
belebele_ibo_514,0.69161004,-0.29073063
belebele_ibo_515,0.69161004,-0.29073063
belebele_ibo_516,0.6710693,1.0479506
belebele_ibo_517,0.7642891,-0.2684724
belebele_ibo_518,0.7163239,1.5429639
belebele_ibo_519,0.80522317,-0.77776045
belebele_ibo_52,0.633549,1.0072805
belebele_ibo_520,0.7013139,0.63199866
belebele_ibo_521,0.7163239,1.5429639
belebele_ibo_522,0.7163239,1.5429639
belebele_ibo_523,0.7642891,-0.2684724
belebele_ibo_524,0.7642891,-0.2684724
belebele_ibo_525,0.7642891,-0.2684724
belebele_ibo_526,0.7642891,-0.2684724
belebele_ibo_527,0.80522317,-0.77776045
belebele_ibo_528,0.7163239,1.5429639
belebele_ibo_529,0.66330975,0.60132694
belebele_ibo_53,0.6933035,0.1741344
belebele_ibo_530,0.7241757,-0.28113684
belebele_ibo_531,0.7293594,-0.27954894
belebele_ibo_532,0.80522317,-0.77776045
belebele_ibo_533,0.80522317,-0.77776045
belebele_ibo_534,0.7282954,0.19395256
belebele_ibo_535,0.7642891,-0.2684724
belebele_ibo_536,0.69161004,-0.29073063
belebele_ibo_537,0.80522317,-0.77776045
belebele_ibo_538,0.6054193,0.55167013
belebele_ibo_539,0.7642891,-0.2684724
belebele_ibo_54,0.80522317,-0.77776045
belebele_ibo_540,0.6320794,0.574971
belebele_ibo_541,0.7163239,1.5429639
belebele_ibo_542,0.7642891,-0.2684724
belebele_ibo_543,0.80522317,-0.77776045
belebele_ibo_544,0.7642891,-0.2684724
belebele_ibo_545,0.7013139,0.63199866
belebele_ibo_546,0.7293594,-0.27954894
belebele_ibo_547,0.80522317,-0.77776045
belebele_ibo_548,0.7013139,0.63199866
belebele_ibo_549,0.65816486,0.15406066
belebele_ibo_55,0.7163239,1.5429639
belebele_ibo_550,0.73943514,0.6612007
belebele_ibo_551,0.66330975,0.60132694
belebele_ibo_552,0.7293594,-0.27954894
belebele_ibo_553,0.80522317,-0.77776045
belebele_ibo_554,0.80522317,-0.77776045
belebele_ibo_555,0.80522317,-0.77776045
belebele_ibo_556,0.7163239,1.5429639
belebele_ibo_557,0.63318455,0.13974576
belebele_ibo_558,0.6933035,0.1741344
belebele_ibo_559,0.7642891,-0.2684724
belebele_ibo_56,0.7338966,0.19710252
belebele_ibo_560,0.7477486,1.1223401
belebele_ibo_561,0.7477486,1.1223401
belebele_ibo_562,0.69161004,-0.29073063
belebele_ibo_563,0.6320794,0.574971
belebele_ibo_564,0.7163239,1.5429639
belebele_ibo_565,0.80522317,-0.77776045
belebele_ibo_566,0.7642891,-0.2684724
belebele_ibo_567,0.69447774,0.17480274
belebele_ibo_568,0.7642891,-0.2684724
belebele_ibo_569,0.80522317,-0.77776045
belebele_ibo_57,0.6710693,1.0479506
belebele_ibo_570,0.60534966,0.97477794
belebele_ibo_571,0.80522317,-0.77776045
belebele_ibo_572,0.6078216,0.12522739
belebele_ibo_573,0.6933035,0.1741344
belebele_ibo_574,0.69447774,0.17480274
belebele_ibo_575,0.69447774,0.17480274
belebele_ibo_576,0.66330975,0.60132694
belebele_ibo_577,0.80522317,-0.77776045
belebele_ibo_578,0.7642891,-0.2684724
belebele_ibo_579,0.7642891,-0.2684724
belebele_ibo_58,0.633549,1.0072805
belebele_ibo_580,0.80522317,-0.77776045
belebele_ibo_581,0.7642891,-0.2684724
belebele_ibo_582,0.576663,0.5257382
belebele_ibo_583,0.80522317,-0.77776045
belebele_ibo_584,0.7293594,-0.27954894
belebele_ibo_585,0.69161004,-0.29073063
belebele_ibo_586,0.66330975,0.60132694
belebele_ibo_587,0.80522317,-0.77776045
belebele_ibo_588,0.80522317,-0.77776045
belebele_ibo_589,0.73943514,0.6612007
belebele_ibo_59,0.73943514,0.6612007
belebele_ibo_590,0.6320794,0.574971
belebele_ibo_591,0.7282954,0.19395256
belebele_ibo_592,0.80522317,-0.77776045
belebele_ibo_593,0.65816486,0.15406066
belebele_ibo_594,0.6320794,0.574971
belebele_ibo_595,0.7338966,0.19710252
belebele_ibo_596,0.80522317,-0.77776045
belebele_ibo_597,0.7282954,0.19395256
belebele_ibo_598,0.73943514,0.6612007
belebele_ibo_599,0.7241757,-0.28113684
belebele_ibo_6,0.7642891,-0.2684724
belebele_ibo_60,0.80522317,-0.77776045
belebele_ibo_600,0.63821864,1.012501
belebele_ibo_601,0.63821864,1.012501
belebele_ibo_602,0.7293594,-0.27954894
belebele_ibo_603,0.6320794,0.574971
belebele_ibo_604,0.6959062,0.62772906
belebele_ibo_605,0.69447774,0.17480274
belebele_ibo_606,0.69161004,-0.29073063
belebele_ibo_607,0.69161004,-0.29073063
belebele_ibo_608,0.7163239,1.5429639
belebele_ibo_609,0.7642891,-0.2684724
belebele_ibo_61,0.80522317,-0.77776045
belebele_ibo_610,0.80522317,-0.77776045
belebele_ibo_611,0.7163239,1.5429639
belebele_ibo_612,0.7013139,0.63199866
belebele_ibo_613,0.80522317,-0.77776045
belebele_ibo_614,0.7163239,1.5429639
belebele_ibo_615,0.6933035,0.1741344
belebele_ibo_616,0.576663,0.5257382
belebele_ibo_617,0.7338966,0.19710252
belebele_ibo_618,0.7163239,1.5429639
belebele_ibo_619,0.80522317,-0.77776045
belebele_ibo_62,0.7642891,-0.2684724
belebele_ibo_620,0.80522317,-0.77776045
belebele_ibo_621,0.576663,0.5257382
belebele_ibo_622,0.6078216,0.12522739
belebele_ibo_623,0.80522317,-0.77776045
belebele_ibo_624,0.6054193,0.55167013
belebele_ibo_625,0.6626997,0.1566573
belebele_ibo_626,0.65816486,0.15406066
belebele_ibo_627,0.7642891,-0.2684724
belebele_ibo_628,0.7163239,1.5429639
belebele_ibo_629,0.80522317,-0.77776045
belebele_ibo_63,0.6626997,0.1566573
belebele_ibo_630,0.7477486,1.1223401
belebele_ibo_631,0.60534966,0.97477794
belebele_ibo_632,0.73943514,0.6612007
belebele_ibo_633,0.66330975,0.60132694
belebele_ibo_634,0.69161004,-0.29073063
belebele_ibo_635,0.80522317,-0.77776045
belebele_ibo_636,0.80522317,-0.77776045
belebele_ibo_637,0.6078216,0.12522739
belebele_ibo_638,0.6933035,0.1741344
belebele_ibo_639,0.73943514,0.6612007
belebele_ibo_64,0.80522317,-0.77776045
belebele_ibo_640,0.633549,1.0072805
belebele_ibo_641,0.6933035,0.1741344
belebele_ibo_642,0.7642891,-0.2684724
belebele_ibo_643,0.73943514,0.6612007
belebele_ibo_644,0.7163239,1.5429639
belebele_ibo_645,0.60534966,0.97477794
belebele_ibo_646,0.7163239,1.5429639
belebele_ibo_647,0.7163239,1.5429639
belebele_ibo_648,0.69161004,-0.29073063
belebele_ibo_649,0.6933035,0.1741344
belebele_ibo_65,0.80522317,-0.77776045
belebele_ibo_650,0.65816486,0.15406066
belebele_ibo_651,0.60404813,0.12307197
belebele_ibo_652,0.6933035,0.1741344
belebele_ibo_653,0.69161004,-0.29073063
belebele_ibo_654,0.80522317,-0.77776045
belebele_ibo_655,0.63821864,1.012501
belebele_ibo_656,0.80522317,-0.77776045
belebele_ibo_657,0.7477486,1.1223401
belebele_ibo_658,0.80522317,-0.77776045
belebele_ibo_659,0.7338966,0.19710252
belebele_ibo_66,0.7642891,-0.2684724
belebele_ibo_660,0.80522317,-0.77776045
belebele_ibo_661,0.69161004,-0.29073063
belebele_ibo_662,0.80522317,-0.77776045
belebele_ibo_663,0.69161004,-0.29073063
belebele_ibo_664,0.6933035,0.1741344
belebele_ibo_665,0.7163239,1.5429639
belebele_ibo_666,0.6959062,0.62772906
belebele_ibo_667,0.7293594,-0.27954894
belebele_ibo_668,0.73943514,0.6612007
belebele_ibo_669,0.7477486,1.1223401
belebele_ibo_67,0.60534966,0.97477794
belebele_ibo_670,0.73943514,0.6612007
belebele_ibo_671,0.7282954,0.19395256
belebele_ibo_672,0.5802621,0.5290278
belebele_ibo_673,0.7282954,0.19395256
belebele_ibo_674,0.69161004,-0.29073063
belebele_ibo_675,0.7642891,-0.2684724
belebele_ibo_676,0.6054193,0.55167013
belebele_ibo_677,0.7282954,0.19395256
belebele_ibo_678,0.73943514,0.6612007
belebele_ibo_679,0.80522317,-0.77776045
belebele_ibo_68,0.63821864,1.012501
belebele_ibo_680,0.7282954,0.19395256
belebele_ibo_681,0.80522317,-0.77776045
belebele_ibo_682,0.80522317,-0.77776045
belebele_ibo_683,0.7163239,1.5429639
belebele_ibo_684,0.80522317,-0.77776045
belebele_ibo_685,0.7642891,-0.2684724
belebele_ibo_686,0.7163239,1.5429639
belebele_ibo_687,0.69161004,-0.29073063
belebele_ibo_688,0.7338966,0.19710252
belebele_ibo_689,0.80522317,-0.77776045
belebele_ibo_69,0.80522317,-0.77776045
belebele_ibo_690,0.7163239,1.5429639
belebele_ibo_691,0.7642891,-0.2684724
belebele_ibo_692,0.73943514,0.6612007
belebele_ibo_693,0.6710693,1.0479506
belebele_ibo_694,0.7293594,-0.27954894
belebele_ibo_695,0.7163239,1.5429639
belebele_ibo_696,0.7642891,-0.2684724
belebele_ibo_697,0.69161004,-0.29073063
belebele_ibo_698,0.80522317,-0.77776045
belebele_ibo_699,0.6933035,0.1741344
belebele_ibo_7,0.7293594,-0.27954894
belebele_ibo_70,0.7642891,-0.2684724
belebele_ibo_700,0.73943514,0.6612007
belebele_ibo_701,0.7642891,-0.2684724
belebele_ibo_702,0.73943514,0.6612007
belebele_ibo_703,0.80522317,-0.77776045
belebele_ibo_704,0.7163239,1.5429639
belebele_ibo_705,0.6348883,-0.3055597
belebele_ibo_706,0.69447774,0.17480274
belebele_ibo_707,0.80522317,-0.77776045
belebele_ibo_708,0.7163239,1.5429639
belebele_ibo_709,0.73943514,0.6612007
belebele_ibo_71,0.7338966,0.19710252
belebele_ibo_710,0.7293594,-0.27954894
belebele_ibo_711,0.80522317,-0.77776045
belebele_ibo_712,0.7241757,-0.28113684
belebele_ibo_713,0.7013139,0.63199866
belebele_ibo_714,0.60534966,0.97477794
belebele_ibo_715,0.80522317,-0.77776045
belebele_ibo_716,0.7293594,-0.27954894
belebele_ibo_717,0.6959062,0.62772906
belebele_ibo_718,0.7477486,1.1223401
belebele_ibo_719,0.7338966,0.19710252
belebele_ibo_72,0.6933035,0.1741344
belebele_ibo_720,0.6710693,1.0479506
belebele_ibo_721,0.7642891,-0.2684724
belebele_ibo_722,0.6348883,-0.3055597
belebele_ibo_723,0.7642891,-0.2684724
belebele_ibo_724,0.80522317,-0.77776045
belebele_ibo_725,0.80522317,-0.77776045
belebele_ibo_726,0.73943514,0.6612007
belebele_ibo_727,0.7163239,1.5429639
belebele_ibo_728,0.6959062,0.62772906
belebele_ibo_729,0.80522317,-0.77776045
belebele_ibo_73,0.6078216,0.12522739
belebele_ibo_730,0.6959062,0.62772906
belebele_ibo_731,0.60404813,0.12307197
belebele_ibo_732,0.80522317,-0.77776045
belebele_ibo_733,0.69161004,-0.29073063
belebele_ibo_734,0.6626997,0.1566573
belebele_ibo_735,0.73943514,0.6612007
belebele_ibo_736,0.7163239,1.5429639
belebele_ibo_737,0.7163239,1.5429639
belebele_ibo_738,0.80522317,-0.77776045
belebele_ibo_739,0.6933035,0.1741344
belebele_ibo_74,0.5802621,0.5290278
belebele_ibo_740,0.80522317,-0.77776045
belebele_ibo_741,0.73943514,0.6612007
belebele_ibo_742,0.6710693,1.0479506
belebele_ibo_743,0.6044916,0.55084634
belebele_ibo_744,0.7013139,0.63199866
belebele_ibo_745,0.7642891,-0.2684724
belebele_ibo_746,0.80522317,-0.77776045
belebele_ibo_747,0.6626997,0.1566573
belebele_ibo_748,0.7163239,1.5429639
belebele_ibo_749,0.6626997,0.1566573
belebele_ibo_75,0.633549,1.0072805
belebele_ibo_750,0.6078216,0.12522739
belebele_ibo_751,0.69161004,-0.29073063
belebele_ibo_752,0.6933035,0.1741344
belebele_ibo_753,0.7241757,-0.28113684
belebele_ibo_754,0.80522317,-0.77776045
belebele_ibo_755,0.80522317,-0.77776045
belebele_ibo_756,0.7163239,1.5429639
belebele_ibo_757,0.73943514,0.6612007
belebele_ibo_758,0.7642891,-0.2684724
belebele_ibo_759,0.73943514,0.6612007
belebele_ibo_76,0.7241757,-0.28113684
belebele_ibo_760,0.6626997,0.1566573
belebele_ibo_761,0.7293594,-0.27954894
belebele_ibo_762,0.6933035,0.1741344
belebele_ibo_763,0.7013139,0.63199866
belebele_ibo_764,0.80522317,-0.77776045
belebele_ibo_765,0.80522317,-0.77776045
belebele_ibo_766,0.7338966,0.19710252
belebele_ibo_767,0.6933035,0.1741344
belebele_ibo_768,0.7241757,-0.28113684
belebele_ibo_769,0.80522317,-0.77776045
belebele_ibo_77,0.7642891,-0.2684724
belebele_ibo_770,0.7241757,-0.28113684
belebele_ibo_771,0.7163239,1.5429639
belebele_ibo_772,0.7282954,0.19395256
belebele_ibo_773,0.73943514,0.6612007
belebele_ibo_774,0.6933035,0.1741344
belebele_ibo_775,0.7293594,-0.27954894
belebele_ibo_776,0.7642891,-0.2684724
belebele_ibo_777,0.7241757,-0.28113684
belebele_ibo_778,0.7293594,-0.27954894
belebele_ibo_779,0.7293594,-0.27954894
belebele_ibo_78,0.69161004,-0.29073063
belebele_ibo_780,0.80522317,-0.77776045
belebele_ibo_781,0.7163239,1.5429639
belebele_ibo_782,0.7642891,-0.2684724
belebele_ibo_783,0.80522317,-0.77776045
belebele_ibo_784,0.7282954,0.19395256
belebele_ibo_785,0.7477486,1.1223401
belebele_ibo_786,0.73943514,0.6612007
belebele_ibo_787,0.80522317,-0.77776045
belebele_ibo_788,0.6933035,0.1741344
belebele_ibo_789,0.80522317,-0.77776045
belebele_ibo_79,0.69161004,-0.29073063
belebele_ibo_790,0.7241757,-0.28113684
belebele_ibo_791,0.7642891,-0.2684724
belebele_ibo_792,0.6959062,0.62772906
belebele_ibo_793,0.65816486,0.15406066
belebele_ibo_794,0.69161004,-0.29073063
belebele_ibo_795,0.7477486,1.1223401
belebele_ibo_796,0.6933035,0.1741344
belebele_ibo_797,0.6933035,0.1741344
belebele_ibo_798,0.66330975,0.60132694
belebele_ibo_799,0.6933035,0.1741344
belebele_ibo_8,0.6933035,0.1741344
belebele_ibo_80,0.7338966,0.19710252
belebele_ibo_800,0.69161004,-0.29073063
belebele_ibo_801,0.6959062,0.62772906
belebele_ibo_802,0.80522317,-0.77776045
belebele_ibo_803,0.7642891,-0.2684724
belebele_ibo_804,0.7163239,1.5429639
belebele_ibo_805,0.80522317,-0.77776045
belebele_ibo_806,0.69161004,-0.29073063
belebele_ibo_807,0.66330975,0.60132694
belebele_ibo_808,0.7293594,-0.27954894
belebele_ibo_809,0.7642891,-0.2684724
belebele_ibo_81,0.69447774,0.17480274
belebele_ibo_810,0.80522317,-0.77776045
belebele_ibo_811,0.69161004,-0.29073063
belebele_ibo_812,0.6626997,0.1566573
belebele_ibo_813,0.7241757,-0.28113684
belebele_ibo_814,0.7163239,1.5429639
belebele_ibo_815,0.7163239,1.5429639
belebele_ibo_816,0.80522317,-0.77776045
belebele_ibo_817,0.7282954,0.19395256
belebele_ibo_818,0.7642891,-0.2684724
belebele_ibo_819,0.80522317,-0.77776045
belebele_ibo_82,0.6933035,0.1741344
belebele_ibo_820,0.7642891,-0.2684724
belebele_ibo_821,0.6959062,0.62772906
belebele_ibo_822,0.6626997,0.1566573
belebele_ibo_823,0.6933035,0.1741344
belebele_ibo_824,0.7241757,-0.28113684
belebele_ibo_825,0.5802779,0.10954206
belebele_ibo_826,0.7163239,1.5429639
belebele_ibo_827,0.7477486,1.1223401
belebele_ibo_828,0.7642891,-0.2684724
belebele_ibo_829,0.7241757,-0.28113684
belebele_ibo_83,0.7163239,1.5429639
belebele_ibo_830,0.7241757,-0.28113684
belebele_ibo_831,0.7477486,1.1223401
belebele_ibo_832,0.7477486,1.1223401
belebele_ibo_833,0.7163239,1.5429639
belebele_ibo_834,0.60534966,0.97477794
belebele_ibo_835,0.6710693,1.0479506
belebele_ibo_836,0.6933035,0.1741344
belebele_ibo_837,0.6320794,0.574971
belebele_ibo_838,0.7642891,-0.2684724
belebele_ibo_839,0.7642891,-0.2684724
belebele_ibo_84,0.80522317,-0.77776045
belebele_ibo_840,0.80522317,-0.77776045
belebele_ibo_841,0.80522317,-0.77776045
belebele_ibo_842,0.7642891,-0.2684724
belebele_ibo_843,0.80522317,-0.77776045
belebele_ibo_844,0.63821864,1.012501
belebele_ibo_845,0.7163239,1.5429639
belebele_ibo_846,0.7163239,1.5429639
belebele_ibo_847,0.7642891,-0.2684724
belebele_ibo_848,0.7013139,0.63199866
belebele_ibo_849,0.7163239,1.5429639
belebele_ibo_85,0.60534966,0.97477794
belebele_ibo_850,0.80522317,-0.77776045
belebele_ibo_851,0.69161004,-0.29073063
belebele_ibo_852,0.7163239,1.5429639
belebele_ibo_853,0.6626997,0.1566573
belebele_ibo_854,0.7163239,1.5429639
belebele_ibo_855,0.6054193,0.55167013
belebele_ibo_856,0.73943514,0.6612007
belebele_ibo_857,0.7163239,1.5429639
belebele_ibo_858,0.73943514,0.6612007
belebele_ibo_859,0.7477486,1.1223401
belebele_ibo_86,0.7293594,-0.27954894
belebele_ibo_860,0.63318455,0.13974576
belebele_ibo_861,0.7642891,-0.2684724
belebele_ibo_862,0.7163239,1.5429639
belebele_ibo_863,0.80522317,-0.77776045
belebele_ibo_864,0.7293594,-0.27954894
belebele_ibo_865,0.73943514,0.6612007
belebele_ibo_866,0.5802621,0.5290278
belebele_ibo_867,0.69161004,-0.29073063
belebele_ibo_868,0.66330975,0.60132694
belebele_ibo_869,0.7477486,1.1223401
belebele_ibo_87,0.69447774,0.17480274
belebele_ibo_870,0.6933035,0.1741344
belebele_ibo_871,0.6044916,0.55084634
belebele_ibo_872,0.6078216,0.12522739
belebele_ibo_873,0.69161004,-0.29073063
belebele_ibo_874,0.633549,1.0072805
belebele_ibo_875,0.7642891,-0.2684724
belebele_ibo_876,0.6933035,0.1741344
belebele_ibo_877,0.7282954,0.19395256
belebele_ibo_878,0.7642891,-0.2684724
belebele_ibo_879,0.7642891,-0.2684724
belebele_ibo_88,0.7293594,-0.27954894
belebele_ibo_880,0.7642891,-0.2684724
belebele_ibo_881,0.7163239,1.5429639
belebele_ibo_882,0.7293594,-0.27954894
belebele_ibo_883,0.7477486,1.1223401
belebele_ibo_884,0.80522317,-0.77776045
belebele_ibo_885,0.7282954,0.19395256
belebele_ibo_886,0.7282954,0.19395256
belebele_ibo_887,0.6348883,-0.3055597
belebele_ibo_888,0.69447774,0.17480274
belebele_ibo_889,0.60534966,0.97477794
belebele_ibo_89,0.7293594,-0.27954894
belebele_ibo_890,0.6710693,1.0479506
belebele_ibo_891,0.7293594,-0.27954894
belebele_ibo_892,0.7163239,1.5429639
belebele_ibo_893,0.576663,0.5257382
belebele_ibo_894,0.7163239,1.5429639
belebele_ibo_895,0.7293594,-0.27954894
belebele_ibo_896,0.7163239,1.5429639
belebele_ibo_897,0.6933035,0.1741344
belebele_ibo_898,0.7477486,1.1223401
belebele_ibo_899,0.73943514,0.6612007
belebele_ibo_9,0.7642891,-0.2684724
belebele_ibo_90,0.7282954,0.19395256
belebele_ibo_91,0.6348883,-0.3055597
belebele_ibo_92,0.6959062,0.62772906
belebele_ibo_93,0.7282954,0.19395256
belebele_ibo_94,0.80522317,-0.77776045
belebele_ibo_95,0.7241757,-0.28113684
belebele_ibo_96,0.7163239,1.5429639
belebele_ibo_97,0.7642891,-0.2684724
belebele_ibo_98,0.7642891,-0.2684724
belebele_ibo_99,0.7642891,-0.2684724
belebele_kin_0,0.69161004,-0.29073063
belebele_kin_1,0.80522317,-0.77776045
belebele_kin_10,0.69161004,-0.29073063
belebele_kin_100,0.7282954,0.19395256
belebele_kin_101,0.7282954,0.19395256
belebele_kin_102,0.7241757,-0.28113684
belebele_kin_103,0.6933035,0.1741344
belebele_kin_104,0.7642891,-0.2684724
belebele_kin_105,0.7642891,-0.2684724
belebele_kin_106,0.60404813,0.12307197
belebele_kin_107,0.7642891,-0.2684724
belebele_kin_108,0.69161004,-0.29073063
belebele_kin_109,0.6320794,0.574971
belebele_kin_11,0.80522317,-0.77776045
belebele_kin_110,0.7293594,-0.27954894
belebele_kin_111,0.7642891,-0.2684724
belebele_kin_112,0.7163239,1.5429639
belebele_kin_113,0.7163239,1.5429639
belebele_kin_114,0.7293594,-0.27954894
belebele_kin_115,0.69447774,0.17480274
belebele_kin_116,0.60534966,0.97477794
belebele_kin_117,0.7293594,-0.27954894
belebele_kin_118,0.6933035,0.1741344
belebele_kin_119,0.80522317,-0.77776045
belebele_kin_12,0.69161004,-0.29073063
belebele_kin_120,0.7282954,0.19395256
belebele_kin_121,0.6959062,0.62772906
belebele_kin_122,0.7013139,0.63199866
belebele_kin_123,0.7241757,-0.28113684
belebele_kin_124,0.7642891,-0.2684724
belebele_kin_125,0.7338966,0.19710252
belebele_kin_126,0.80522317,-0.77776045
belebele_kin_127,0.7642891,-0.2684724
belebele_kin_128,0.6959062,0.62772906
belebele_kin_129,0.80522317,-0.77776045
belebele_kin_13,0.80522317,-0.77776045
belebele_kin_130,0.80522317,-0.77776045
belebele_kin_131,0.80522317,-0.77776045
belebele_kin_132,0.80522317,-0.77776045
belebele_kin_133,0.80522317,-0.77776045
belebele_kin_134,0.80522317,-0.77776045
belebele_kin_135,0.6054193,0.55167013
belebele_kin_136,0.80522317,-0.77776045
belebele_kin_137,0.7642891,-0.2684724
belebele_kin_138,0.69447774,0.17480274
belebele_kin_139,0.80522317,-0.77776045
belebele_kin_14,0.7642891,-0.2684724
belebele_kin_140,0.80522317,-0.77776045
belebele_kin_141,0.80522317,-0.77776045
belebele_kin_142,0.7282954,0.19395256
belebele_kin_143,0.6959062,0.62772906
belebele_kin_144,0.6933035,0.1741344
belebele_kin_145,0.80522317,-0.77776045
belebele_kin_146,0.7013139,0.63199866
belebele_kin_147,0.7477486,1.1223401
belebele_kin_148,0.69161004,-0.29073063
belebele_kin_149,0.6710693,1.0479506
belebele_kin_15,0.7163239,1.5429639
belebele_kin_150,0.80522317,-0.77776045
belebele_kin_151,0.7642891,-0.2684724
belebele_kin_152,0.6959062,0.62772906
belebele_kin_153,0.80522317,-0.77776045
belebele_kin_154,0.80522317,-0.77776045
belebele_kin_155,0.7293594,-0.27954894
belebele_kin_156,0.80522317,-0.77776045
belebele_kin_157,0.80522317,-0.77776045
belebele_kin_158,0.80522317,-0.77776045
belebele_kin_159,0.7338966,0.19710252
belebele_kin_16,0.80522317,-0.77776045
belebele_kin_160,0.73943514,0.6612007
belebele_kin_161,0.80522317,-0.77776045
belebele_kin_162,0.80522317,-0.77776045
belebele_kin_163,0.80522317,-0.77776045
belebele_kin_164,0.6933035,0.1741344
belebele_kin_165,0.80522317,-0.77776045
belebele_kin_166,0.69447774,0.17480274
belebele_kin_167,0.7282954,0.19395256
belebele_kin_168,0.80522317,-0.77776045
belebele_kin_169,0.6710693,1.0479506
belebele_kin_17,0.7163239,1.5429639
belebele_kin_170,0.69161004,-0.29073063
belebele_kin_171,0.7642891,-0.2684724
belebele_kin_172,0.80522317,-0.77776045
belebele_kin_173,0.6348883,-0.3055597
belebele_kin_174,0.7477486,1.1223401
belebele_kin_175,0.80522317,-0.77776045
belebele_kin_176,0.7013139,0.63199866
belebele_kin_177,0.6933035,0.1741344
belebele_kin_178,0.80522317,-0.77776045
belebele_kin_179,0.80522317,-0.77776045
belebele_kin_18,0.80522317,-0.77776045
belebele_kin_180,0.7642891,-0.2684724
belebele_kin_181,0.7013139,0.63199866
belebele_kin_182,0.7642891,-0.2684724
belebele_kin_183,0.73943514,0.6612007
belebele_kin_184,0.80522317,-0.77776045
belebele_kin_185,0.6933035,0.1741344
belebele_kin_186,0.7642891,-0.2684724
belebele_kin_187,0.6054193,0.55167013
belebele_kin_188,0.7642891,-0.2684724
belebele_kin_189,0.80522317,-0.77776045
belebele_kin_19,0.7163239,1.5429639
belebele_kin_190,0.80522317,-0.77776045
belebele_kin_191,0.80522317,-0.77776045
belebele_kin_192,0.69161004,-0.29073063
belebele_kin_193,0.80522317,-0.77776045
belebele_kin_194,0.80522317,-0.77776045
belebele_kin_195,0.80522317,-0.77776045
belebele_kin_196,0.69161004,-0.29073063
belebele_kin_197,0.80522317,-0.77776045
belebele_kin_198,0.80522317,-0.77776045
belebele_kin_199,0.7642891,-0.2684724
belebele_kin_2,0.80522317,-0.77776045
belebele_kin_20,0.80522317,-0.77776045
belebele_kin_200,0.7163239,1.5429639
belebele_kin_201,0.7642891,-0.2684724
belebele_kin_202,0.7163239,1.5429639
belebele_kin_203,0.7642891,-0.2684724
belebele_kin_204,0.69447774,0.17480274
belebele_kin_205,0.7642891,-0.2684724
belebele_kin_206,0.80522317,-0.77776045
belebele_kin_207,0.80522317,-0.77776045
belebele_kin_208,0.80522317,-0.77776045
belebele_kin_209,0.80522317,-0.77776045
belebele_kin_21,0.7338966,0.19710252
belebele_kin_210,0.7163239,1.5429639
belebele_kin_211,0.60534966,0.97477794
belebele_kin_212,0.7477486,1.1223401
belebele_kin_213,0.80522317,-0.77776045
belebele_kin_214,0.80522317,-0.77776045
belebele_kin_215,0.80522317,-0.77776045
belebele_kin_216,0.80522317,-0.77776045
belebele_kin_217,0.7642891,-0.2684724
belebele_kin_218,0.7338966,0.19710252
belebele_kin_219,0.6710693,1.0479506
belebele_kin_22,0.7293594,-0.27954894
belebele_kin_220,0.80522317,-0.77776045
belebele_kin_221,0.7642891,-0.2684724
belebele_kin_222,0.80522317,-0.77776045
belebele_kin_223,0.7642891,-0.2684724
belebele_kin_224,0.7642891,-0.2684724
belebele_kin_225,0.7241757,-0.28113684
belebele_kin_226,0.80522317,-0.77776045
belebele_kin_227,0.80522317,-0.77776045
belebele_kin_228,0.7642891,-0.2684724
belebele_kin_229,0.7642891,-0.2684724
belebele_kin_23,0.6933035,0.1741344
belebele_kin_230,0.69447774,0.17480274
belebele_kin_231,0.7241757,-0.28113684
belebele_kin_232,0.80522317,-0.77776045
belebele_kin_233,0.80522317,-0.77776045
belebele_kin_234,0.6710693,1.0479506
belebele_kin_235,0.80522317,-0.77776045
belebele_kin_236,0.80522317,-0.77776045
belebele_kin_237,0.80522317,-0.77776045
belebele_kin_238,0.7293594,-0.27954894
belebele_kin_239,0.633549,1.0072805
belebele_kin_24,0.7477486,1.1223401
belebele_kin_240,0.69447774,0.17480274
belebele_kin_241,0.7293594,-0.27954894
belebele_kin_242,0.80522317,-0.77776045
belebele_kin_243,0.80522317,-0.77776045
belebele_kin_244,0.80522317,-0.77776045
belebele_kin_245,0.73943514,0.6612007
belebele_kin_246,0.80522317,-0.77776045
belebele_kin_247,0.6959062,0.62772906
belebele_kin_248,0.80522317,-0.77776045
belebele_kin_249,0.80522317,-0.77776045
belebele_kin_25,0.7477486,1.1223401
belebele_kin_250,0.80522317,-0.77776045
belebele_kin_251,0.7642891,-0.2684724
belebele_kin_252,0.80522317,-0.77776045
belebele_kin_253,0.80522317,-0.77776045
belebele_kin_254,0.7241757,-0.28113684
belebele_kin_255,0.6933035,0.1741344
belebele_kin_256,0.80522317,-0.77776045
belebele_kin_257,0.80522317,-0.77776045
belebele_kin_258,0.7642891,-0.2684724
belebele_kin_259,0.7477486,1.1223401
belebele_kin_26,0.69447774,0.17480274
belebele_kin_260,0.7163239,1.5429639
belebele_kin_261,0.69447774,0.17480274
belebele_kin_262,0.63821864,1.012501
belebele_kin_263,0.80522317,-0.77776045
belebele_kin_264,0.73943514,0.6612007
belebele_kin_265,0.69161004,-0.29073063
belebele_kin_266,0.80522317,-0.77776045
belebele_kin_267,0.80522317,-0.77776045
belebele_kin_268,0.80522317,-0.77776045
belebele_kin_269,0.80522317,-0.77776045
belebele_kin_27,0.7642891,-0.2684724
belebele_kin_270,0.80522317,-0.77776045
belebele_kin_271,0.80522317,-0.77776045
belebele_kin_272,0.69161004,-0.29073063
belebele_kin_273,0.80522317,-0.77776045
belebele_kin_274,0.80522317,-0.77776045
belebele_kin_275,0.80522317,-0.77776045
belebele_kin_276,0.7163239,1.5429639
belebele_kin_277,0.80522317,-0.77776045
belebele_kin_278,0.80522317,-0.77776045
belebele_kin_279,0.80522317,-0.77776045
belebele_kin_28,0.7163239,1.5429639
belebele_kin_280,0.80522317,-0.77776045
belebele_kin_281,0.80522317,-0.77776045
belebele_kin_282,0.80522317,-0.77776045
belebele_kin_283,0.80522317,-0.77776045
belebele_kin_284,0.80522317,-0.77776045
belebele_kin_285,0.7642891,-0.2684724
belebele_kin_286,0.6710693,1.0479506
belebele_kin_287,0.80522317,-0.77776045
belebele_kin_288,0.80522317,-0.77776045
belebele_kin_289,0.7163239,1.5429639
belebele_kin_29,0.7338966,0.19710252
belebele_kin_290,0.7282954,0.19395256
belebele_kin_291,0.80522317,-0.77776045
belebele_kin_292,0.80522317,-0.77776045
belebele_kin_293,0.80522317,-0.77776045
belebele_kin_294,0.80522317,-0.77776045
belebele_kin_295,0.80522317,-0.77776045
belebele_kin_296,0.80522317,-0.77776045
belebele_kin_297,0.6959062,0.62772906
belebele_kin_298,0.69447774,0.17480274
belebele_kin_299,0.80522317,-0.77776045
belebele_kin_3,0.7163239,1.5429639
belebele_kin_30,0.7642891,-0.2684724
belebele_kin_300,0.80522317,-0.77776045
belebele_kin_301,0.80522317,-0.77776045
belebele_kin_302,0.80522317,-0.77776045
belebele_kin_303,0.80522317,-0.77776045
belebele_kin_304,0.80522317,-0.77776045
belebele_kin_305,0.80522317,-0.77776045
belebele_kin_306,0.80522317,-0.77776045
belebele_kin_307,0.80522317,-0.77776045
belebele_kin_308,0.80522317,-0.77776045
belebele_kin_309,0.80522317,-0.77776045
belebele_kin_31,0.7163239,1.5429639
belebele_kin_310,0.80522317,-0.77776045
belebele_kin_311,0.7642891,-0.2684724
belebele_kin_312,0.80522317,-0.77776045
belebele_kin_313,0.6710693,1.0479506
belebele_kin_314,0.80522317,-0.77776045
belebele_kin_315,0.7293594,-0.27954894
belebele_kin_316,0.69161004,-0.29073063
belebele_kin_317,0.6933035,0.1741344
belebele_kin_318,0.66330975,0.60132694
belebele_kin_319,0.7282954,0.19395256
belebele_kin_32,0.6933035,0.1741344
belebele_kin_320,0.6044916,0.55084634
belebele_kin_321,0.7282954,0.19395256
belebele_kin_322,0.6959062,0.62772906
belebele_kin_323,0.5802621,0.5290278
belebele_kin_324,0.6710693,1.0479506
belebele_kin_325,0.80522317,-0.77776045
belebele_kin_326,0.7338966,0.19710252
belebele_kin_327,0.7163239,1.5429639
belebele_kin_328,0.7163239,1.5429639
belebele_kin_329,0.69161004,-0.29073063
belebele_kin_33,0.6348883,-0.3055597
belebele_kin_330,0.69161004,-0.29073063
belebele_kin_331,0.7642891,-0.2684724
belebele_kin_332,0.80522317,-0.77776045
belebele_kin_333,0.7642891,-0.2684724
belebele_kin_334,0.7642891,-0.2684724
belebele_kin_335,0.7642891,-0.2684724
belebele_kin_336,0.80522317,-0.77776045
belebele_kin_337,0.73943514,0.6612007
belebele_kin_338,0.7293594,-0.27954894
belebele_kin_339,0.7642891,-0.2684724
belebele_kin_34,0.80522317,-0.77776045
belebele_kin_340,0.80522317,-0.77776045
belebele_kin_341,0.80522317,-0.77776045
belebele_kin_342,0.7163239,1.5429639
belebele_kin_343,0.7163239,1.5429639
belebele_kin_344,0.80522317,-0.77776045
belebele_kin_345,0.69161004,-0.29073063
belebele_kin_346,0.80522317,-0.77776045
belebele_kin_347,0.80522317,-0.77776045
belebele_kin_348,0.69161004,-0.29073063
belebele_kin_349,0.7241757,-0.28113684
belebele_kin_35,0.80522317,-0.77776045
belebele_kin_350,0.80522317,-0.77776045
belebele_kin_351,0.80522317,-0.77776045
belebele_kin_352,0.80522317,-0.77776045
belebele_kin_353,0.66330975,0.60132694
belebele_kin_354,0.80522317,-0.77776045
belebele_kin_355,0.80522317,-0.77776045
belebele_kin_356,0.80522317,-0.77776045
belebele_kin_357,0.7293594,-0.27954894
belebele_kin_358,0.69447774,0.17480274
belebele_kin_359,0.80522317,-0.77776045
belebele_kin_36,0.80522317,-0.77776045
belebele_kin_360,0.6044916,0.55084634
belebele_kin_361,0.69161004,-0.29073063
belebele_kin_362,0.80522317,-0.77776045
belebele_kin_363,0.80522317,-0.77776045
belebele_kin_364,0.7477486,1.1223401
belebele_kin_365,0.7293594,-0.27954894
belebele_kin_366,0.7642891,-0.2684724
belebele_kin_367,0.7642891,-0.2684724
belebele_kin_368,0.63821864,1.012501
belebele_kin_369,0.69161004,-0.29073063
belebele_kin_37,0.73943514,0.6612007
belebele_kin_370,0.7642891,-0.2684724
belebele_kin_371,0.5802621,0.5290278
belebele_kin_372,0.6933035,0.1741344
belebele_kin_373,0.7282954,0.19395256
belebele_kin_374,0.80522317,-0.77776045
belebele_kin_375,0.73943514,0.6612007
belebele_kin_376,0.80522317,-0.77776045
belebele_kin_377,0.6959062,0.62772906
belebele_kin_378,0.7293594,-0.27954894
belebele_kin_379,0.80522317,-0.77776045
belebele_kin_38,0.80522317,-0.77776045
belebele_kin_380,0.80522317,-0.77776045
belebele_kin_381,0.80522317,-0.77776045
belebele_kin_382,0.7163239,1.5429639
belebele_kin_383,0.7241757,-0.28113684
belebele_kin_384,0.80522317,-0.77776045
belebele_kin_385,0.80522317,-0.77776045
belebele_kin_386,0.80522317,-0.77776045
belebele_kin_387,0.7163239,1.5429639
belebele_kin_388,0.80522317,-0.77776045
belebele_kin_389,0.80522317,-0.77776045
belebele_kin_39,0.69161004,-0.29073063
belebele_kin_390,0.63318455,0.13974576
belebele_kin_391,0.7293594,-0.27954894
belebele_kin_392,0.69161004,-0.29073063
belebele_kin_393,0.80522317,-0.77776045
belebele_kin_394,0.80522317,-0.77776045
belebele_kin_395,0.7241757,-0.28113684
belebele_kin_396,0.80522317,-0.77776045
belebele_kin_397,0.7163239,1.5429639
belebele_kin_398,0.80522317,-0.77776045
belebele_kin_399,0.7293594,-0.27954894
belebele_kin_4,0.7642891,-0.2684724
belebele_kin_40,0.7338966,0.19710252
belebele_kin_400,0.6078216,0.12522739
belebele_kin_401,0.69447774,0.17480274
belebele_kin_402,0.80522317,-0.77776045
belebele_kin_403,0.7293594,-0.27954894
belebele_kin_404,0.80522317,-0.77776045
belebele_kin_405,0.7642891,-0.2684724
belebele_kin_406,0.7642891,-0.2684724
belebele_kin_407,0.80522317,-0.77776045
belebele_kin_408,0.7241757,-0.28113684
belebele_kin_409,0.633549,1.0072805
belebele_kin_41,0.80522317,-0.77776045
belebele_kin_410,0.7642891,-0.2684724
belebele_kin_411,0.7282954,0.19395256
belebele_kin_412,0.80522317,-0.77776045
belebele_kin_413,0.7241757,-0.28113684
belebele_kin_414,0.80522317,-0.77776045
belebele_kin_415,0.69447774,0.17480274
belebele_kin_416,0.69447774,0.17480274
belebele_kin_417,0.60534966,0.97477794
belebele_kin_418,0.80522317,-0.77776045
belebele_kin_419,0.80522317,-0.77776045
belebele_kin_42,0.6933035,0.1741344
belebele_kin_420,0.65816486,0.15406066
belebele_kin_421,0.6364851,0.5787512
belebele_kin_422,0.7241757,-0.28113684
belebele_kin_423,0.80522317,-0.77776045
belebele_kin_424,0.80522317,-0.77776045
belebele_kin_425,0.80522317,-0.77776045
belebele_kin_426,0.6710693,1.0479506
belebele_kin_427,0.80522317,-0.77776045
belebele_kin_428,0.80522317,-0.77776045
belebele_kin_429,0.7642891,-0.2684724
belebele_kin_43,0.7282954,0.19395256
belebele_kin_430,0.80522317,-0.77776045
belebele_kin_431,0.60534966,0.97477794
belebele_kin_432,0.7642891,-0.2684724
belebele_kin_433,0.80522317,-0.77776045
belebele_kin_434,0.7241757,-0.28113684
belebele_kin_435,0.80522317,-0.77776045
belebele_kin_436,0.7282954,0.19395256
belebele_kin_437,0.80522317,-0.77776045
belebele_kin_438,0.80522317,-0.77776045
belebele_kin_439,0.7163239,1.5429639
belebele_kin_44,0.7642891,-0.2684724
belebele_kin_440,0.6959062,0.62772906
belebele_kin_441,0.80522317,-0.77776045
belebele_kin_442,0.80522317,-0.77776045
belebele_kin_443,0.80522317,-0.77776045
belebele_kin_444,0.7293594,-0.27954894
belebele_kin_445,0.73943514,0.6612007
belebele_kin_446,0.73943514,0.6612007
belebele_kin_447,0.7477486,1.1223401
belebele_kin_448,0.80522317,-0.77776045
belebele_kin_449,0.80522317,-0.77776045
belebele_kin_45,0.80522317,-0.77776045
belebele_kin_450,0.7338966,0.19710252
belebele_kin_451,0.73943514,0.6612007
belebele_kin_452,0.7642891,-0.2684724
belebele_kin_453,0.80522317,-0.77776045
belebele_kin_454,0.6933035,0.1741344
belebele_kin_455,0.80522317,-0.77776045
belebele_kin_456,0.66330975,0.60132694
belebele_kin_457,0.80522317,-0.77776045
belebele_kin_458,0.7642891,-0.2684724
belebele_kin_459,0.6959062,0.62772906
belebele_kin_46,0.80522317,-0.77776045
belebele_kin_460,0.7477486,1.1223401
belebele_kin_461,0.80522317,-0.77776045
belebele_kin_462,0.7642891,-0.2684724
belebele_kin_463,0.80522317,-0.77776045
belebele_kin_464,0.80522317,-0.77776045
belebele_kin_465,0.80522317,-0.77776045
belebele_kin_466,0.80522317,-0.77776045
belebele_kin_467,0.80522317,-0.77776045
belebele_kin_468,0.69447774,0.17480274
belebele_kin_469,0.80522317,-0.77776045
belebele_kin_47,0.6959062,0.62772906
belebele_kin_470,0.80522317,-0.77776045
belebele_kin_471,0.80522317,-0.77776045
belebele_kin_472,0.80522317,-0.77776045
belebele_kin_473,0.80522317,-0.77776045
belebele_kin_474,0.80522317,-0.77776045
belebele_kin_475,0.80522317,-0.77776045
belebele_kin_476,0.80522317,-0.77776045
belebele_kin_477,0.80522317,-0.77776045
belebele_kin_478,0.80522317,-0.77776045
belebele_kin_479,0.7163239,1.5429639
belebele_kin_48,0.6710693,1.0479506
belebele_kin_480,0.80522317,-0.77776045
belebele_kin_481,0.80522317,-0.77776045
belebele_kin_482,0.80522317,-0.77776045
belebele_kin_483,0.5802621,0.5290278
belebele_kin_484,0.80522317,-0.77776045
belebele_kin_485,0.69161004,-0.29073063
belebele_kin_486,0.7163239,1.5429639
belebele_kin_487,0.7163239,1.5429639
belebele_kin_488,0.80522317,-0.77776045
belebele_kin_489,0.7642891,-0.2684724
belebele_kin_49,0.80522317,-0.77776045
belebele_kin_490,0.7293594,-0.27954894
belebele_kin_491,0.80522317,-0.77776045
belebele_kin_492,0.80522317,-0.77776045
belebele_kin_493,0.7477486,1.1223401
belebele_kin_494,0.73943514,0.6612007
belebele_kin_495,0.80522317,-0.77776045
belebele_kin_496,0.6710693,1.0479506
belebele_kin_497,0.80522317,-0.77776045
belebele_kin_498,0.7241757,-0.28113684
belebele_kin_499,0.80522317,-0.77776045
belebele_kin_5,0.7163239,1.5429639
belebele_kin_50,0.80522317,-0.77776045
belebele_kin_500,0.80522317,-0.77776045
belebele_kin_501,0.73943514,0.6612007
belebele_kin_502,0.7477486,1.1223401
belebele_kin_503,0.7282954,0.19395256
belebele_kin_504,0.7241757,-0.28113684
belebele_kin_505,0.80522317,-0.77776045
belebele_kin_506,0.7642891,-0.2684724
belebele_kin_507,0.80522317,-0.77776045
belebele_kin_508,0.80522317,-0.77776045
belebele_kin_509,0.7163239,1.5429639
belebele_kin_51,0.7477486,1.1223401
belebele_kin_510,0.7163239,1.5429639
belebele_kin_511,0.80522317,-0.77776045
belebele_kin_512,0.73943514,0.6612007
belebele_kin_513,0.7293594,-0.27954894
belebele_kin_514,0.80522317,-0.77776045
belebele_kin_515,0.7642891,-0.2684724
belebele_kin_516,0.73943514,0.6612007
belebele_kin_517,0.73943514,0.6612007
belebele_kin_518,0.7293594,-0.27954894
belebele_kin_519,0.6933035,0.1741344
belebele_kin_52,0.7163239,1.5429639
belebele_kin_520,0.80522317,-0.77776045
belebele_kin_521,0.80522317,-0.77776045
belebele_kin_522,0.7477486,1.1223401
belebele_kin_523,0.73943514,0.6612007
belebele_kin_524,0.80522317,-0.77776045
belebele_kin_525,0.6959062,0.62772906
belebele_kin_526,0.80522317,-0.77776045
belebele_kin_527,0.5802779,0.10954206
belebele_kin_528,0.7163239,1.5429639
belebele_kin_529,0.66330975,0.60132694
belebele_kin_53,0.80522317,-0.77776045
belebele_kin_530,0.80522317,-0.77776045
belebele_kin_531,0.7642891,-0.2684724
belebele_kin_532,0.7241757,-0.28113684
belebele_kin_533,0.80522317,-0.77776045
belebele_kin_534,0.7642891,-0.2684724
belebele_kin_535,0.80522317,-0.77776045
belebele_kin_536,0.80522317,-0.77776045
belebele_kin_537,0.80522317,-0.77776045
belebele_kin_538,0.80522317,-0.77776045
belebele_kin_539,0.7642891,-0.2684724
belebele_kin_54,0.80522317,-0.77776045
belebele_kin_540,0.7163239,1.5429639
belebele_kin_541,0.7282954,0.19395256
belebele_kin_542,0.7013139,0.63199866
belebele_kin_543,0.80522317,-0.77776045
belebele_kin_544,0.7642891,-0.2684724
belebele_kin_545,0.63821864,1.012501
belebele_kin_546,0.80522317,-0.77776045
belebele_kin_547,0.6710693,1.0479506
belebele_kin_548,0.7477486,1.1223401
belebele_kin_549,0.80522317,-0.77776045
belebele_kin_55,0.7477486,1.1223401
belebele_kin_550,0.7642891,-0.2684724
belebele_kin_551,0.80522317,-0.77776045
belebele_kin_552,0.80522317,-0.77776045
belebele_kin_553,0.69161004,-0.29073063
belebele_kin_554,0.80522317,-0.77776045
belebele_kin_555,0.80522317,-0.77776045
belebele_kin_556,0.6626997,0.1566573
belebele_kin_557,0.80522317,-0.77776045
belebele_kin_558,0.80522317,-0.77776045
belebele_kin_559,0.80522317,-0.77776045
belebele_kin_56,0.7642891,-0.2684724
belebele_kin_560,0.7477486,1.1223401
belebele_kin_561,0.7642891,-0.2684724
belebele_kin_562,0.80522317,-0.77776045
belebele_kin_563,0.69161004,-0.29073063
belebele_kin_564,0.7163239,1.5429639
belebele_kin_565,0.80522317,-0.77776045
belebele_kin_566,0.80522317,-0.77776045
belebele_kin_567,0.7282954,0.19395256
belebele_kin_568,0.7163239,1.5429639
belebele_kin_569,0.7293594,-0.27954894
belebele_kin_57,0.7282954,0.19395256
belebele_kin_570,0.80522317,-0.77776045
belebele_kin_571,0.80522317,-0.77776045
belebele_kin_572,0.7642891,-0.2684724
belebele_kin_573,0.7642891,-0.2684724
belebele_kin_574,0.7163239,1.5429639
belebele_kin_575,0.7642891,-0.2684724
belebele_kin_576,0.66330975,0.60132694
belebele_kin_577,0.80522317,-0.77776045
belebele_kin_578,0.80522317,-0.77776045
belebele_kin_579,0.7642891,-0.2684724
belebele_kin_58,0.7477486,1.1223401
belebele_kin_580,0.7642891,-0.2684724
belebele_kin_581,0.7642891,-0.2684724
belebele_kin_582,0.80522317,-0.77776045
belebele_kin_583,0.7642891,-0.2684724
belebele_kin_584,0.7013139,0.63199866
belebele_kin_585,0.80522317,-0.77776045
belebele_kin_586,0.6959062,0.62772906
belebele_kin_587,0.7642891,-0.2684724
belebele_kin_588,0.80522317,-0.77776045
belebele_kin_589,0.7642891,-0.2684724
belebele_kin_59,0.69447774,0.17480274
belebele_kin_590,0.73943514,0.6612007
belebele_kin_591,0.6933035,0.1741344
belebele_kin_592,0.80522317,-0.77776045
belebele_kin_593,0.6710693,1.0479506
belebele_kin_594,0.80522317,-0.77776045
belebele_kin_595,0.7013139,0.63199866
belebele_kin_596,0.6054193,0.55167013
belebele_kin_597,0.80522317,-0.77776045
belebele_kin_598,0.69447774,0.17480274
belebele_kin_599,0.7282954,0.19395256
belebele_kin_6,0.7642891,-0.2684724
belebele_kin_60,0.80522317,-0.77776045
belebele_kin_600,0.80522317,-0.77776045
belebele_kin_601,0.7293594,-0.27954894
belebele_kin_602,0.80522317,-0.77776045
belebele_kin_603,0.7477486,1.1223401
belebele_kin_604,0.80522317,-0.77776045
belebele_kin_605,0.80522317,-0.77776045
belebele_kin_606,0.7642891,-0.2684724
belebele_kin_607,0.80522317,-0.77776045
belebele_kin_608,0.7477486,1.1223401
belebele_kin_609,0.7163239,1.5429639
belebele_kin_61,0.80522317,-0.77776045
belebele_kin_610,0.80522317,-0.77776045
belebele_kin_611,0.80522317,-0.77776045
belebele_kin_612,0.7642891,-0.2684724
belebele_kin_613,0.80522317,-0.77776045
belebele_kin_614,0.7163239,1.5429639
belebele_kin_615,0.80522317,-0.77776045
belebele_kin_616,0.80522317,-0.77776045
belebele_kin_617,0.7642891,-0.2684724
belebele_kin_618,0.7163239,1.5429639
belebele_kin_619,0.69447774,0.17480274
belebele_kin_62,0.7642891,-0.2684724
belebele_kin_620,0.80522317,-0.77776045
belebele_kin_621,0.80522317,-0.77776045
belebele_kin_622,0.7293594,-0.27954894
belebele_kin_623,0.80522317,-0.77776045
belebele_kin_624,0.6710693,1.0479506
belebele_kin_625,0.7642891,-0.2684724
belebele_kin_626,0.80522317,-0.77776045
belebele_kin_627,0.80522317,-0.77776045
belebele_kin_628,0.7163239,1.5429639
belebele_kin_629,0.73943514,0.6612007
belebele_kin_63,0.7642891,-0.2684724
belebele_kin_630,0.73943514,0.6612007
belebele_kin_631,0.80522317,-0.77776045
belebele_kin_632,0.7477486,1.1223401
belebele_kin_633,0.7293594,-0.27954894
belebele_kin_634,0.69447774,0.17480274
belebele_kin_635,0.7293594,-0.27954894
belebele_kin_636,0.80522317,-0.77776045
belebele_kin_637,0.80522317,-0.77776045
belebele_kin_638,0.80522317,-0.77776045
belebele_kin_639,0.7163239,1.5429639
belebele_kin_64,0.80522317,-0.77776045
belebele_kin_640,0.7163239,1.5429639
belebele_kin_641,0.7163239,1.5429639
belebele_kin_642,0.80522317,-0.77776045
belebele_kin_643,0.7477486,1.1223401
belebele_kin_644,0.7477486,1.1223401
belebele_kin_645,0.6054193,0.55167013
belebele_kin_646,0.73943514,0.6612007
belebele_kin_647,0.633549,1.0072805
belebele_kin_648,0.80522317,-0.77776045
belebele_kin_649,0.80522317,-0.77776045
belebele_kin_65,0.7293594,-0.27954894
belebele_kin_650,0.80522317,-0.77776045
belebele_kin_651,0.80522317,-0.77776045
belebele_kin_652,0.7293594,-0.27954894
belebele_kin_653,0.80522317,-0.77776045
belebele_kin_654,0.80522317,-0.77776045
belebele_kin_655,0.80522317,-0.77776045
belebele_kin_656,0.80522317,-0.77776045
belebele_kin_657,0.6959062,0.62772906
belebele_kin_658,0.80522317,-0.77776045
belebele_kin_659,0.80522317,-0.77776045
belebele_kin_66,0.7642891,-0.2684724
belebele_kin_660,0.80522317,-0.77776045
belebele_kin_661,0.7642891,-0.2684724
belebele_kin_662,0.80522317,-0.77776045
belebele_kin_663,0.7163239,1.5429639
belebele_kin_664,0.69161004,-0.29073063
belebele_kin_665,0.63821864,1.012501
belebele_kin_666,0.66330975,0.60132694
belebele_kin_667,0.7477486,1.1223401
belebele_kin_668,0.7477486,1.1223401
belebele_kin_669,0.7642891,-0.2684724
belebele_kin_67,0.73943514,0.6612007
belebele_kin_670,0.7282954,0.19395256
belebele_kin_671,0.7642891,-0.2684724
belebele_kin_672,0.7338966,0.19710252
belebele_kin_673,0.80522317,-0.77776045
belebele_kin_674,0.80522317,-0.77776045
belebele_kin_675,0.7013139,0.63199866
belebele_kin_676,0.7163239,1.5429639
belebele_kin_677,0.80522317,-0.77776045
belebele_kin_678,0.7293594,-0.27954894
belebele_kin_679,0.80522317,-0.77776045
belebele_kin_68,0.69447774,0.17480274
belebele_kin_680,0.7338966,0.19710252
belebele_kin_681,0.80522317,-0.77776045
belebele_kin_682,0.80522317,-0.77776045
belebele_kin_683,0.6959062,0.62772906
belebele_kin_684,0.7642891,-0.2684724
belebele_kin_685,0.6626997,0.1566573
belebele_kin_686,0.7642891,-0.2684724
belebele_kin_687,0.80522317,-0.77776045
belebele_kin_688,0.7642891,-0.2684724
belebele_kin_689,0.6626997,0.1566573
belebele_kin_69,0.7642891,-0.2684724
belebele_kin_690,0.7163239,1.5429639
belebele_kin_691,0.7642891,-0.2684724
belebele_kin_692,0.7241757,-0.28113684
belebele_kin_693,0.7163239,1.5429639
belebele_kin_694,0.80522317,-0.77776045
belebele_kin_695,0.7477486,1.1223401
belebele_kin_696,0.66330975,0.60132694
belebele_kin_697,0.69161004,-0.29073063
belebele_kin_698,0.80522317,-0.77776045
belebele_kin_699,0.80522317,-0.77776045
belebele_kin_7,0.80522317,-0.77776045
belebele_kin_70,0.80522317,-0.77776045
belebele_kin_700,0.7642891,-0.2684724
belebele_kin_701,0.80522317,-0.77776045
belebele_kin_702,0.7163239,1.5429639
belebele_kin_703,0.633549,1.0072805
belebele_kin_704,0.7642891,-0.2684724
belebele_kin_705,0.7241757,-0.28113684
belebele_kin_706,0.80522317,-0.77776045
belebele_kin_707,0.80522317,-0.77776045
belebele_kin_708,0.7642891,-0.2684724
belebele_kin_709,0.69447774,0.17480274
belebele_kin_71,0.7293594,-0.27954894
belebele_kin_710,0.69161004,-0.29073063
belebele_kin_711,0.6348883,-0.3055597
belebele_kin_712,0.80522317,-0.77776045
belebele_kin_713,0.7282954,0.19395256
belebele_kin_714,0.69447774,0.17480274
belebele_kin_715,0.80522317,-0.77776045
belebele_kin_716,0.7163239,1.5429639
belebele_kin_717,0.7163239,1.5429639
belebele_kin_718,0.73943514,0.6612007
belebele_kin_719,0.73943514,0.6612007
belebele_kin_72,0.80522317,-0.77776045
belebele_kin_720,0.7241757,-0.28113684
belebele_kin_721,0.7642891,-0.2684724
belebele_kin_722,0.80522317,-0.77776045
belebele_kin_723,0.7642891,-0.2684724
belebele_kin_724,0.80522317,-0.77776045
belebele_kin_725,0.80522317,-0.77776045
belebele_kin_726,0.73943514,0.6612007
belebele_kin_727,0.7642891,-0.2684724
belebele_kin_728,0.7338966,0.19710252
belebele_kin_729,0.63821864,1.012501
belebele_kin_73,0.80522317,-0.77776045
belebele_kin_730,0.66330975,0.60132694
belebele_kin_731,0.7338966,0.19710252
belebele_kin_732,0.80522317,-0.77776045
belebele_kin_733,0.80522317,-0.77776045
belebele_kin_734,0.7241757,-0.28113684
belebele_kin_735,0.6710693,1.0479506
belebele_kin_736,0.7642891,-0.2684724
belebele_kin_737,0.7477486,1.1223401
belebele_kin_738,0.6626997,0.1566573
belebele_kin_739,0.6933035,0.1741344
belebele_kin_74,0.7293594,-0.27954894
belebele_kin_740,0.66330975,0.60132694
belebele_kin_741,0.73943514,0.6612007
belebele_kin_742,0.7013139,0.63199866
belebele_kin_743,0.7477486,1.1223401
belebele_kin_744,0.7338966,0.19710252
belebele_kin_745,0.7163239,1.5429639
belebele_kin_746,0.80522317,-0.77776045
belebele_kin_747,0.80522317,-0.77776045
belebele_kin_748,0.7642891,-0.2684724
belebele_kin_749,0.60534966,0.97477794
belebele_kin_75,0.69447774,0.17480274
belebele_kin_750,0.80522317,-0.77776045
belebele_kin_751,0.7293594,-0.27954894
belebele_kin_752,0.73943514,0.6612007
belebele_kin_753,0.7282954,0.19395256
belebele_kin_754,0.80522317,-0.77776045
belebele_kin_755,0.6348883,-0.3055597
belebele_kin_756,0.80522317,-0.77776045
belebele_kin_757,0.80522317,-0.77776045
belebele_kin_758,0.7163239,1.5429639
belebele_kin_759,0.7477486,1.1223401
belebele_kin_76,0.7293594,-0.27954894
belebele_kin_760,0.80522317,-0.77776045
belebele_kin_761,0.7293594,-0.27954894
belebele_kin_762,0.7282954,0.19395256
belebele_kin_763,0.6626997,0.1566573
belebele_kin_764,0.80522317,-0.77776045
belebele_kin_765,0.80522317,-0.77776045
belebele_kin_766,0.7338966,0.19710252
belebele_kin_767,0.7293594,-0.27954894
belebele_kin_768,0.6320794,0.574971
belebele_kin_769,0.80522317,-0.77776045
belebele_kin_77,0.80522317,-0.77776045
belebele_kin_770,0.80522317,-0.77776045
belebele_kin_771,0.7477486,1.1223401
belebele_kin_772,0.69161004,-0.29073063
belebele_kin_773,0.7642891,-0.2684724
belebele_kin_774,0.6933035,0.1741344
belebele_kin_775,0.80522317,-0.77776045
belebele_kin_776,0.69161004,-0.29073063
belebele_kin_777,0.7642891,-0.2684724
belebele_kin_778,0.6078216,0.12522739
belebele_kin_779,0.69161004,-0.29073063
belebele_kin_78,0.7163239,1.5429639
belebele_kin_780,0.80522317,-0.77776045
belebele_kin_781,0.7477486,1.1223401
belebele_kin_782,0.7642891,-0.2684724
belebele_kin_783,0.5802779,0.10954206
belebele_kin_784,0.7282954,0.19395256
belebele_kin_785,0.80522317,-0.77776045
belebele_kin_786,0.7338966,0.19710252
belebele_kin_787,0.63318455,0.13974576
belebele_kin_788,0.7163239,1.5429639
belebele_kin_789,0.80522317,-0.77776045
belebele_kin_79,0.6348883,-0.3055597
belebele_kin_790,0.7642891,-0.2684724
belebele_kin_791,0.7642891,-0.2684724
belebele_kin_792,0.80522317,-0.77776045
belebele_kin_793,0.80522317,-0.77776045
belebele_kin_794,0.80522317,-0.77776045
belebele_kin_795,0.7338966,0.19710252
belebele_kin_796,0.80522317,-0.77776045
belebele_kin_797,0.73943514,0.6612007
belebele_kin_798,0.6710693,1.0479506
belebele_kin_799,0.80522317,-0.77776045
belebele_kin_8,0.73943514,0.6612007
belebele_kin_80,0.6933035,0.1741344
belebele_kin_800,0.80522317,-0.77776045
belebele_kin_801,0.7013139,0.63199866
belebele_kin_802,0.69447774,0.17480274
belebele_kin_803,0.7338966,0.19710252
belebele_kin_804,0.69447774,0.17480274
belebele_kin_805,0.80522317,-0.77776045
belebele_kin_806,0.7293594,-0.27954894
belebele_kin_807,0.7293594,-0.27954894
belebele_kin_808,0.80522317,-0.77776045
belebele_kin_809,0.73943514,0.6612007
belebele_kin_81,0.7477486,1.1223401
belebele_kin_810,0.80522317,-0.77776045
belebele_kin_811,0.80522317,-0.77776045
belebele_kin_812,0.73943514,0.6612007
belebele_kin_813,0.80522317,-0.77776045
belebele_kin_814,0.65816486,0.15406066
belebele_kin_815,0.7241757,-0.28113684
belebele_kin_816,0.80522317,-0.77776045
belebele_kin_817,0.7282954,0.19395256
belebele_kin_818,0.7642891,-0.2684724
belebele_kin_819,0.80522317,-0.77776045
belebele_kin_82,0.7642891,-0.2684724
belebele_kin_820,0.80522317,-0.77776045
belebele_kin_821,0.66330975,0.60132694
belebele_kin_822,0.7293594,-0.27954894
belebele_kin_823,0.80522317,-0.77776045
belebele_kin_824,0.80522317,-0.77776045
belebele_kin_825,0.69161004,-0.29073063
belebele_kin_826,0.7642891,-0.2684724
belebele_kin_827,0.7282954,0.19395256
belebele_kin_828,0.7282954,0.19395256
belebele_kin_829,0.73943514,0.6612007
belebele_kin_83,0.7163239,1.5429639
belebele_kin_830,0.6348883,-0.3055597
belebele_kin_831,0.69161004,-0.29073063
belebele_kin_832,0.7338966,0.19710252
belebele_kin_833,0.7338966,0.19710252
belebele_kin_834,0.6933035,0.1741344
belebele_kin_835,0.7338966,0.19710252
belebele_kin_836,0.7642891,-0.2684724
belebele_kin_837,0.80522317,-0.77776045
belebele_kin_838,0.80522317,-0.77776045
belebele_kin_839,0.80522317,-0.77776045
belebele_kin_84,0.80522317,-0.77776045
belebele_kin_840,0.69447774,0.17480274
belebele_kin_841,0.80522317,-0.77776045
belebele_kin_842,0.7642891,-0.2684724
belebele_kin_843,0.80522317,-0.77776045
belebele_kin_844,0.80522317,-0.77776045
belebele_kin_845,0.7241757,-0.28113684
belebele_kin_846,0.7163239,1.5429639
belebele_kin_847,0.6933035,0.1741344
belebele_kin_848,0.69161004,-0.29073063
belebele_kin_849,0.7163239,1.5429639
belebele_kin_85,0.60534966,0.97477794
belebele_kin_850,0.80522317,-0.77776045
belebele_kin_851,0.7642891,-0.2684724
belebele_kin_852,0.7477486,1.1223401
belebele_kin_853,0.7241757,-0.28113684
belebele_kin_854,0.73943514,0.6612007
belebele_kin_855,0.80522317,-0.77776045
belebele_kin_856,0.633549,1.0072805
belebele_kin_857,0.66330975,0.60132694
belebele_kin_858,0.7282954,0.19395256
belebele_kin_859,0.7163239,1.5429639
belebele_kin_86,0.7642891,-0.2684724
belebele_kin_860,0.7477486,1.1223401
belebele_kin_861,0.6933035,0.1741344
belebele_kin_862,0.80522317,-0.77776045
belebele_kin_863,0.7241757,-0.28113684
belebele_kin_864,0.80522317,-0.77776045
belebele_kin_865,0.80522317,-0.77776045
belebele_kin_866,0.5802779,0.10954206
belebele_kin_867,0.80522317,-0.77776045
belebele_kin_868,0.66330975,0.60132694
belebele_kin_869,0.7477486,1.1223401
belebele_kin_87,0.80522317,-0.77776045
belebele_kin_870,0.7293594,-0.27954894
belebele_kin_871,0.7241757,-0.28113684
belebele_kin_872,0.80522317,-0.77776045
belebele_kin_873,0.7642891,-0.2684724
belebele_kin_874,0.6933035,0.1741344
belebele_kin_875,0.7642891,-0.2684724
belebele_kin_876,0.7642891,-0.2684724
belebele_kin_877,0.7477486,1.1223401
belebele_kin_878,0.6933035,0.1741344
belebele_kin_879,0.7282954,0.19395256
belebele_kin_88,0.80522317,-0.77776045
belebele_kin_880,0.7477486,1.1223401
belebele_kin_881,0.7241757,-0.28113684
belebele_kin_882,0.80522317,-0.77776045
belebele_kin_883,0.73943514,0.6612007
belebele_kin_884,0.80522317,-0.77776045
belebele_kin_885,0.7642891,-0.2684724
belebele_kin_886,0.7282954,0.19395256
belebele_kin_887,0.6959062,0.62772906
belebele_kin_888,0.7642891,-0.2684724
belebele_kin_889,0.7293594,-0.27954894
belebele_kin_89,0.80522317,-0.77776045
belebele_kin_890,0.6933035,0.1741344
belebele_kin_891,0.80522317,-0.77776045
belebele_kin_892,0.6044916,0.55084634
belebele_kin_893,0.69447774,0.17480274
belebele_kin_894,0.66330975,0.60132694
belebele_kin_895,0.6054193,0.55167013
belebele_kin_896,0.7163239,1.5429639
belebele_kin_897,0.7477486,1.1223401
belebele_kin_898,0.7642891,-0.2684724
belebele_kin_899,0.73943514,0.6612007
belebele_kin_9,0.7642891,-0.2684724
belebele_kin_90,0.7163239,1.5429639
belebele_kin_91,0.80522317,-0.77776045
belebele_kin_92,0.6710693,1.0479506
belebele_kin_93,0.80522317,-0.77776045
belebele_kin_94,0.80522317,-0.77776045
belebele_kin_95,0.7241757,-0.28113684
belebele_kin_96,0.80522317,-0.77776045
belebele_kin_97,0.7642891,-0.2684724
belebele_kin_98,0.7642891,-0.2684724
belebele_kin_99,0.80522317,-0.77776045
belebele_lin_0,0.6626997,0.1566573
belebele_lin_1,0.7293594,-0.27954894
belebele_lin_10,0.73943514,0.6612007
belebele_lin_100,0.7338966,0.19710252
belebele_lin_101,0.7338966,0.19710252
belebele_lin_102,0.73943514,0.6612007
belebele_lin_103,0.73943514,0.6612007
belebele_lin_104,0.7642891,-0.2684724
belebele_lin_105,0.7477486,1.1223401
belebele_lin_106,0.60404813,0.12307197
belebele_lin_107,0.7163239,1.5429639
belebele_lin_108,0.73943514,0.6612007
belebele_lin_109,0.7477486,1.1223401
belebele_lin_11,0.7477486,1.1223401
belebele_lin_110,0.5802779,0.10954206
belebele_lin_111,0.7282954,0.19395256
belebele_lin_112,0.73943514,0.6612007
belebele_lin_113,0.7477486,1.1223401
belebele_lin_114,0.7293594,-0.27954894
belebele_lin_115,0.60534966,0.97477794
belebele_lin_116,0.5802621,0.5290278
belebele_lin_117,0.576663,0.5257382
belebele_lin_118,0.73943514,0.6612007
belebele_lin_119,0.66330975,0.60132694
belebele_lin_12,0.7163239,1.5429639
belebele_lin_120,0.73943514,0.6612007
belebele_lin_121,0.7338966,0.19710252
belebele_lin_122,0.7477486,1.1223401
belebele_lin_123,0.7163239,1.5429639
belebele_lin_124,0.6364851,0.5787512
belebele_lin_125,0.7163239,1.5429639
belebele_lin_126,0.80522317,-0.77776045
belebele_lin_127,0.7338966,0.19710252
belebele_lin_128,0.69447774,0.17480274
belebele_lin_129,0.7241757,-0.28113684
belebele_lin_13,0.6959062,0.62772906
belebele_lin_130,0.6054193,0.55167013
belebele_lin_131,0.69447774,0.17480274
belebele_lin_132,0.576663,0.5257382
belebele_lin_133,0.7241757,-0.28113684
belebele_lin_134,0.5802621,0.5290278
belebele_lin_135,0.6710693,1.0479506
belebele_lin_136,0.6348883,-0.3055597
belebele_lin_137,0.6078216,0.12522739
belebele_lin_138,0.7163239,1.5429639
belebele_lin_139,0.80522317,-0.77776045
belebele_lin_14,0.7163239,1.5429639
belebele_lin_140,0.7293594,-0.27954894
belebele_lin_141,0.7293594,-0.27954894
belebele_lin_142,0.7477486,1.1223401
belebele_lin_143,0.6710693,1.0479506
belebele_lin_144,0.80522317,-0.77776045
belebele_lin_145,0.7013139,0.63199866
belebele_lin_146,0.7013139,0.63199866
belebele_lin_147,0.73943514,0.6612007
belebele_lin_148,0.7293594,-0.27954894
belebele_lin_149,0.6710693,1.0479506
belebele_lin_15,0.7282954,0.19395256
belebele_lin_150,0.80522317,-0.77776045
belebele_lin_151,0.66330975,0.60132694
belebele_lin_152,0.6933035,0.1741344
belebele_lin_153,0.633549,1.0072805
belebele_lin_154,0.73943514,0.6612007
belebele_lin_155,0.7293594,-0.27954894
belebele_lin_156,0.7293594,-0.27954894
belebele_lin_157,0.80522317,-0.77776045
belebele_lin_158,0.6933035,0.1741344
belebele_lin_159,0.7338966,0.19710252
belebele_lin_16,0.7282954,0.19395256
belebele_lin_160,0.73943514,0.6612007
belebele_lin_161,0.6626997,0.1566573
belebele_lin_162,0.80522317,-0.77776045
belebele_lin_163,0.7293594,-0.27954894
belebele_lin_164,0.65816486,0.15406066
belebele_lin_165,0.80522317,-0.77776045
belebele_lin_166,0.7338966,0.19710252
belebele_lin_167,0.73943514,0.6612007
belebele_lin_168,0.80522317,-0.77776045
belebele_lin_169,0.576663,0.5257382
belebele_lin_17,0.7293594,-0.27954894
belebele_lin_170,0.7642891,-0.2684724
belebele_lin_171,0.73943514,0.6612007
belebele_lin_172,0.7293594,-0.27954894
belebele_lin_173,0.6348883,-0.3055597
belebele_lin_174,0.7163239,1.5429639
belebele_lin_175,0.80522317,-0.77776045
belebele_lin_176,0.6626997,0.1566573
belebele_lin_177,0.7338966,0.19710252
belebele_lin_178,0.7293594,-0.27954894
belebele_lin_179,0.66330975,0.60132694
belebele_lin_18,0.80522317,-0.77776045
belebele_lin_180,0.7338966,0.19710252
belebele_lin_181,0.73943514,0.6612007
belebele_lin_182,0.7338966,0.19710252
belebele_lin_183,0.73943514,0.6612007
belebele_lin_184,0.80522317,-0.77776045
belebele_lin_185,0.7163239,1.5429639
belebele_lin_186,0.7338966,0.19710252
belebele_lin_187,0.73943514,0.6612007
belebele_lin_188,0.7338966,0.19710252
belebele_lin_189,0.80522317,-0.77776045
belebele_lin_19,0.7163239,1.5429639
belebele_lin_190,0.80522317,-0.77776045
belebele_lin_191,0.80522317,-0.77776045
belebele_lin_192,0.73943514,0.6612007
belebele_lin_193,0.7013139,0.63199866
belebele_lin_194,0.69161004,-0.29073063
belebele_lin_195,0.7241757,-0.28113684
belebele_lin_196,0.7293594,-0.27954894
belebele_lin_197,0.6626997,0.1566573
belebele_lin_198,0.7241757,-0.28113684
belebele_lin_199,0.69447774,0.17480274
belebele_lin_2,0.80522317,-0.77776045
belebele_lin_20,0.80522317,-0.77776045
belebele_lin_200,0.7163239,1.5429639
belebele_lin_201,0.7338966,0.19710252
belebele_lin_202,0.7338966,0.19710252
belebele_lin_203,0.73943514,0.6612007
belebele_lin_204,0.65816486,0.15406066
belebele_lin_205,0.7338966,0.19710252
belebele_lin_206,0.80522317,-0.77776045
belebele_lin_207,0.80522317,-0.77776045
belebele_lin_208,0.69447774,0.17480274
belebele_lin_209,0.80522317,-0.77776045
belebele_lin_21,0.73943514,0.6612007
belebele_lin_210,0.7163239,1.5429639
belebele_lin_211,0.80522317,-0.77776045
belebele_lin_212,0.7293594,-0.27954894
belebele_lin_213,0.80522317,-0.77776045
belebele_lin_214,0.80522317,-0.77776045
belebele_lin_215,0.7293594,-0.27954894
belebele_lin_216,0.5802621,0.5290278
belebele_lin_217,0.7163239,1.5429639
belebele_lin_218,0.7163239,1.5429639
belebele_lin_219,0.7338966,0.19710252
belebele_lin_22,0.6054193,0.55167013
belebele_lin_220,0.7293594,-0.27954894
belebele_lin_221,0.7338966,0.19710252
belebele_lin_222,0.80522317,-0.77776045
belebele_lin_223,0.7013139,0.63199866
belebele_lin_224,0.80522317,-0.77776045
belebele_lin_225,0.80522317,-0.77776045
belebele_lin_226,0.7163239,1.5429639
belebele_lin_227,0.73943514,0.6612007
belebele_lin_228,0.7282954,0.19395256
belebele_lin_229,0.7642891,-0.2684724
belebele_lin_23,0.7338966,0.19710252
belebele_lin_230,0.69447774,0.17480274
belebele_lin_231,0.69161004,-0.29073063
belebele_lin_232,0.7293594,-0.27954894
belebele_lin_233,0.69447774,0.17480274
belebele_lin_234,0.60404813,0.12307197
belebele_lin_235,0.7293594,-0.27954894
belebele_lin_236,0.80522317,-0.77776045
belebele_lin_237,0.66330975,0.60132694
belebele_lin_238,0.7338966,0.19710252
belebele_lin_239,0.7163239,1.5429639
belebele_lin_24,0.66330975,0.60132694
belebele_lin_240,0.73943514,0.6612007
belebele_lin_241,0.7163239,1.5429639
belebele_lin_242,0.7293594,-0.27954894
belebele_lin_243,0.80522317,-0.77776045
belebele_lin_244,0.80522317,-0.77776045
belebele_lin_245,0.7642891,-0.2684724
belebele_lin_246,0.80522317,-0.77776045
belebele_lin_247,0.6710693,1.0479506
belebele_lin_248,0.80522317,-0.77776045
belebele_lin_249,0.7293594,-0.27954894
belebele_lin_25,0.7163239,1.5429639
belebele_lin_250,0.66330975,0.60132694
belebele_lin_251,0.7013139,0.63199866
belebele_lin_252,0.80522317,-0.77776045
belebele_lin_253,0.80522317,-0.77776045
belebele_lin_254,0.576663,0.5257382
belebele_lin_255,0.7163239,1.5429639
belebele_lin_256,0.80522317,-0.77776045
belebele_lin_257,0.7293594,-0.27954894
belebele_lin_258,0.7642891,-0.2684724
belebele_lin_259,0.7477486,1.1223401
belebele_lin_26,0.73943514,0.6612007
belebele_lin_260,0.69447774,0.17480274
belebele_lin_261,0.73943514,0.6612007
belebele_lin_262,0.69447774,0.17480274
belebele_lin_263,0.80522317,-0.77776045
belebele_lin_264,0.66330975,0.60132694
belebele_lin_265,0.80522317,-0.77776045
belebele_lin_266,0.80522317,-0.77776045
belebele_lin_267,0.80522317,-0.77776045
belebele_lin_268,0.80522317,-0.77776045
belebele_lin_269,0.69447774,0.17480274
belebele_lin_27,0.7013139,0.63199866
belebele_lin_270,0.7642891,-0.2684724
belebele_lin_271,0.7338966,0.19710252
belebele_lin_272,0.80522317,-0.77776045
belebele_lin_273,0.80522317,-0.77776045
belebele_lin_274,0.69447774,0.17480274
belebele_lin_275,0.73943514,0.6612007
belebele_lin_276,0.6710693,1.0479506
belebele_lin_277,0.80522317,-0.77776045
belebele_lin_278,0.633549,1.0072805
belebele_lin_279,0.80522317,-0.77776045
belebele_lin_28,0.7163239,1.5429639
belebele_lin_280,0.7163239,1.5429639
belebele_lin_281,0.7642891,-0.2684724
belebele_lin_282,0.7293594,-0.27954894
belebele_lin_283,0.73943514,0.6612007
belebele_lin_284,0.80522317,-0.77776045
belebele_lin_285,0.7293594,-0.27954894
belebele_lin_286,0.80522317,-0.77776045
belebele_lin_287,0.73943514,0.6612007
belebele_lin_288,0.7293594,-0.27954894
belebele_lin_289,0.7642891,-0.2684724
belebele_lin_29,0.7241757,-0.28113684
belebele_lin_290,0.7642891,-0.2684724
belebele_lin_291,0.80522317,-0.77776045
belebele_lin_292,0.80522317,-0.77776045
belebele_lin_293,0.7293594,-0.27954894
belebele_lin_294,0.80522317,-0.77776045
belebele_lin_295,0.7338966,0.19710252
belebele_lin_296,0.80522317,-0.77776045
belebele_lin_297,0.73943514,0.6612007
belebele_lin_298,0.7293594,-0.27954894
belebele_lin_299,0.80522317,-0.77776045
belebele_lin_3,0.73943514,0.6612007
belebele_lin_30,0.73943514,0.6612007
belebele_lin_300,0.69447774,0.17480274
belebele_lin_301,0.7293594,-0.27954894
belebele_lin_302,0.7241757,-0.28113684
belebele_lin_303,0.7642891,-0.2684724
belebele_lin_304,0.7293594,-0.27954894
belebele_lin_305,0.7293594,-0.27954894
belebele_lin_306,0.73943514,0.6612007
belebele_lin_307,0.7642891,-0.2684724
belebele_lin_308,0.80522317,-0.77776045
belebele_lin_309,0.7338966,0.19710252
belebele_lin_31,0.7163239,1.5429639
belebele_lin_310,0.80522317,-0.77776045
belebele_lin_311,0.7642891,-0.2684724
belebele_lin_312,0.7293594,-0.27954894
belebele_lin_313,0.69447774,0.17480274
belebele_lin_314,0.7282954,0.19395256
belebele_lin_315,0.7241757,-0.28113684
belebele_lin_316,0.73943514,0.6612007
belebele_lin_317,0.7477486,1.1223401
belebele_lin_318,0.60534966,0.97477794
belebele_lin_319,0.7163239,1.5429639
belebele_lin_32,0.73943514,0.6612007
belebele_lin_320,0.6348883,-0.3055597
belebele_lin_321,0.633549,1.0072805
belebele_lin_322,0.7293594,-0.27954894
belebele_lin_323,0.576663,0.5257382
belebele_lin_324,0.7163239,1.5429639
belebele_lin_325,0.69161004,-0.29073063
belebele_lin_326,0.69447774,0.17480274
belebele_lin_327,0.7293594,-0.27954894
belebele_lin_328,0.7642891,-0.2684724
belebele_lin_329,0.7163239,1.5429639
belebele_lin_33,0.6626997,0.1566573
belebele_lin_330,0.6044916,0.55084634
belebele_lin_331,0.80522317,-0.77776045
belebele_lin_332,0.80522317,-0.77776045
belebele_lin_333,0.7338966,0.19710252
belebele_lin_334,0.7241757,-0.28113684
belebele_lin_335,0.7642891,-0.2684724
belebele_lin_336,0.80522317,-0.77776045
belebele_lin_337,0.73943514,0.6612007
belebele_lin_338,0.7642891,-0.2684724
belebele_lin_339,0.63318455,0.13974576
belebele_lin_34,0.7338966,0.19710252
belebele_lin_340,0.80522317,-0.77776045
belebele_lin_341,0.7163239,1.5429639
belebele_lin_342,0.73943514,0.6612007
belebele_lin_343,0.7013139,0.63199866
belebele_lin_344,0.7163239,1.5429639
belebele_lin_345,0.7338966,0.19710252
belebele_lin_346,0.69161004,-0.29073063
belebele_lin_347,0.7293594,-0.27954894
belebele_lin_348,0.73943514,0.6612007
belebele_lin_349,0.7642891,-0.2684724
belebele_lin_35,0.80522317,-0.77776045
belebele_lin_350,0.80522317,-0.77776045
belebele_lin_351,0.7293594,-0.27954894
belebele_lin_352,0.60404813,0.12307197
belebele_lin_353,0.80522317,-0.77776045
belebele_lin_354,0.7338966,0.19710252
belebele_lin_355,0.80522317,-0.77776045
belebele_lin_356,0.7642891,-0.2684724
belebele_lin_357,0.6626997,0.1566573
belebele_lin_358,0.6710693,1.0479506
belebele_lin_359,0.69161004,-0.29073063
belebele_lin_36,0.7338966,0.19710252
belebele_lin_360,0.7013139,0.63199866
belebele_lin_361,0.633549,1.0072805
belebele_lin_362,0.7642891,-0.2684724
belebele_lin_363,0.7477486,1.1223401
belebele_lin_364,0.6626997,0.1566573
belebele_lin_365,0.69161004,-0.29073063
belebele_lin_366,0.80522317,-0.77776045
belebele_lin_367,0.7163239,1.5429639
belebele_lin_368,0.6710693,1.0479506
belebele_lin_369,0.80522317,-0.77776045
belebele_lin_37,0.60534966,0.97477794
belebele_lin_370,0.73943514,0.6612007
belebele_lin_371,0.80522317,-0.77776045
belebele_lin_372,0.7477486,1.1223401
belebele_lin_373,0.80522317,-0.77776045
belebele_lin_374,0.7013139,0.63199866
belebele_lin_375,0.7293594,-0.27954894
belebele_lin_376,0.7163239,1.5429639
belebele_lin_377,0.69447774,0.17480274
belebele_lin_378,0.7163239,1.5429639
belebele_lin_379,0.7241757,-0.28113684
belebele_lin_38,0.7241757,-0.28113684
belebele_lin_380,0.7163239,1.5429639
belebele_lin_381,0.63821864,1.012501
belebele_lin_382,0.7477486,1.1223401
belebele_lin_383,0.7013139,0.63199866
belebele_lin_384,0.7338966,0.19710252
belebele_lin_385,0.73943514,0.6612007
belebele_lin_386,0.6364851,0.5787512
belebele_lin_387,0.73943514,0.6612007
belebele_lin_388,0.6710693,1.0479506
belebele_lin_389,0.7293594,-0.27954894
belebele_lin_39,0.69447774,0.17480274
belebele_lin_390,0.7338966,0.19710252
belebele_lin_391,0.7293594,-0.27954894
belebele_lin_392,0.80522317,-0.77776045
belebele_lin_393,0.69447774,0.17480274
belebele_lin_394,0.576663,0.5257382
belebele_lin_395,0.69161004,-0.29073063
belebele_lin_396,0.7163239,1.5429639
belebele_lin_397,0.80522317,-0.77776045
belebele_lin_398,0.80522317,-0.77776045
belebele_lin_399,0.7293594,-0.27954894
belebele_lin_4,0.80522317,-0.77776045
belebele_lin_40,0.7163239,1.5429639
belebele_lin_400,0.7293594,-0.27954894
belebele_lin_401,0.7293594,-0.27954894
belebele_lin_402,0.7282954,0.19395256
belebele_lin_403,0.7241757,-0.28113684
belebele_lin_404,0.6933035,0.1741344
belebele_lin_405,0.80522317,-0.77776045
belebele_lin_406,0.7163239,1.5429639
belebele_lin_407,0.7338966,0.19710252
belebele_lin_408,0.80522317,-0.77776045
belebele_lin_409,0.80522317,-0.77776045
belebele_lin_41,0.63821864,1.012501
belebele_lin_410,0.7241757,-0.28113684
belebele_lin_411,0.6710693,1.0479506
belebele_lin_412,0.7293594,-0.27954894
belebele_lin_413,0.69447774,0.17480274
belebele_lin_414,0.69447774,0.17480274
belebele_lin_415,0.7293594,-0.27954894
belebele_lin_416,0.80522317,-0.77776045
belebele_lin_417,0.7642891,-0.2684724
belebele_lin_418,0.6626997,0.1566573
belebele_lin_419,0.7241757,-0.28113684
belebele_lin_42,0.7477486,1.1223401
belebele_lin_420,0.7241757,-0.28113684
belebele_lin_421,0.80522317,-0.77776045
belebele_lin_422,0.69447774,0.17480274
belebele_lin_423,0.73943514,0.6612007
belebele_lin_424,0.80522317,-0.77776045
belebele_lin_425,0.80522317,-0.77776045
belebele_lin_426,0.73943514,0.6612007
belebele_lin_427,0.7477486,1.1223401
belebele_lin_428,0.65816486,0.15406066
belebele_lin_429,0.69161004,-0.29073063
belebele_lin_43,0.73943514,0.6612007
belebele_lin_430,0.80522317,-0.77776045
belebele_lin_431,0.80522317,-0.77776045
belebele_lin_432,0.65816486,0.15406066
belebele_lin_433,0.7163239,1.5429639
belebele_lin_434,0.7163239,1.5429639
belebele_lin_435,0.80522317,-0.77776045
belebele_lin_436,0.80522317,-0.77776045
belebele_lin_437,0.80522317,-0.77776045
belebele_lin_438,0.60534966,0.97477794
belebele_lin_439,0.7293594,-0.27954894
belebele_lin_44,0.633549,1.0072805
belebele_lin_440,0.80522317,-0.77776045
belebele_lin_441,0.7338966,0.19710252
belebele_lin_442,0.69161004,-0.29073063
belebele_lin_443,0.73943514,0.6612007
belebele_lin_444,0.7293594,-0.27954894
belebele_lin_445,0.80522317,-0.77776045
belebele_lin_446,0.80522317,-0.77776045
belebele_lin_447,0.80522317,-0.77776045
belebele_lin_448,0.69447774,0.17480274
belebele_lin_449,0.7642891,-0.2684724
belebele_lin_45,0.6054193,0.55167013
belebele_lin_450,0.80522317,-0.77776045
belebele_lin_451,0.7163239,1.5429639
belebele_lin_452,0.6933035,0.1741344
belebele_lin_453,0.69161004,-0.29073063
belebele_lin_454,0.7642891,-0.2684724
belebele_lin_455,0.7293594,-0.27954894
belebele_lin_456,0.6078216,0.12522739
belebele_lin_457,0.80522317,-0.77776045
belebele_lin_458,0.80522317,-0.77776045
belebele_lin_459,0.7163239,1.5429639
belebele_lin_46,0.5802779,0.10954206
belebele_lin_460,0.6710693,1.0479506
belebele_lin_461,0.66330975,0.60132694
belebele_lin_462,0.73943514,0.6612007
belebele_lin_463,0.6044916,0.55084634
belebele_lin_464,0.73943514,0.6612007
belebele_lin_465,0.80522317,-0.77776045
belebele_lin_466,0.7338966,0.19710252
belebele_lin_467,0.7241757,-0.28113684
belebele_lin_468,0.6626997,0.1566573
belebele_lin_469,0.7477486,1.1223401
belebele_lin_47,0.7163239,1.5429639
belebele_lin_470,0.69447774,0.17480274
belebele_lin_471,0.73943514,0.6612007
belebele_lin_472,0.7477486,1.1223401
belebele_lin_473,0.7293594,-0.27954894
belebele_lin_474,0.80522317,-0.77776045
belebele_lin_475,0.80522317,-0.77776045
belebele_lin_476,0.7293594,-0.27954894
belebele_lin_477,0.7293594,-0.27954894
belebele_lin_478,0.69447774,0.17480274
belebele_lin_479,0.7642891,-0.2684724
belebele_lin_48,0.73943514,0.6612007
belebele_lin_480,0.66330975,0.60132694
belebele_lin_481,0.7293594,-0.27954894
belebele_lin_482,0.6933035,0.1741344
belebele_lin_483,0.7338966,0.19710252
belebele_lin_484,0.65816486,0.15406066
belebele_lin_485,0.7293594,-0.27954894
belebele_lin_486,0.73943514,0.6612007
belebele_lin_487,0.6710693,1.0479506
belebele_lin_488,0.69447774,0.17480274
belebele_lin_489,0.7293594,-0.27954894
belebele_lin_49,0.69447774,0.17480274
belebele_lin_490,0.80522317,-0.77776045
belebele_lin_491,0.7163239,1.5429639
belebele_lin_492,0.80522317,-0.77776045
belebele_lin_493,0.7293594,-0.27954894
belebele_lin_494,0.60534966,0.97477794
belebele_lin_495,0.7163239,1.5429639
belebele_lin_496,0.7293594,-0.27954894
belebele_lin_497,0.7293594,-0.27954894
belebele_lin_498,0.7163239,1.5429639
belebele_lin_499,0.7163239,1.5429639
belebele_lin_5,0.6626997,0.1566573
belebele_lin_50,0.80522317,-0.77776045
belebele_lin_500,0.7293594,-0.27954894
belebele_lin_501,0.7642891,-0.2684724
belebele_lin_502,0.7293594,-0.27954894
belebele_lin_503,0.80522317,-0.77776045
belebele_lin_504,0.6626997,0.1566573
belebele_lin_505,0.73943514,0.6612007
belebele_lin_506,0.7293594,-0.27954894
belebele_lin_507,0.7293594,-0.27954894
belebele_lin_508,0.7163239,1.5429639
belebele_lin_509,0.80522317,-0.77776045
belebele_lin_51,0.7642891,-0.2684724
belebele_lin_510,0.7163239,1.5429639
belebele_lin_511,0.7163239,1.5429639
belebele_lin_512,0.7293594,-0.27954894
belebele_lin_513,0.6364851,0.5787512
belebele_lin_514,0.7338966,0.19710252
belebele_lin_515,0.6959062,0.62772906
belebele_lin_516,0.69447774,0.17480274
belebele_lin_517,0.633549,1.0072805
belebele_lin_518,0.7642891,-0.2684724
belebele_lin_519,0.80522317,-0.77776045
belebele_lin_52,0.7282954,0.19395256
belebele_lin_520,0.6710693,1.0479506
belebele_lin_521,0.7282954,0.19395256
belebele_lin_522,0.7338966,0.19710252
belebele_lin_523,0.69161004,-0.29073063
belebele_lin_524,0.6710693,1.0479506
belebele_lin_525,0.69161004,-0.29073063
belebele_lin_526,0.80522317,-0.77776045
belebele_lin_527,0.6078216,0.12522739
belebele_lin_528,0.6710693,1.0479506
belebele_lin_529,0.69447774,0.17480274
belebele_lin_53,0.80522317,-0.77776045
belebele_lin_530,0.5802779,0.10954206
belebele_lin_531,0.7013139,0.63199866
belebele_lin_532,0.7241757,-0.28113684
belebele_lin_533,0.7163239,1.5429639
belebele_lin_534,0.73943514,0.6612007
belebele_lin_535,0.73943514,0.6612007
belebele_lin_536,0.7013139,0.63199866
belebele_lin_537,0.6320794,0.574971
belebele_lin_538,0.80522317,-0.77776045
belebele_lin_539,0.7642891,-0.2684724
belebele_lin_54,0.65816486,0.15406066
belebele_lin_540,0.7282954,0.19395256
belebele_lin_541,0.73943514,0.6612007
belebele_lin_542,0.80522317,-0.77776045
belebele_lin_543,0.73943514,0.6612007
belebele_lin_544,0.80522317,-0.77776045
belebele_lin_545,0.7338966,0.19710252
belebele_lin_546,0.7293594,-0.27954894
belebele_lin_547,0.7293594,-0.27954894
belebele_lin_548,0.80522317,-0.77776045
belebele_lin_549,0.7293594,-0.27954894
belebele_lin_55,0.7163239,1.5429639
belebele_lin_550,0.7282954,0.19395256
belebele_lin_551,0.73943514,0.6612007
belebele_lin_552,0.7163239,1.5429639
belebele_lin_553,0.73943514,0.6612007
belebele_lin_554,0.6710693,1.0479506
belebele_lin_555,0.7293594,-0.27954894
belebele_lin_556,0.7338966,0.19710252
belebele_lin_557,0.7477486,1.1223401
belebele_lin_558,0.6044916,0.55084634
belebele_lin_559,0.65816486,0.15406066
belebele_lin_56,0.6364851,0.5787512
belebele_lin_560,0.7013139,0.63199866
belebele_lin_561,0.7293594,-0.27954894
belebele_lin_562,0.7241757,-0.28113684
belebele_lin_563,0.73943514,0.6612007
belebele_lin_564,0.80522317,-0.77776045
belebele_lin_565,0.66330975,0.60132694
belebele_lin_566,0.69447774,0.17480274
belebele_lin_567,0.80522317,-0.77776045
belebele_lin_568,0.7338966,0.19710252
belebele_lin_569,0.73943514,0.6612007
belebele_lin_57,0.73943514,0.6612007
belebele_lin_570,0.80522317,-0.77776045
belebele_lin_571,0.69447774,0.17480274
belebele_lin_572,0.73943514,0.6612007
belebele_lin_573,0.6710693,1.0479506
belebele_lin_574,0.69447774,0.17480274
belebele_lin_575,0.69447774,0.17480274
belebele_lin_576,0.6959062,0.62772906
belebele_lin_577,0.80522317,-0.77776045
belebele_lin_578,0.80522317,-0.77776045
belebele_lin_579,0.73943514,0.6612007
belebele_lin_58,0.7477486,1.1223401
belebele_lin_580,0.7642891,-0.2684724
belebele_lin_581,0.69447774,0.17480274
belebele_lin_582,0.69447774,0.17480274
belebele_lin_583,0.80522317,-0.77776045
belebele_lin_584,0.7338966,0.19710252
belebele_lin_585,0.7642891,-0.2684724
belebele_lin_586,0.73943514,0.6612007
belebele_lin_587,0.80522317,-0.77776045
belebele_lin_588,0.69447774,0.17480274
belebele_lin_589,0.80522317,-0.77776045
belebele_lin_59,0.633549,1.0072805
belebele_lin_590,0.7642891,-0.2684724
belebele_lin_591,0.7642891,-0.2684724
belebele_lin_592,0.7293594,-0.27954894
belebele_lin_593,0.7293594,-0.27954894
belebele_lin_594,0.7293594,-0.27954894
belebele_lin_595,0.7477486,1.1223401
belebele_lin_596,0.7338966,0.19710252
belebele_lin_597,0.7338966,0.19710252
belebele_lin_598,0.7338966,0.19710252
belebele_lin_599,0.80522317,-0.77776045
belebele_lin_6,0.7642891,-0.2684724
belebele_lin_60,0.80522317,-0.77776045
belebele_lin_600,0.69161004,-0.29073063
belebele_lin_601,0.73943514,0.6612007
belebele_lin_602,0.7477486,1.1223401
belebele_lin_603,0.7477486,1.1223401
belebele_lin_604,0.7642891,-0.2684724
belebele_lin_605,0.73943514,0.6612007
belebele_lin_606,0.80522317,-0.77776045
belebele_lin_607,0.7241757,-0.28113684
belebele_lin_608,0.80522317,-0.77776045
belebele_lin_609,0.6626997,0.1566573
belebele_lin_61,0.80522317,-0.77776045
belebele_lin_610,0.7477486,1.1223401
belebele_lin_611,0.73943514,0.6612007
belebele_lin_612,0.6078216,0.12522739
belebele_lin_613,0.7293594,-0.27954894
belebele_lin_614,0.69161004,-0.29073063
belebele_lin_615,0.7163239,1.5429639
belebele_lin_616,0.7477486,1.1223401
belebele_lin_617,0.7293594,-0.27954894
belebele_lin_618,0.7642891,-0.2684724
belebele_lin_619,0.80522317,-0.77776045
belebele_lin_62,0.7338966,0.19710252
belebele_lin_620,0.7477486,1.1223401
belebele_lin_621,0.7163239,1.5429639
belebele_lin_622,0.80522317,-0.77776045
belebele_lin_623,0.7477486,1.1223401
belebele_lin_624,0.7013139,0.63199866
belebele_lin_625,0.69447774,0.17480274
belebele_lin_626,0.7477486,1.1223401
belebele_lin_627,0.7338966,0.19710252
belebele_lin_628,0.6348883,-0.3055597
belebele_lin_629,0.7338966,0.19710252
belebele_lin_63,0.7338966,0.19710252
belebele_lin_630,0.7338966,0.19710252
belebele_lin_631,0.7241757,-0.28113684
belebele_lin_632,0.80522317,-0.77776045
belebele_lin_633,0.69161004,-0.29073063
belebele_lin_634,0.60534966,0.97477794
belebele_lin_635,0.5802621,0.5290278
belebele_lin_636,0.7642891,-0.2684724
belebele_lin_637,0.80522317,-0.77776045
belebele_lin_638,0.7282954,0.19395256
belebele_lin_639,0.7282954,0.19395256
belebele_lin_64,0.7241757,-0.28113684
belebele_lin_640,0.7163239,1.5429639
belebele_lin_641,0.7477486,1.1223401
belebele_lin_642,0.7241757,-0.28113684
belebele_lin_643,0.576663,0.5257382
belebele_lin_644,0.7477486,1.1223401
belebele_lin_645,0.69447774,0.17480274
belebele_lin_646,0.7293594,-0.27954894
belebele_lin_647,0.80522317,-0.77776045
belebele_lin_648,0.80522317,-0.77776045
belebele_lin_649,0.80522317,-0.77776045
belebele_lin_65,0.80522317,-0.77776045
belebele_lin_650,0.73943514,0.6612007
belebele_lin_651,0.7477486,1.1223401
belebele_lin_652,0.73943514,0.6612007
belebele_lin_653,0.7642891,-0.2684724
belebele_lin_654,0.6933035,0.1741344
belebele_lin_655,0.7477486,1.1223401
belebele_lin_656,0.73943514,0.6612007
belebele_lin_657,0.60534966,0.97477794
belebele_lin_658,0.63318455,0.13974576
belebele_lin_659,0.7163239,1.5429639
belebele_lin_66,0.7642891,-0.2684724
belebele_lin_660,0.7293594,-0.27954894
belebele_lin_661,0.73943514,0.6612007
belebele_lin_662,0.69447774,0.17480274
belebele_lin_663,0.7293594,-0.27954894
belebele_lin_664,0.73943514,0.6612007
belebele_lin_665,0.80522317,-0.77776045
belebele_lin_666,0.80522317,-0.77776045
belebele_lin_667,0.7642891,-0.2684724
belebele_lin_668,0.73943514,0.6612007
belebele_lin_669,0.6933035,0.1741344
belebele_lin_67,0.7338966,0.19710252
belebele_lin_670,0.80522317,-0.77776045
belebele_lin_671,0.80522317,-0.77776045
belebele_lin_672,0.73943514,0.6612007
belebele_lin_673,0.7642891,-0.2684724
belebele_lin_674,0.7293594,-0.27954894
belebele_lin_675,0.7163239,1.5429639
belebele_lin_676,0.7013139,0.63199866
belebele_lin_677,0.7163239,1.5429639
belebele_lin_678,0.7163239,1.5429639
belebele_lin_679,0.7163239,1.5429639
belebele_lin_68,0.80522317,-0.77776045
belebele_lin_680,0.7477486,1.1223401
belebele_lin_681,0.7642891,-0.2684724
belebele_lin_682,0.73943514,0.6612007
belebele_lin_683,0.7338966,0.19710252
belebele_lin_684,0.80522317,-0.77776045
belebele_lin_685,0.7163239,1.5429639
belebele_lin_686,0.7282954,0.19395256
belebele_lin_687,0.6933035,0.1741344
belebele_lin_688,0.7163239,1.5429639
belebele_lin_689,0.7293594,-0.27954894
belebele_lin_69,0.73943514,0.6612007
belebele_lin_690,0.7338966,0.19710252
belebele_lin_691,0.80522317,-0.77776045
belebele_lin_692,0.7293594,-0.27954894
belebele_lin_693,0.80522317,-0.77776045
belebele_lin_694,0.7293594,-0.27954894
belebele_lin_695,0.7163239,1.5429639
belebele_lin_696,0.7293594,-0.27954894
belebele_lin_697,0.7338966,0.19710252
belebele_lin_698,0.73943514,0.6612007
belebele_lin_699,0.80522317,-0.77776045
belebele_lin_7,0.80522317,-0.77776045
belebele_lin_70,0.63821864,1.012501
belebele_lin_700,0.7642891,-0.2684724
belebele_lin_701,0.7163239,1.5429639
belebele_lin_702,0.7163239,1.5429639
belebele_lin_703,0.7293594,-0.27954894
belebele_lin_704,0.7642891,-0.2684724
belebele_lin_705,0.633549,1.0072805
belebele_lin_706,0.7293594,-0.27954894
belebele_lin_707,0.7477486,1.1223401
belebele_lin_708,0.6959062,0.62772906
belebele_lin_709,0.80522317,-0.77776045
belebele_lin_71,0.7477486,1.1223401
belebele_lin_710,0.7642891,-0.2684724
belebele_lin_711,0.7338966,0.19710252
belebele_lin_712,0.69447774,0.17480274
belebele_lin_713,0.73943514,0.6612007
belebele_lin_714,0.6710693,1.0479506
belebele_lin_715,0.69447774,0.17480274
belebele_lin_716,0.7477486,1.1223401
belebele_lin_717,0.6348883,-0.3055597
belebele_lin_718,0.7293594,-0.27954894
belebele_lin_719,0.6710693,1.0479506
belebele_lin_72,0.6054193,0.55167013
belebele_lin_720,0.7642891,-0.2684724
belebele_lin_721,0.7338966,0.19710252
belebele_lin_722,0.69161004,-0.29073063
belebele_lin_723,0.7293594,-0.27954894
belebele_lin_724,0.5802779,0.10954206
belebele_lin_725,0.73943514,0.6612007
belebele_lin_726,0.7477486,1.1223401
belebele_lin_727,0.80522317,-0.77776045
belebele_lin_728,0.6626997,0.1566573
belebele_lin_729,0.7163239,1.5429639
belebele_lin_73,0.80522317,-0.77776045
belebele_lin_730,0.7338966,0.19710252
belebele_lin_731,0.7163239,1.5429639
belebele_lin_732,0.6933035,0.1741344
belebele_lin_733,0.7477486,1.1223401
belebele_lin_734,0.69447774,0.17480274
belebele_lin_735,0.7642891,-0.2684724
belebele_lin_736,0.69447774,0.17480274
belebele_lin_737,0.7241757,-0.28113684
belebele_lin_738,0.7338966,0.19710252
belebele_lin_739,0.7163239,1.5429639
belebele_lin_74,0.69161004,-0.29073063
belebele_lin_740,0.7282954,0.19395256
belebele_lin_741,0.80522317,-0.77776045
belebele_lin_742,0.66330975,0.60132694
belebele_lin_743,0.7163239,1.5429639
belebele_lin_744,0.6320794,0.574971
belebele_lin_745,0.69161004,-0.29073063
belebele_lin_746,0.73943514,0.6612007
belebele_lin_747,0.73943514,0.6612007
belebele_lin_748,0.7642891,-0.2684724
belebele_lin_749,0.73943514,0.6612007
belebele_lin_75,0.6710693,1.0479506
belebele_lin_750,0.6626997,0.1566573
belebele_lin_751,0.7338966,0.19710252
belebele_lin_752,0.80522317,-0.77776045
belebele_lin_753,0.73943514,0.6612007
belebele_lin_754,0.7282954,0.19395256
belebele_lin_755,0.73943514,0.6612007
belebele_lin_756,0.7642891,-0.2684724
belebele_lin_757,0.6078216,0.12522739
belebele_lin_758,0.80522317,-0.77776045
belebele_lin_759,0.69447774,0.17480274
belebele_lin_76,0.60534966,0.97477794
belebele_lin_760,0.73943514,0.6612007
belebele_lin_761,0.80522317,-0.77776045
belebele_lin_762,0.7293594,-0.27954894
belebele_lin_763,0.73943514,0.6612007
belebele_lin_764,0.7642891,-0.2684724
belebele_lin_765,0.73943514,0.6612007
belebele_lin_766,0.7293594,-0.27954894
belebele_lin_767,0.80522317,-0.77776045
belebele_lin_768,0.73943514,0.6612007
belebele_lin_769,0.7338966,0.19710252
belebele_lin_77,0.7293594,-0.27954894
belebele_lin_770,0.7293594,-0.27954894
belebele_lin_771,0.6054193,0.55167013
belebele_lin_772,0.6054193,0.55167013
belebele_lin_773,0.80522317,-0.77776045
belebele_lin_774,0.7477486,1.1223401
belebele_lin_775,0.7477486,1.1223401
belebele_lin_776,0.69447774,0.17480274
belebele_lin_777,0.6348883,-0.3055597
belebele_lin_778,0.73943514,0.6612007
belebele_lin_779,0.7338966,0.19710252
belebele_lin_78,0.80522317,-0.77776045
belebele_lin_780,0.7293594,-0.27954894
belebele_lin_781,0.80522317,-0.77776045
belebele_lin_782,0.80522317,-0.77776045
belebele_lin_783,0.73943514,0.6612007
belebele_lin_784,0.63318455,0.13974576
belebele_lin_785,0.73943514,0.6612007
belebele_lin_786,0.7338966,0.19710252
belebele_lin_787,0.80522317,-0.77776045
belebele_lin_788,0.73943514,0.6612007
belebele_lin_789,0.69447774,0.17480274
belebele_lin_79,0.69161004,-0.29073063
belebele_lin_790,0.6626997,0.1566573
belebele_lin_791,0.69161004,-0.29073063
belebele_lin_792,0.80522317,-0.77776045
belebele_lin_793,0.73943514,0.6612007
belebele_lin_794,0.69447774,0.17480274
belebele_lin_795,0.7293594,-0.27954894
belebele_lin_796,0.6959062,0.62772906
belebele_lin_797,0.73943514,0.6612007
belebele_lin_798,0.69447774,0.17480274
belebele_lin_799,0.6078216,0.12522739
belebele_lin_8,0.7642891,-0.2684724
belebele_lin_80,0.7477486,1.1223401
belebele_lin_800,0.73943514,0.6612007
belebele_lin_801,0.7293594,-0.27954894
belebele_lin_802,0.69447774,0.17480274
belebele_lin_803,0.7293594,-0.27954894
belebele_lin_804,0.7241757,-0.28113684
belebele_lin_805,0.6933035,0.1741344
belebele_lin_806,0.69447774,0.17480274
belebele_lin_807,0.73943514,0.6612007
belebele_lin_808,0.7642891,-0.2684724
belebele_lin_809,0.7642891,-0.2684724
belebele_lin_81,0.7013139,0.63199866
belebele_lin_810,0.66330975,0.60132694
belebele_lin_811,0.69447774,0.17480274
belebele_lin_812,0.7293594,-0.27954894
belebele_lin_813,0.65816486,0.15406066
belebele_lin_814,0.80522317,-0.77776045
belebele_lin_815,0.6959062,0.62772906
belebele_lin_816,0.73943514,0.6612007
belebele_lin_817,0.63821864,1.012501
belebele_lin_818,0.73943514,0.6612007
belebele_lin_819,0.73943514,0.6612007
belebele_lin_82,0.7241757,-0.28113684
belebele_lin_820,0.69447774,0.17480274
belebele_lin_821,0.7477486,1.1223401
belebele_lin_822,0.80522317,-0.77776045
belebele_lin_823,0.80522317,-0.77776045
belebele_lin_824,0.6364851,0.5787512
belebele_lin_825,0.7642891,-0.2684724
belebele_lin_826,0.7163239,1.5429639
belebele_lin_827,0.7293594,-0.27954894
belebele_lin_828,0.69447774,0.17480274
belebele_lin_829,0.73943514,0.6612007
belebele_lin_83,0.63821864,1.012501
belebele_lin_830,0.7013139,0.63199866
belebele_lin_831,0.80522317,-0.77776045
belebele_lin_832,0.69161004,-0.29073063
belebele_lin_833,0.7477486,1.1223401
belebele_lin_834,0.80522317,-0.77776045
belebele_lin_835,0.6933035,0.1741344
belebele_lin_836,0.7241757,-0.28113684
belebele_lin_837,0.7241757,-0.28113684
belebele_lin_838,0.73943514,0.6612007
belebele_lin_839,0.73943514,0.6612007
belebele_lin_84,0.7293594,-0.27954894
belebele_lin_840,0.7293594,-0.27954894
belebele_lin_841,0.73943514,0.6612007
belebele_lin_842,0.7241757,-0.28113684
belebele_lin_843,0.7338966,0.19710252
belebele_lin_844,0.73943514,0.6612007
belebele_lin_845,0.73943514,0.6612007
belebele_lin_846,0.73943514,0.6612007
belebele_lin_847,0.6710693,1.0479506
belebele_lin_848,0.7642891,-0.2684724
belebele_lin_849,0.6054193,0.55167013
belebele_lin_85,0.633549,1.0072805
belebele_lin_850,0.7293594,-0.27954894
belebele_lin_851,0.7642891,-0.2684724
belebele_lin_852,0.69447774,0.17480274
belebele_lin_853,0.80522317,-0.77776045
belebele_lin_854,0.73943514,0.6612007
belebele_lin_855,0.80522317,-0.77776045
belebele_lin_856,0.7338966,0.19710252
belebele_lin_857,0.69447774,0.17480274
belebele_lin_858,0.7163239,1.5429639
belebele_lin_859,0.7338966,0.19710252
belebele_lin_86,0.6364851,0.5787512
belebele_lin_860,0.7338966,0.19710252
belebele_lin_861,0.7163239,1.5429639
belebele_lin_862,0.80522317,-0.77776045
belebele_lin_863,0.7338966,0.19710252
belebele_lin_864,0.7163239,1.5429639
belebele_lin_865,0.73943514,0.6612007
belebele_lin_866,0.7338966,0.19710252
belebele_lin_867,0.7293594,-0.27954894
belebele_lin_868,0.6710693,1.0479506
belebele_lin_869,0.66330975,0.60132694
belebele_lin_87,0.60534966,0.97477794
belebele_lin_870,0.73943514,0.6612007
belebele_lin_871,0.7477486,1.1223401
belebele_lin_872,0.7013139,0.63199866
belebele_lin_873,0.6933035,0.1741344
belebele_lin_874,0.7293594,-0.27954894
belebele_lin_875,0.6933035,0.1741344
belebele_lin_876,0.80522317,-0.77776045
belebele_lin_877,0.69447774,0.17480274
belebele_lin_878,0.6348883,-0.3055597
belebele_lin_879,0.80522317,-0.77776045
belebele_lin_88,0.69161004,-0.29073063
belebele_lin_880,0.7282954,0.19395256
belebele_lin_881,0.7338966,0.19710252
belebele_lin_882,0.69447774,0.17480274
belebele_lin_883,0.69447774,0.17480274
belebele_lin_884,0.80522317,-0.77776045
belebele_lin_885,0.7293594,-0.27954894
belebele_lin_886,0.6710693,1.0479506
belebele_lin_887,0.7013139,0.63199866
belebele_lin_888,0.7338966,0.19710252
belebele_lin_889,0.7163239,1.5429639
belebele_lin_89,0.66330975,0.60132694
belebele_lin_890,0.7338966,0.19710252
belebele_lin_891,0.7477486,1.1223401
belebele_lin_892,0.7338966,0.19710252
belebele_lin_893,0.7477486,1.1223401
belebele_lin_894,0.6626997,0.1566573
belebele_lin_895,0.7338966,0.19710252
belebele_lin_896,0.66330975,0.60132694
belebele_lin_897,0.7282954,0.19395256
belebele_lin_898,0.7163239,1.5429639
belebele_lin_899,0.80522317,-0.77776045
belebele_lin_9,0.7293594,-0.27954894
belebele_lin_90,0.63821864,1.012501
belebele_lin_91,0.7293594,-0.27954894
belebele_lin_92,0.66330975,0.60132694
belebele_lin_93,0.69447774,0.17480274
belebele_lin_94,0.80522317,-0.77776045
belebele_lin_95,0.80522317,-0.77776045
belebele_lin_96,0.69161004,-0.29073063
belebele_lin_97,0.7642891,-0.2684724
belebele_lin_98,0.73943514,0.6612007
belebele_lin_99,0.7477486,1.1223401
belebele_lug_0,0.66330975,0.60132694
belebele_lug_1,0.73943514,0.6612007
belebele_lug_10,0.7163239,1.5429639
belebele_lug_100,0.7282954,0.19395256
belebele_lug_101,0.80522317,-0.77776045
belebele_lug_102,0.7293594,-0.27954894
belebele_lug_103,0.7282954,0.19395256
belebele_lug_104,0.73943514,0.6612007
belebele_lug_105,0.7642891,-0.2684724
belebele_lug_106,0.80522317,-0.77776045
belebele_lug_107,0.6320794,0.574971
belebele_lug_108,0.5802779,0.10954206
belebele_lug_109,0.69447774,0.17480274
belebele_lug_11,0.6054193,0.55167013
belebele_lug_110,0.80522317,-0.77776045
belebele_lug_111,0.7241757,-0.28113684
belebele_lug_112,0.7163239,1.5429639
belebele_lug_113,0.6959062,0.62772906
belebele_lug_114,0.7293594,-0.27954894
belebele_lug_115,0.7642891,-0.2684724
belebele_lug_116,0.80522317,-0.77776045
belebele_lug_117,0.7163239,1.5429639
belebele_lug_118,0.73943514,0.6612007
belebele_lug_119,0.80522317,-0.77776045
belebele_lug_12,0.69447774,0.17480274
belebele_lug_120,0.7163239,1.5429639
belebele_lug_121,0.7293594,-0.27954894
belebele_lug_122,0.7293594,-0.27954894
belebele_lug_123,0.7642891,-0.2684724
belebele_lug_124,0.7163239,1.5429639
belebele_lug_125,0.60534966,0.97477794
belebele_lug_126,0.69447774,0.17480274
belebele_lug_127,0.6710693,1.0479506
belebele_lug_128,0.7293594,-0.27954894
belebele_lug_129,0.69447774,0.17480274
belebele_lug_13,0.7338966,0.19710252
belebele_lug_130,0.6933035,0.1741344
belebele_lug_131,0.7642891,-0.2684724
belebele_lug_132,0.73943514,0.6612007
belebele_lug_133,0.7163239,1.5429639
belebele_lug_134,0.80522317,-0.77776045
belebele_lug_135,0.7338966,0.19710252
belebele_lug_136,0.80522317,-0.77776045
belebele_lug_137,0.7293594,-0.27954894
belebele_lug_138,0.80522317,-0.77776045
belebele_lug_139,0.69447774,0.17480274
belebele_lug_14,0.576663,0.5257382
belebele_lug_140,0.7293594,-0.27954894
belebele_lug_141,0.80522317,-0.77776045
belebele_lug_142,0.80522317,-0.77776045
belebele_lug_143,0.80522317,-0.77776045
belebele_lug_144,0.7293594,-0.27954894
belebele_lug_145,0.73943514,0.6612007
belebele_lug_146,0.7241757,-0.28113684
belebele_lug_147,0.7282954,0.19395256
belebele_lug_148,0.80522317,-0.77776045
belebele_lug_149,0.6364851,0.5787512
belebele_lug_15,0.6054193,0.55167013
belebele_lug_150,0.80522317,-0.77776045
belebele_lug_151,0.6078216,0.12522739
belebele_lug_152,0.7163239,1.5429639
belebele_lug_153,0.7241757,-0.28113684
belebele_lug_154,0.80522317,-0.77776045
belebele_lug_155,0.80522317,-0.77776045
belebele_lug_156,0.7477486,1.1223401
belebele_lug_157,0.6710693,1.0479506
belebele_lug_158,0.69447774,0.17480274
belebele_lug_159,0.7163239,1.5429639
belebele_lug_16,0.63318455,0.13974576
belebele_lug_160,0.7163239,1.5429639
belebele_lug_161,0.80522317,-0.77776045
belebele_lug_162,0.7642891,-0.2684724
belebele_lug_163,0.6364851,0.5787512
belebele_lug_164,0.7642891,-0.2684724
belebele_lug_165,0.69447774,0.17480274
belebele_lug_166,0.73943514,0.6612007
belebele_lug_167,0.7241757,-0.28113684
belebele_lug_168,0.80522317,-0.77776045
belebele_lug_169,0.6710693,1.0479506
belebele_lug_17,0.69447774,0.17480274
belebele_lug_170,0.69447774,0.17480274
belebele_lug_171,0.7163239,1.5429639
belebele_lug_172,0.6710693,1.0479506
belebele_lug_173,0.80522317,-0.77776045
belebele_lug_174,0.73943514,0.6612007
belebele_lug_175,0.6054193,0.55167013
belebele_lug_176,0.6044916,0.55084634
belebele_lug_177,0.73943514,0.6612007
belebele_lug_178,0.7293594,-0.27954894
belebele_lug_179,0.7282954,0.19395256
belebele_lug_18,0.73943514,0.6612007
belebele_lug_180,0.80522317,-0.77776045
belebele_lug_181,0.66330975,0.60132694
belebele_lug_182,0.80522317,-0.77776045
belebele_lug_183,0.69161004,-0.29073063
belebele_lug_184,0.66330975,0.60132694
belebele_lug_185,0.6959062,0.62772906
belebele_lug_186,0.80522317,-0.77776045
belebele_lug_187,0.7293594,-0.27954894
belebele_lug_188,0.80522317,-0.77776045
belebele_lug_189,0.73943514,0.6612007
belebele_lug_19,0.6933035,0.1741344
belebele_lug_190,0.80522317,-0.77776045
belebele_lug_191,0.69447774,0.17480274
belebele_lug_192,0.6933035,0.1741344
belebele_lug_193,0.80522317,-0.77776045
belebele_lug_194,0.7241757,-0.28113684
belebele_lug_195,0.7477486,1.1223401
belebele_lug_196,0.73943514,0.6612007
belebele_lug_197,0.69447774,0.17480274
belebele_lug_198,0.7282954,0.19395256
belebele_lug_199,0.69161004,-0.29073063
belebele_lug_2,0.7163239,1.5429639
belebele_lug_20,0.80522317,-0.77776045
belebele_lug_200,0.80522317,-0.77776045
belebele_lug_201,0.7163239,1.5429639
belebele_lug_202,0.73943514,0.6612007
belebele_lug_203,0.7642891,-0.2684724
belebele_lug_204,0.7642891,-0.2684724
belebele_lug_205,0.80522317,-0.77776045
belebele_lug_206,0.7338966,0.19710252
belebele_lug_207,0.69447774,0.17480274
belebele_lug_208,0.80522317,-0.77776045
belebele_lug_209,0.80522317,-0.77776045
belebele_lug_21,0.7163239,1.5429639
belebele_lug_210,0.7293594,-0.27954894
belebele_lug_211,0.80522317,-0.77776045
belebele_lug_212,0.6959062,0.62772906
belebele_lug_213,0.7642891,-0.2684724
belebele_lug_214,0.7338966,0.19710252
belebele_lug_215,0.73943514,0.6612007
belebele_lug_216,0.80522317,-0.77776045
belebele_lug_217,0.7642891,-0.2684724
belebele_lug_218,0.6710693,1.0479506
belebele_lug_219,0.80522317,-0.77776045
belebele_lug_22,0.7282954,0.19395256
belebele_lug_220,0.80522317,-0.77776045
belebele_lug_221,0.60534966,0.97477794
belebele_lug_222,0.80522317,-0.77776045
belebele_lug_223,0.69447774,0.17480274
belebele_lug_224,0.63318455,0.13974576
belebele_lug_225,0.7338966,0.19710252
belebele_lug_226,0.69447774,0.17480274
belebele_lug_227,0.6348883,-0.3055597
belebele_lug_228,0.7241757,-0.28113684
belebele_lug_229,0.7293594,-0.27954894
belebele_lug_23,0.80522317,-0.77776045
belebele_lug_230,0.7163239,1.5429639
belebele_lug_231,0.80522317,-0.77776045
belebele_lug_232,0.7293594,-0.27954894
belebele_lug_233,0.7477486,1.1223401
belebele_lug_234,0.73943514,0.6612007
belebele_lug_235,0.73943514,0.6612007
belebele_lug_236,0.69447774,0.17480274
belebele_lug_237,0.7477486,1.1223401
belebele_lug_238,0.80522317,-0.77776045
belebele_lug_239,0.80522317,-0.77776045
belebele_lug_24,0.73943514,0.6612007
belebele_lug_240,0.73943514,0.6612007
belebele_lug_241,0.7338966,0.19710252
belebele_lug_242,0.69447774,0.17480274
belebele_lug_243,0.73943514,0.6612007
belebele_lug_244,0.80522317,-0.77776045
belebele_lug_245,0.7642891,-0.2684724
belebele_lug_246,0.7642891,-0.2684724
belebele_lug_247,0.7241757,-0.28113684
belebele_lug_248,0.80522317,-0.77776045
belebele_lug_249,0.6710693,1.0479506
belebele_lug_25,0.60534966,0.97477794
belebele_lug_250,0.80522317,-0.77776045
belebele_lug_251,0.80522317,-0.77776045
belebele_lug_252,0.6933035,0.1741344
belebele_lug_253,0.80522317,-0.77776045
belebele_lug_254,0.7282954,0.19395256
belebele_lug_255,0.80522317,-0.77776045
belebele_lug_256,0.69447774,0.17480274
belebele_lug_257,0.73943514,0.6612007
belebele_lug_258,0.7293594,-0.27954894
belebele_lug_259,0.7163239,1.5429639
belebele_lug_26,0.7477486,1.1223401
belebele_lug_260,0.80522317,-0.77776045
belebele_lug_261,0.69447774,0.17480274
belebele_lug_262,0.6710693,1.0479506
belebele_lug_263,0.6959062,0.62772906
belebele_lug_264,0.73943514,0.6612007
belebele_lug_265,0.80522317,-0.77776045
belebele_lug_266,0.73943514,0.6612007
belebele_lug_267,0.80522317,-0.77776045
belebele_lug_268,0.69447774,0.17480274
belebele_lug_269,0.80522317,-0.77776045
belebele_lug_27,0.7241757,-0.28113684
belebele_lug_270,0.7642891,-0.2684724
belebele_lug_271,0.73943514,0.6612007
belebele_lug_272,0.7282954,0.19395256
belebele_lug_273,0.633549,1.0072805
belebele_lug_274,0.7293594,-0.27954894
belebele_lug_275,0.6626997,0.1566573
belebele_lug_276,0.60534966,0.97477794
belebele_lug_277,0.7293594,-0.27954894
belebele_lug_278,0.6054193,0.55167013
belebele_lug_279,0.7642891,-0.2684724
belebele_lug_28,0.80522317,-0.77776045
belebele_lug_280,0.80522317,-0.77776045
belebele_lug_281,0.7477486,1.1223401
belebele_lug_282,0.7282954,0.19395256
belebele_lug_283,0.7293594,-0.27954894
belebele_lug_284,0.7642891,-0.2684724
belebele_lug_285,0.7642891,-0.2684724
belebele_lug_286,0.7293594,-0.27954894
belebele_lug_287,0.6364851,0.5787512
belebele_lug_288,0.7293594,-0.27954894
belebele_lug_289,0.7241757,-0.28113684
belebele_lug_29,0.80522317,-0.77776045
belebele_lug_290,0.6933035,0.1741344
belebele_lug_291,0.73943514,0.6612007
belebele_lug_292,0.7282954,0.19395256
belebele_lug_293,0.80522317,-0.77776045
belebele_lug_294,0.80522317,-0.77776045
belebele_lug_295,0.6054193,0.55167013
belebele_lug_296,0.69447774,0.17480274
belebele_lug_297,0.63318455,0.13974576
belebele_lug_298,0.66330975,0.60132694
belebele_lug_299,0.7338966,0.19710252
belebele_lug_3,0.66330975,0.60132694
belebele_lug_30,0.7293594,-0.27954894
belebele_lug_300,0.7241757,-0.28113684
belebele_lug_301,0.7163239,1.5429639
belebele_lug_302,0.7241757,-0.28113684
belebele_lug_303,0.73943514,0.6612007
belebele_lug_304,0.60534966,0.97477794
belebele_lug_305,0.7338966,0.19710252
belebele_lug_306,0.80522317,-0.77776045
belebele_lug_307,0.6626997,0.1566573
belebele_lug_308,0.80522317,-0.77776045
belebele_lug_309,0.80522317,-0.77776045
belebele_lug_31,0.7163239,1.5429639
belebele_lug_310,0.7241757,-0.28113684
belebele_lug_311,0.80522317,-0.77776045
belebele_lug_312,0.7013139,0.63199866
belebele_lug_313,0.7282954,0.19395256
belebele_lug_314,0.7477486,1.1223401
belebele_lug_315,0.73943514,0.6612007
belebele_lug_316,0.6710693,1.0479506
belebele_lug_317,0.73943514,0.6612007
belebele_lug_318,0.5802779,0.10954206
belebele_lug_319,0.7282954,0.19395256
belebele_lug_32,0.80522317,-0.77776045
belebele_lug_320,0.6710693,1.0479506
belebele_lug_321,0.69447774,0.17480274
belebele_lug_322,0.6054193,0.55167013
belebele_lug_323,0.80522317,-0.77776045
belebele_lug_324,0.80522317,-0.77776045
belebele_lug_325,0.7338966,0.19710252
belebele_lug_326,0.80522317,-0.77776045
belebele_lug_327,0.7241757,-0.28113684
belebele_lug_328,0.80522317,-0.77776045
belebele_lug_329,0.80522317,-0.77776045
belebele_lug_33,0.66330975,0.60132694
belebele_lug_330,0.633549,1.0072805
belebele_lug_331,0.80522317,-0.77776045
belebele_lug_332,0.80522317,-0.77776045
belebele_lug_333,0.6710693,1.0479506
belebele_lug_334,0.80522317,-0.77776045
belebele_lug_335,0.80522317,-0.77776045
belebele_lug_336,0.6044916,0.55084634
belebele_lug_337,0.7477486,1.1223401
belebele_lug_338,0.7477486,1.1223401
belebele_lug_339,0.6959062,0.62772906
belebele_lug_34,0.73943514,0.6612007
belebele_lug_340,0.6933035,0.1741344
belebele_lug_341,0.60534966,0.97477794
belebele_lug_342,0.69447774,0.17480274
belebele_lug_343,0.6710693,1.0479506
belebele_lug_344,0.7642891,-0.2684724
belebele_lug_345,0.80522317,-0.77776045
belebele_lug_346,0.60404813,0.12307197
belebele_lug_347,0.80522317,-0.77776045
belebele_lug_348,0.73943514,0.6612007
belebele_lug_349,0.66330975,0.60132694
belebele_lug_35,0.7241757,-0.28113684
belebele_lug_350,0.7642891,-0.2684724
belebele_lug_351,0.7282954,0.19395256
belebele_lug_352,0.80522317,-0.77776045
belebele_lug_353,0.6710693,1.0479506
belebele_lug_354,0.80522317,-0.77776045
belebele_lug_355,0.80522317,-0.77776045
belebele_lug_356,0.6054193,0.55167013
belebele_lug_357,0.80522317,-0.77776045
belebele_lug_358,0.80522317,-0.77776045
belebele_lug_359,0.7282954,0.19395256
belebele_lug_36,0.66330975,0.60132694
belebele_lug_360,0.80522317,-0.77776045
belebele_lug_361,0.7642891,-0.2684724
belebele_lug_362,0.6320794,0.574971
belebele_lug_363,0.6710693,1.0479506
belebele_lug_364,0.80522317,-0.77776045
belebele_lug_365,0.69447774,0.17480274
belebele_lug_366,0.7163239,1.5429639
belebele_lug_367,0.69161004,-0.29073063
belebele_lug_368,0.73943514,0.6612007
belebele_lug_369,0.73943514,0.6612007
belebele_lug_37,0.7477486,1.1223401
belebele_lug_370,0.7642891,-0.2684724
belebele_lug_371,0.80522317,-0.77776045
belebele_lug_372,0.7163239,1.5429639
belebele_lug_373,0.7338966,0.19710252
belebele_lug_374,0.69447774,0.17480274
belebele_lug_375,0.6710693,1.0479506
belebele_lug_376,0.63318455,0.13974576
belebele_lug_377,0.6710693,1.0479506
belebele_lug_378,0.65816486,0.15406066
belebele_lug_379,0.73943514,0.6612007
belebele_lug_38,0.7642891,-0.2684724
belebele_lug_380,0.69447774,0.17480274
belebele_lug_381,0.7013139,0.63199866
belebele_lug_382,0.73943514,0.6612007
belebele_lug_383,0.60534966,0.97477794
belebele_lug_384,0.69447774,0.17480274
belebele_lug_385,0.5802779,0.10954206
belebele_lug_386,0.73943514,0.6612007
belebele_lug_387,0.7477486,1.1223401
belebele_lug_388,0.80522317,-0.77776045
belebele_lug_389,0.7642891,-0.2684724
belebele_lug_39,0.7642891,-0.2684724
belebele_lug_390,0.633549,1.0072805
belebele_lug_391,0.73943514,0.6612007
belebele_lug_392,0.7477486,1.1223401
belebele_lug_393,0.80522317,-0.77776045
belebele_lug_394,0.7477486,1.1223401
belebele_lug_395,0.80522317,-0.77776045
belebele_lug_396,0.6364851,0.5787512
belebele_lug_397,0.69447774,0.17480274
belebele_lug_398,0.80522317,-0.77776045
belebele_lug_399,0.73943514,0.6612007
belebele_lug_4,0.7241757,-0.28113684
belebele_lug_40,0.6933035,0.1741344
belebele_lug_400,0.73943514,0.6612007
belebele_lug_401,0.6959062,0.62772906
belebele_lug_402,0.5802779,0.10954206
belebele_lug_403,0.69447774,0.17480274
belebele_lug_404,0.7642891,-0.2684724
belebele_lug_405,0.69447774,0.17480274
belebele_lug_406,0.7293594,-0.27954894
belebele_lug_407,0.73943514,0.6612007
belebele_lug_408,0.7477486,1.1223401
belebele_lug_409,0.6959062,0.62772906
belebele_lug_41,0.7163239,1.5429639
belebele_lug_410,0.7477486,1.1223401
belebele_lug_411,0.69161004,-0.29073063
belebele_lug_412,0.80522317,-0.77776045
belebele_lug_413,0.80522317,-0.77776045
belebele_lug_414,0.73943514,0.6612007
belebele_lug_415,0.73943514,0.6612007
belebele_lug_416,0.7282954,0.19395256
belebele_lug_417,0.6364851,0.5787512
belebele_lug_418,0.73943514,0.6612007
belebele_lug_419,0.6626997,0.1566573
belebele_lug_42,0.73943514,0.6612007
belebele_lug_420,0.69447774,0.17480274
belebele_lug_421,0.7163239,1.5429639
belebele_lug_422,0.69161004,-0.29073063
belebele_lug_423,0.60404813,0.12307197
belebele_lug_424,0.7241757,-0.28113684
belebele_lug_425,0.7477486,1.1223401
belebele_lug_426,0.7163239,1.5429639
belebele_lug_427,0.69447774,0.17480274
belebele_lug_428,0.7241757,-0.28113684
belebele_lug_429,0.7163239,1.5429639
belebele_lug_43,0.7642891,-0.2684724
belebele_lug_430,0.69447774,0.17480274
belebele_lug_431,0.69447774,0.17480274
belebele_lug_432,0.7642891,-0.2684724
belebele_lug_433,0.7013139,0.63199866
belebele_lug_434,0.80522317,-0.77776045
belebele_lug_435,0.73943514,0.6612007
belebele_lug_436,0.73943514,0.6612007
belebele_lug_437,0.80522317,-0.77776045
belebele_lug_438,0.69161004,-0.29073063
belebele_lug_439,0.6710693,1.0479506
belebele_lug_44,0.6054193,0.55167013
belebele_lug_440,0.7293594,-0.27954894
belebele_lug_441,0.6710693,1.0479506
belebele_lug_442,0.80522317,-0.77776045
belebele_lug_443,0.80522317,-0.77776045
belebele_lug_444,0.7163239,1.5429639
belebele_lug_445,0.6710693,1.0479506
belebele_lug_446,0.73943514,0.6612007
belebele_lug_447,0.73943514,0.6612007
belebele_lug_448,0.69447774,0.17480274
belebele_lug_449,0.6710693,1.0479506
belebele_lug_45,0.6710693,1.0479506
belebele_lug_450,0.7163239,1.5429639
belebele_lug_451,0.66330975,0.60132694
belebele_lug_452,0.7241757,-0.28113684
belebele_lug_453,0.6348883,-0.3055597
belebele_lug_454,0.7163239,1.5429639
belebele_lug_455,0.7642891,-0.2684724
belebele_lug_456,0.6626997,0.1566573
belebele_lug_457,0.6959062,0.62772906
belebele_lug_458,0.73943514,0.6612007
belebele_lug_459,0.7282954,0.19395256
belebele_lug_46,0.7163239,1.5429639
belebele_lug_460,0.6364851,0.5787512
belebele_lug_461,0.73943514,0.6612007
belebele_lug_462,0.80522317,-0.77776045
belebele_lug_463,0.69447774,0.17480274
belebele_lug_464,0.7642891,-0.2684724
belebele_lug_465,0.69447774,0.17480274
belebele_lug_466,0.7477486,1.1223401
belebele_lug_467,0.7293594,-0.27954894
belebele_lug_468,0.73943514,0.6612007
belebele_lug_469,0.633549,1.0072805
belebele_lug_47,0.7293594,-0.27954894
belebele_lug_470,0.6710693,1.0479506
belebele_lug_471,0.73943514,0.6612007
belebele_lug_472,0.73943514,0.6612007
belebele_lug_473,0.7477486,1.1223401
belebele_lug_474,0.7293594,-0.27954894
belebele_lug_475,0.7282954,0.19395256
belebele_lug_476,0.7293594,-0.27954894
belebele_lug_477,0.69447774,0.17480274
belebele_lug_478,0.633549,1.0072805
belebele_lug_479,0.73943514,0.6612007
belebele_lug_48,0.69447774,0.17480274
belebele_lug_480,0.73943514,0.6612007
belebele_lug_481,0.80522317,-0.77776045
belebele_lug_482,0.80522317,-0.77776045
belebele_lug_483,0.7293594,-0.27954894
belebele_lug_484,0.7293594,-0.27954894
belebele_lug_485,0.6364851,0.5787512
belebele_lug_486,0.69447774,0.17480274
belebele_lug_487,0.7163239,1.5429639
belebele_lug_488,0.7241757,-0.28113684
belebele_lug_489,0.66330975,0.60132694
belebele_lug_49,0.80522317,-0.77776045
belebele_lug_490,0.7477486,1.1223401
belebele_lug_491,0.7338966,0.19710252
belebele_lug_492,0.80522317,-0.77776045
belebele_lug_493,0.6044916,0.55084634
belebele_lug_494,0.73943514,0.6612007
belebele_lug_495,0.80522317,-0.77776045
belebele_lug_496,0.69447774,0.17480274
belebele_lug_497,0.69447774,0.17480274
belebele_lug_498,0.80522317,-0.77776045
belebele_lug_499,0.73943514,0.6612007
belebele_lug_5,0.7338966,0.19710252
belebele_lug_50,0.73943514,0.6612007
belebele_lug_500,0.73943514,0.6612007
belebele_lug_501,0.7293594,-0.27954894
belebele_lug_502,0.6710693,1.0479506
belebele_lug_503,0.80522317,-0.77776045
belebele_lug_504,0.7163239,1.5429639
belebele_lug_505,0.7163239,1.5429639
belebele_lug_506,0.73943514,0.6612007
belebele_lug_507,0.7477486,1.1223401
belebele_lug_508,0.7477486,1.1223401
belebele_lug_509,0.69447774,0.17480274
belebele_lug_51,0.7163239,1.5429639
belebele_lug_510,0.69447774,0.17480274
belebele_lug_511,0.80522317,-0.77776045
belebele_lug_512,0.7642891,-0.2684724
belebele_lug_513,0.7293594,-0.27954894
belebele_lug_514,0.80522317,-0.77776045
belebele_lug_515,0.6710693,1.0479506
belebele_lug_516,0.7293594,-0.27954894
belebele_lug_517,0.69447774,0.17480274
belebele_lug_518,0.6054193,0.55167013
belebele_lug_519,0.7163239,1.5429639
belebele_lug_52,0.80522317,-0.77776045
belebele_lug_520,0.73943514,0.6612007
belebele_lug_521,0.73943514,0.6612007
belebele_lug_522,0.7163239,1.5429639
belebele_lug_523,0.7163239,1.5429639
belebele_lug_524,0.73943514,0.6612007
belebele_lug_525,0.7163239,1.5429639
belebele_lug_526,0.73943514,0.6612007
belebele_lug_527,0.7338966,0.19710252
belebele_lug_528,0.6348883,-0.3055597
belebele_lug_529,0.73943514,0.6612007
belebele_lug_53,0.7293594,-0.27954894
belebele_lug_530,0.69447774,0.17480274
belebele_lug_531,0.73943514,0.6612007
belebele_lug_532,0.7477486,1.1223401
belebele_lug_533,0.7013139,0.63199866
belebele_lug_534,0.7642891,-0.2684724
belebele_lug_535,0.73943514,0.6612007
belebele_lug_536,0.7477486,1.1223401
belebele_lug_537,0.69447774,0.17480274
belebele_lug_538,0.73943514,0.6612007
belebele_lug_539,0.69161004,-0.29073063
belebele_lug_54,0.6710693,1.0479506
belebele_lug_540,0.80522317,-0.77776045
belebele_lug_541,0.7282954,0.19395256
belebele_lug_542,0.7163239,1.5429639
belebele_lug_543,0.69447774,0.17480274
belebele_lug_544,0.73943514,0.6612007
belebele_lug_545,0.6348883,-0.3055597
belebele_lug_546,0.80522317,-0.77776045
belebele_lug_547,0.7293594,-0.27954894
belebele_lug_548,0.63318455,0.13974576
belebele_lug_549,0.7338966,0.19710252
belebele_lug_55,0.6959062,0.62772906
belebele_lug_550,0.73943514,0.6612007
belebele_lug_551,0.69447774,0.17480274
belebele_lug_552,0.7477486,1.1223401
belebele_lug_553,0.73943514,0.6612007
belebele_lug_554,0.7163239,1.5429639
belebele_lug_555,0.80522317,-0.77776045
belebele_lug_556,0.7241757,-0.28113684
belebele_lug_557,0.6348883,-0.3055597
belebele_lug_558,0.7642891,-0.2684724
belebele_lug_559,0.73943514,0.6612007
belebele_lug_56,0.7293594,-0.27954894
belebele_lug_560,0.80522317,-0.77776045
belebele_lug_561,0.7477486,1.1223401
belebele_lug_562,0.6626997,0.1566573
belebele_lug_563,0.7163239,1.5429639
belebele_lug_564,0.80522317,-0.77776045
belebele_lug_565,0.7163239,1.5429639
belebele_lug_566,0.7163239,1.5429639
belebele_lug_567,0.6710693,1.0479506
belebele_lug_568,0.60534966,0.97477794
belebele_lug_569,0.6710693,1.0479506
belebele_lug_57,0.69447774,0.17480274
belebele_lug_570,0.60534966,0.97477794
belebele_lug_571,0.7477486,1.1223401
belebele_lug_572,0.73943514,0.6612007
belebele_lug_573,0.5802621,0.5290278
belebele_lug_574,0.63821864,1.012501
belebele_lug_575,0.80522317,-0.77776045
belebele_lug_576,0.73943514,0.6612007
belebele_lug_577,0.80522317,-0.77776045
belebele_lug_578,0.7293594,-0.27954894
belebele_lug_579,0.69161004,-0.29073063
belebele_lug_58,0.7293594,-0.27954894
belebele_lug_580,0.7293594,-0.27954894
belebele_lug_581,0.73943514,0.6612007
belebele_lug_582,0.7642891,-0.2684724
belebele_lug_583,0.6710693,1.0479506
belebele_lug_584,0.80522317,-0.77776045
belebele_lug_585,0.6626997,0.1566573
belebele_lug_586,0.80522317,-0.77776045
belebele_lug_587,0.7338966,0.19710252
belebele_lug_588,0.6710693,1.0479506
belebele_lug_589,0.6710693,1.0479506
belebele_lug_59,0.80522317,-0.77776045
belebele_lug_590,0.7163239,1.5429639
belebele_lug_591,0.80522317,-0.77776045
belebele_lug_592,0.7338966,0.19710252
belebele_lug_593,0.80522317,-0.77776045
belebele_lug_594,0.73943514,0.6612007
belebele_lug_595,0.7163239,1.5429639
belebele_lug_596,0.7477486,1.1223401
belebele_lug_597,0.6710693,1.0479506
belebele_lug_598,0.7241757,-0.28113684
belebele_lug_599,0.7163239,1.5429639
belebele_lug_6,0.73943514,0.6612007
belebele_lug_60,0.7241757,-0.28113684
belebele_lug_600,0.7293594,-0.27954894
belebele_lug_601,0.7163239,1.5429639
belebele_lug_602,0.69447774,0.17480274
belebele_lug_603,0.73943514,0.6612007
belebele_lug_604,0.63821864,1.012501
belebele_lug_605,0.73943514,0.6612007
belebele_lug_606,0.80522317,-0.77776045
belebele_lug_607,0.6933035,0.1741344
belebele_lug_608,0.7642891,-0.2684724
belebele_lug_609,0.73943514,0.6612007
belebele_lug_61,0.7293594,-0.27954894
belebele_lug_610,0.7241757,-0.28113684
belebele_lug_611,0.80522317,-0.77776045
belebele_lug_612,0.73943514,0.6612007
belebele_lug_613,0.7163239,1.5429639
belebele_lug_614,0.6710693,1.0479506
belebele_lug_615,0.73943514,0.6612007
belebele_lug_616,0.6710693,1.0479506
belebele_lug_617,0.6710693,1.0479506
belebele_lug_618,0.7163239,1.5429639
belebele_lug_619,0.5802621,0.5290278
belebele_lug_62,0.60534966,0.97477794
belebele_lug_620,0.7477486,1.1223401
belebele_lug_621,0.63821864,1.012501
belebele_lug_622,0.7293594,-0.27954894
belebele_lug_623,0.7163239,1.5429639
belebele_lug_624,0.7282954,0.19395256
belebele_lug_625,0.69447774,0.17480274
belebele_lug_626,0.80522317,-0.77776045
belebele_lug_627,0.80522317,-0.77776045
belebele_lug_628,0.7477486,1.1223401
belebele_lug_629,0.7477486,1.1223401
belebele_lug_63,0.6933035,0.1741344
belebele_lug_630,0.7163239,1.5429639
belebele_lug_631,0.7477486,1.1223401
belebele_lug_632,0.7477486,1.1223401
belebele_lug_633,0.80522317,-0.77776045
belebele_lug_634,0.80522317,-0.77776045
belebele_lug_635,0.7642891,-0.2684724
belebele_lug_636,0.6959062,0.62772906
belebele_lug_637,0.80522317,-0.77776045
belebele_lug_638,0.7293594,-0.27954894
belebele_lug_639,0.6933035,0.1741344
belebele_lug_64,0.7293594,-0.27954894
belebele_lug_640,0.7642891,-0.2684724
belebele_lug_641,0.73943514,0.6612007
belebele_lug_642,0.7642891,-0.2684724
belebele_lug_643,0.7013139,0.63199866
belebele_lug_644,0.7338966,0.19710252
belebele_lug_645,0.80522317,-0.77776045
belebele_lug_646,0.80522317,-0.77776045
belebele_lug_647,0.6044916,0.55084634
belebele_lug_648,0.7477486,1.1223401
belebele_lug_649,0.6710693,1.0479506
belebele_lug_65,0.7642891,-0.2684724
belebele_lug_650,0.7241757,-0.28113684
belebele_lug_651,0.69447774,0.17480274
belebele_lug_652,0.80522317,-0.77776045
belebele_lug_653,0.73943514,0.6612007
belebele_lug_654,0.7477486,1.1223401
belebele_lug_655,0.7241757,-0.28113684
belebele_lug_656,0.7163239,1.5429639
belebele_lug_657,0.7293594,-0.27954894
belebele_lug_658,0.633549,1.0072805
belebele_lug_659,0.60404813,0.12307197
belebele_lug_66,0.80522317,-0.77776045
belebele_lug_660,0.69447774,0.17480274
belebele_lug_661,0.80522317,-0.77776045
belebele_lug_662,0.7293594,-0.27954894
belebele_lug_663,0.73943514,0.6612007
belebele_lug_664,0.6044916,0.55084634
belebele_lug_665,0.80522317,-0.77776045
belebele_lug_666,0.73943514,0.6612007
belebele_lug_667,0.7163239,1.5429639
belebele_lug_668,0.7338966,0.19710252
belebele_lug_669,0.60404813,0.12307197
belebele_lug_67,0.66330975,0.60132694
belebele_lug_670,0.7642891,-0.2684724
belebele_lug_671,0.7282954,0.19395256
belebele_lug_672,0.7241757,-0.28113684
belebele_lug_673,0.73943514,0.6612007
belebele_lug_674,0.7282954,0.19395256
belebele_lug_675,0.73943514,0.6612007
belebele_lug_676,0.7163239,1.5429639
belebele_lug_677,0.73943514,0.6612007
belebele_lug_678,0.7282954,0.19395256
belebele_lug_679,0.80522317,-0.77776045
belebele_lug_68,0.7477486,1.1223401
belebele_lug_680,0.73943514,0.6612007
belebele_lug_681,0.7163239,1.5429639
belebele_lug_682,0.6710693,1.0479506
belebele_lug_683,0.576663,0.5257382
belebele_lug_684,0.73943514,0.6612007
belebele_lug_685,0.7293594,-0.27954894
belebele_lug_686,0.7163239,1.5429639
belebele_lug_687,0.7293594,-0.27954894
belebele_lug_688,0.60534966,0.97477794
belebele_lug_689,0.80522317,-0.77776045
belebele_lug_69,0.80522317,-0.77776045
belebele_lug_690,0.5802779,0.10954206
belebele_lug_691,0.73943514,0.6612007
belebele_lug_692,0.80522317,-0.77776045
belebele_lug_693,0.7477486,1.1223401
belebele_lug_694,0.73943514,0.6612007
belebele_lug_695,0.6054193,0.55167013
belebele_lug_696,0.7282954,0.19395256
belebele_lug_697,0.7293594,-0.27954894
belebele_lug_698,0.7642891,-0.2684724
belebele_lug_699,0.69447774,0.17480274
belebele_lug_7,0.7642891,-0.2684724
belebele_lug_70,0.6078216,0.12522739
belebele_lug_700,0.7338966,0.19710252
belebele_lug_701,0.7163239,1.5429639
belebele_lug_702,0.80522317,-0.77776045
belebele_lug_703,0.69447774,0.17480274
belebele_lug_704,0.80522317,-0.77776045
belebele_lug_705,0.6044916,0.55084634
belebele_lug_706,0.6348883,-0.3055597
belebele_lug_707,0.5802779,0.10954206
belebele_lug_708,0.7163239,1.5429639
belebele_lug_709,0.80522317,-0.77776045
belebele_lug_71,0.73943514,0.6612007
belebele_lug_710,0.80522317,-0.77776045
belebele_lug_711,0.73943514,0.6612007
belebele_lug_712,0.80522317,-0.77776045
belebele_lug_713,0.69447774,0.17480274
belebele_lug_714,0.7338966,0.19710252
belebele_lug_715,0.7477486,1.1223401
belebele_lug_716,0.7163239,1.5429639
belebele_lug_717,0.80522317,-0.77776045
belebele_lug_718,0.66330975,0.60132694
belebele_lug_719,0.73943514,0.6612007
belebele_lug_72,0.633549,1.0072805
belebele_lug_720,0.69447774,0.17480274
belebele_lug_721,0.7241757,-0.28113684
belebele_lug_722,0.6710693,1.0479506
belebele_lug_723,0.7241757,-0.28113684
belebele_lug_724,0.80522317,-0.77776045
belebele_lug_725,0.6933035,0.1741344
belebele_lug_726,0.80522317,-0.77776045
belebele_lug_727,0.6710693,1.0479506
belebele_lug_728,0.80522317,-0.77776045
belebele_lug_729,0.80522317,-0.77776045
belebele_lug_73,0.69447774,0.17480274
belebele_lug_730,0.80522317,-0.77776045
belebele_lug_731,0.7642891,-0.2684724
belebele_lug_732,0.69447774,0.17480274
belebele_lug_733,0.6933035,0.1741344
belebele_lug_734,0.69161004,-0.29073063
belebele_lug_735,0.80522317,-0.77776045
belebele_lug_736,0.7338966,0.19710252
belebele_lug_737,0.6933035,0.1741344
belebele_lug_738,0.6044916,0.55084634
belebele_lug_739,0.7241757,-0.28113684
belebele_lug_74,0.73943514,0.6612007
belebele_lug_740,0.69447774,0.17480274
belebele_lug_741,0.80522317,-0.77776045
belebele_lug_742,0.69447774,0.17480274
belebele_lug_743,0.63318455,0.13974576
belebele_lug_744,0.7282954,0.19395256
belebele_lug_745,0.66330975,0.60132694
belebele_lug_746,0.80522317,-0.77776045
belebele_lug_747,0.7163239,1.5429639
belebele_lug_748,0.7293594,-0.27954894
belebele_lug_749,0.6959062,0.62772906
belebele_lug_75,0.80522317,-0.77776045
belebele_lug_750,0.7338966,0.19710252
belebele_lug_751,0.80522317,-0.77776045
belebele_lug_752,0.80522317,-0.77776045
belebele_lug_753,0.69447774,0.17480274
belebele_lug_754,0.7163239,1.5429639
belebele_lug_755,0.73943514,0.6612007
belebele_lug_756,0.7163239,1.5429639
belebele_lug_757,0.80522317,-0.77776045
belebele_lug_758,0.6710693,1.0479506
belebele_lug_759,0.66330975,0.60132694
belebele_lug_76,0.60534966,0.97477794
belebele_lug_760,0.7163239,1.5429639
belebele_lug_761,0.7642891,-0.2684724
belebele_lug_762,0.80522317,-0.77776045
belebele_lug_763,0.69447774,0.17480274
belebele_lug_764,0.7241757,-0.28113684
belebele_lug_765,0.80522317,-0.77776045
belebele_lug_766,0.69447774,0.17480274
belebele_lug_767,0.80522317,-0.77776045
belebele_lug_768,0.69161004,-0.29073063
belebele_lug_769,0.7241757,-0.28113684
belebele_lug_77,0.73943514,0.6612007
belebele_lug_770,0.7282954,0.19395256
belebele_lug_771,0.6054193,0.55167013
belebele_lug_772,0.69447774,0.17480274
belebele_lug_773,0.7477486,1.1223401
belebele_lug_774,0.73943514,0.6612007
belebele_lug_775,0.73943514,0.6612007
belebele_lug_776,0.7163239,1.5429639
belebele_lug_777,0.7241757,-0.28113684
belebele_lug_778,0.73943514,0.6612007
belebele_lug_779,0.80522317,-0.77776045
belebele_lug_78,0.80522317,-0.77776045
belebele_lug_780,0.7293594,-0.27954894
belebele_lug_781,0.80522317,-0.77776045
belebele_lug_782,0.80522317,-0.77776045
belebele_lug_783,0.7293594,-0.27954894
belebele_lug_784,0.80522317,-0.77776045
belebele_lug_785,0.6054193,0.55167013
belebele_lug_786,0.80522317,-0.77776045
belebele_lug_787,0.80522317,-0.77776045
belebele_lug_788,0.80522317,-0.77776045
belebele_lug_789,0.6044916,0.55084634
belebele_lug_79,0.65816486,0.15406066
belebele_lug_790,0.73943514,0.6612007
belebele_lug_791,0.7163239,1.5429639
belebele_lug_792,0.7163239,1.5429639
belebele_lug_793,0.6710693,1.0479506
belebele_lug_794,0.73943514,0.6612007
belebele_lug_795,0.80522317,-0.77776045
belebele_lug_796,0.7477486,1.1223401
belebele_lug_797,0.5802779,0.10954206
belebele_lug_798,0.6959062,0.62772906
belebele_lug_799,0.80522317,-0.77776045
belebele_lug_8,0.7282954,0.19395256
belebele_lug_80,0.7642891,-0.2684724
belebele_lug_800,0.6710693,1.0479506
belebele_lug_801,0.7642891,-0.2684724
belebele_lug_802,0.80522317,-0.77776045
belebele_lug_803,0.73943514,0.6612007
belebele_lug_804,0.576663,0.5257382
belebele_lug_805,0.80522317,-0.77776045
belebele_lug_806,0.7163239,1.5429639
belebele_lug_807,0.6364851,0.5787512
belebele_lug_808,0.80522317,-0.77776045
belebele_lug_809,0.80522317,-0.77776045
belebele_lug_81,0.80522317,-0.77776045
belebele_lug_810,0.6364851,0.5787512
belebele_lug_811,0.73943514,0.6612007
belebele_lug_812,0.73943514,0.6612007
belebele_lug_813,0.73943514,0.6612007
belebele_lug_814,0.80522317,-0.77776045
belebele_lug_815,0.6626997,0.1566573
belebele_lug_816,0.80522317,-0.77776045
belebele_lug_817,0.80522317,-0.77776045
belebele_lug_818,0.6933035,0.1741344
belebele_lug_819,0.80522317,-0.77776045
belebele_lug_82,0.7241757,-0.28113684
belebele_lug_820,0.7282954,0.19395256
belebele_lug_821,0.7338966,0.19710252
belebele_lug_822,0.80522317,-0.77776045
belebele_lug_823,0.7241757,-0.28113684
belebele_lug_824,0.7163239,1.5429639
belebele_lug_825,0.80522317,-0.77776045
belebele_lug_826,0.7293594,-0.27954894
belebele_lug_827,0.7293594,-0.27954894
belebele_lug_828,0.7282954,0.19395256
belebele_lug_829,0.69447774,0.17480274
belebele_lug_83,0.69447774,0.17480274
belebele_lug_830,0.80522317,-0.77776045
belebele_lug_831,0.7642891,-0.2684724
belebele_lug_832,0.7163239,1.5429639
belebele_lug_833,0.69447774,0.17480274
belebele_lug_834,0.73943514,0.6612007
belebele_lug_835,0.73943514,0.6612007
belebele_lug_836,0.80522317,-0.77776045
belebele_lug_837,0.7163239,1.5429639
belebele_lug_838,0.80522317,-0.77776045
belebele_lug_839,0.7642891,-0.2684724
belebele_lug_84,0.6959062,0.62772906
belebele_lug_840,0.80522317,-0.77776045
belebele_lug_841,0.80522317,-0.77776045
belebele_lug_842,0.7241757,-0.28113684
belebele_lug_843,0.80522317,-0.77776045
belebele_lug_844,0.73943514,0.6612007
belebele_lug_845,0.80522317,-0.77776045
belebele_lug_846,0.80522317,-0.77776045
belebele_lug_847,0.69447774,0.17480274
belebele_lug_848,0.69447774,0.17480274
belebele_lug_849,0.7293594,-0.27954894
belebele_lug_85,0.7642891,-0.2684724
belebele_lug_850,0.80522317,-0.77776045
belebele_lug_851,0.633549,1.0072805
belebele_lug_852,0.80522317,-0.77776045
belebele_lug_853,0.7241757,-0.28113684
belebele_lug_854,0.7642891,-0.2684724
belebele_lug_855,0.6078216,0.12522739
belebele_lug_856,0.6710693,1.0479506
belebele_lug_857,0.7293594,-0.27954894
belebele_lug_858,0.7163239,1.5429639
belebele_lug_859,0.7282954,0.19395256
belebele_lug_86,0.69161004,-0.29073063
belebele_lug_860,0.69447774,0.17480274
belebele_lug_861,0.69447774,0.17480274
belebele_lug_862,0.73943514,0.6612007
belebele_lug_863,0.7282954,0.19395256
belebele_lug_864,0.80522317,-0.77776045
belebele_lug_865,0.80522317,-0.77776045
belebele_lug_866,0.7241757,-0.28113684
belebele_lug_867,0.69447774,0.17480274
belebele_lug_868,0.7642891,-0.2684724
belebele_lug_869,0.80522317,-0.77776045
belebele_lug_87,0.69447774,0.17480274
belebele_lug_870,0.7477486,1.1223401
belebele_lug_871,0.73943514,0.6612007
belebele_lug_872,0.80522317,-0.77776045
belebele_lug_873,0.80522317,-0.77776045
belebele_lug_874,0.7163239,1.5429639
belebele_lug_875,0.7642891,-0.2684724
belebele_lug_876,0.80522317,-0.77776045
belebele_lug_877,0.7293594,-0.27954894
belebele_lug_878,0.7282954,0.19395256
belebele_lug_879,0.73943514,0.6612007
belebele_lug_88,0.7477486,1.1223401
belebele_lug_880,0.7642891,-0.2684724
belebele_lug_881,0.80522317,-0.77776045
belebele_lug_882,0.69447774,0.17480274
belebele_lug_883,0.69161004,-0.29073063
belebele_lug_884,0.6054193,0.55167013
belebele_lug_885,0.80522317,-0.77776045
belebele_lug_886,0.7282954,0.19395256
belebele_lug_887,0.7282954,0.19395256
belebele_lug_888,0.7293594,-0.27954894
belebele_lug_889,0.7642891,-0.2684724
belebele_lug_89,0.6710693,1.0479506
belebele_lug_890,0.73943514,0.6612007
belebele_lug_891,0.7477486,1.1223401
belebele_lug_892,0.73943514,0.6612007
belebele_lug_893,0.60534966,0.97477794
belebele_lug_894,0.6959062,0.62772906
belebele_lug_895,0.80522317,-0.77776045
belebele_lug_896,0.5802621,0.5290278
belebele_lug_897,0.7163239,1.5429639
belebele_lug_898,0.80522317,-0.77776045
belebele_lug_899,0.73943514,0.6612007
belebele_lug_9,0.80522317,-0.77776045
belebele_lug_90,0.7241757,-0.28113684
belebele_lug_91,0.80522317,-0.77776045
belebele_lug_92,0.69447774,0.17480274
belebele_lug_93,0.5802621,0.5290278
belebele_lug_94,0.7477486,1.1223401
belebele_lug_95,0.69447774,0.17480274
belebele_lug_96,0.7293594,-0.27954894
belebele_lug_97,0.80522317,-0.77776045
belebele_lug_98,0.80522317,-0.77776045
belebele_lug_99,0.63821864,1.012501
belebele_orm_0,0.7477486,1.1223401
belebele_orm_1,0.80522317,-0.77776045
belebele_orm_10,0.80522317,-0.77776045
belebele_orm_100,0.7013139,0.63199866
belebele_orm_101,0.7477486,1.1223401
belebele_orm_102,0.633549,1.0072805
belebele_orm_103,0.60534966,0.97477794
belebele_orm_104,0.73943514,0.6612007
belebele_orm_105,0.7163239,1.5429639
belebele_orm_106,0.7163239,1.5429639
belebele_orm_107,0.73943514,0.6612007
belebele_orm_108,0.7282954,0.19395256
belebele_orm_109,0.7241757,-0.28113684
belebele_orm_11,0.6626997,0.1566573
belebele_orm_110,0.6364851,0.5787512
belebele_orm_111,0.7293594,-0.27954894
belebele_orm_112,0.69161004,-0.29073063
belebele_orm_113,0.7163239,1.5429639
belebele_orm_114,0.7241757,-0.28113684
belebele_orm_115,0.7477486,1.1223401
belebele_orm_116,0.7293594,-0.27954894
belebele_orm_117,0.7241757,-0.28113684
belebele_orm_118,0.7293594,-0.27954894
belebele_orm_119,0.6044916,0.55084634
belebele_orm_12,0.80522317,-0.77776045
belebele_orm_120,0.80522317,-0.77776045
belebele_orm_121,0.69447774,0.17480274
belebele_orm_122,0.73943514,0.6612007
belebele_orm_123,0.7477486,1.1223401
belebele_orm_124,0.7282954,0.19395256
belebele_orm_125,0.6710693,1.0479506
belebele_orm_126,0.7163239,1.5429639
belebele_orm_127,0.69161004,-0.29073063
belebele_orm_128,0.73943514,0.6612007
belebele_orm_129,0.7477486,1.1223401
belebele_orm_13,0.7293594,-0.27954894
belebele_orm_130,0.69161004,-0.29073063
belebele_orm_131,0.7241757,-0.28113684
belebele_orm_132,0.7241757,-0.28113684
belebele_orm_133,0.80522317,-0.77776045
belebele_orm_134,0.7163239,1.5429639
belebele_orm_135,0.7642891,-0.2684724
belebele_orm_136,0.7642891,-0.2684724
belebele_orm_137,0.7293594,-0.27954894
belebele_orm_138,0.66330975,0.60132694
belebele_orm_139,0.80522317,-0.77776045
belebele_orm_14,0.7282954,0.19395256
belebele_orm_140,0.80522317,-0.77776045
belebele_orm_141,0.6959062,0.62772906
belebele_orm_142,0.80522317,-0.77776045
belebele_orm_143,0.7293594,-0.27954894
belebele_orm_144,0.7282954,0.19395256
belebele_orm_145,0.80522317,-0.77776045
belebele_orm_146,0.7642891,-0.2684724
belebele_orm_147,0.7163239,1.5429639
belebele_orm_148,0.7163239,1.5429639
belebele_orm_149,0.6933035,0.1741344
belebele_orm_15,0.7282954,0.19395256
belebele_orm_150,0.7477486,1.1223401
belebele_orm_151,0.7163239,1.5429639
belebele_orm_152,0.69161004,-0.29073063
belebele_orm_153,0.73943514,0.6612007
belebele_orm_154,0.73943514,0.6612007
belebele_orm_155,0.80522317,-0.77776045
belebele_orm_156,0.80522317,-0.77776045
belebele_orm_157,0.7282954,0.19395256
belebele_orm_158,0.63318455,0.13974576
belebele_orm_159,0.7338966,0.19710252
belebele_orm_16,0.80522317,-0.77776045
belebele_orm_160,0.73943514,0.6612007
belebele_orm_161,0.7642891,-0.2684724
belebele_orm_162,0.7282954,0.19395256
belebele_orm_163,0.7293594,-0.27954894
belebele_orm_164,0.7241757,-0.28113684
belebele_orm_165,0.6320794,0.574971
belebele_orm_166,0.6933035,0.1741344
belebele_orm_167,0.6320794,0.574971
belebele_orm_168,0.69161004,-0.29073063
belebele_orm_169,0.73943514,0.6612007
belebele_orm_17,0.80522317,-0.77776045
belebele_orm_170,0.7241757,-0.28113684
belebele_orm_171,0.73943514,0.6612007
belebele_orm_172,0.7163239,1.5429639
belebele_orm_173,0.80522317,-0.77776045
belebele_orm_174,0.6933035,0.1741344
belebele_orm_175,0.7163239,1.5429639
belebele_orm_176,0.69447774,0.17480274
belebele_orm_177,0.7163239,1.5429639
belebele_orm_178,0.73943514,0.6612007
belebele_orm_179,0.6933035,0.1741344
belebele_orm_18,0.6959062,0.62772906
belebele_orm_180,0.7293594,-0.27954894
belebele_orm_181,0.6959062,0.62772906
belebele_orm_182,0.7241757,-0.28113684
belebele_orm_183,0.7282954,0.19395256
belebele_orm_184,0.73943514,0.6612007
belebele_orm_185,0.7163239,1.5429639
belebele_orm_186,0.7163239,1.5429639
belebele_orm_187,0.7338966,0.19710252
belebele_orm_188,0.6364851,0.5787512
belebele_orm_189,0.80522317,-0.77776045
belebele_orm_19,0.7477486,1.1223401
belebele_orm_190,0.69447774,0.17480274
belebele_orm_191,0.80522317,-0.77776045
belebele_orm_192,0.7163239,1.5429639
belebele_orm_193,0.73943514,0.6612007
belebele_orm_194,0.7338966,0.19710252
belebele_orm_195,0.7477486,1.1223401
belebele_orm_196,0.7293594,-0.27954894
belebele_orm_197,0.80522317,-0.77776045
belebele_orm_198,0.80522317,-0.77776045
belebele_orm_199,0.7477486,1.1223401
belebele_orm_2,0.7338966,0.19710252
belebele_orm_20,0.6959062,0.62772906
belebele_orm_200,0.6933035,0.1741344
belebele_orm_201,0.6710693,1.0479506
belebele_orm_202,0.7642891,-0.2684724
belebele_orm_203,0.7293594,-0.27954894
belebele_orm_204,0.80522317,-0.77776045
belebele_orm_205,0.7282954,0.19395256
belebele_orm_206,0.7013139,0.63199866
belebele_orm_207,0.80522317,-0.77776045
belebele_orm_208,0.69161004,-0.29073063
belebele_orm_209,0.73943514,0.6612007
belebele_orm_21,0.73943514,0.6612007
belebele_orm_210,0.6710693,1.0479506
belebele_orm_211,0.73943514,0.6612007
belebele_orm_212,0.6054193,0.55167013
belebele_orm_213,0.69161004,-0.29073063
belebele_orm_214,0.7163239,1.5429639
belebele_orm_215,0.73943514,0.6612007
belebele_orm_216,0.73943514,0.6612007
belebele_orm_217,0.80522317,-0.77776045
belebele_orm_218,0.7241757,-0.28113684
belebele_orm_219,0.69447774,0.17480274
belebele_orm_22,0.7282954,0.19395256
belebele_orm_220,0.6959062,0.62772906
belebele_orm_221,0.6933035,0.1741344
belebele_orm_222,0.7293594,-0.27954894
belebele_orm_223,0.80522317,-0.77776045
belebele_orm_224,0.6933035,0.1741344
belebele_orm_225,0.633549,1.0072805
belebele_orm_226,0.7477486,1.1223401
belebele_orm_227,0.80522317,-0.77776045
belebele_orm_228,0.80522317,-0.77776045
belebele_orm_229,0.73943514,0.6612007
belebele_orm_23,0.80522317,-0.77776045
belebele_orm_230,0.6959062,0.62772906
belebele_orm_231,0.7282954,0.19395256
belebele_orm_232,0.7282954,0.19395256
belebele_orm_233,0.80522317,-0.77776045
belebele_orm_234,0.7477486,1.1223401
belebele_orm_235,0.6933035,0.1741344
belebele_orm_236,0.6078216,0.12522739
belebele_orm_237,0.80522317,-0.77776045
belebele_orm_238,0.80522317,-0.77776045
belebele_orm_239,0.73943514,0.6612007
belebele_orm_24,0.6320794,0.574971
belebele_orm_240,0.7477486,1.1223401
belebele_orm_241,0.7293594,-0.27954894
belebele_orm_242,0.7241757,-0.28113684
belebele_orm_243,0.7338966,0.19710252
belebele_orm_244,0.69447774,0.17480274
belebele_orm_245,0.80522317,-0.77776045
belebele_orm_246,0.69447774,0.17480274
belebele_orm_247,0.80522317,-0.77776045
belebele_orm_248,0.80522317,-0.77776045
belebele_orm_249,0.7642891,-0.2684724
belebele_orm_25,0.6959062,0.62772906
belebele_orm_250,0.7642891,-0.2684724
belebele_orm_251,0.7338966,0.19710252
belebele_orm_252,0.7338966,0.19710252
belebele_orm_253,0.6959062,0.62772906
belebele_orm_254,0.7642891,-0.2684724
belebele_orm_255,0.7477486,1.1223401
belebele_orm_256,0.6044916,0.55084634
belebele_orm_257,0.66330975,0.60132694
belebele_orm_258,0.80522317,-0.77776045
belebele_orm_259,0.6044916,0.55084634
belebele_orm_26,0.80522317,-0.77776045
belebele_orm_260,0.69447774,0.17480274
belebele_orm_261,0.7642891,-0.2684724
belebele_orm_262,0.7163239,1.5429639
belebele_orm_263,0.73943514,0.6612007
belebele_orm_264,0.7282954,0.19395256
belebele_orm_265,0.6959062,0.62772906
belebele_orm_266,0.69447774,0.17480274
belebele_orm_267,0.6364851,0.5787512
belebele_orm_268,0.7477486,1.1223401
belebele_orm_269,0.6959062,0.62772906
belebele_orm_27,0.7241757,-0.28113684
belebele_orm_270,0.6710693,1.0479506
belebele_orm_271,0.73943514,0.6612007
belebele_orm_272,0.6710693,1.0479506
belebele_orm_273,0.80522317,-0.77776045
belebele_orm_274,0.69447774,0.17480274
belebele_orm_275,0.73943514,0.6612007
belebele_orm_276,0.7013139,0.63199866
belebele_orm_277,0.80522317,-0.77776045
belebele_orm_278,0.7642891,-0.2684724
belebele_orm_279,0.73943514,0.6612007
belebele_orm_28,0.7293594,-0.27954894
belebele_orm_280,0.69447774,0.17480274
belebele_orm_281,0.7642891,-0.2684724
belebele_orm_282,0.7241757,-0.28113684
belebele_orm_283,0.69447774,0.17480274
belebele_orm_284,0.7013139,0.63199866
belebele_orm_285,0.7642891,-0.2684724
belebele_orm_286,0.7241757,-0.28113684
belebele_orm_287,0.7241757,-0.28113684
belebele_orm_288,0.7642891,-0.2684724
belebele_orm_289,0.7477486,1.1223401
belebele_orm_29,0.80522317,-0.77776045
belebele_orm_290,0.7163239,1.5429639
belebele_orm_291,0.7477486,1.1223401
belebele_orm_292,0.7477486,1.1223401
belebele_orm_293,0.7282954,0.19395256
belebele_orm_294,0.7477486,1.1223401
belebele_orm_295,0.69447774,0.17480274
belebele_orm_296,0.7642891,-0.2684724
belebele_orm_297,0.7642891,-0.2684724
belebele_orm_298,0.69447774,0.17480274
belebele_orm_299,0.7293594,-0.27954894
belebele_orm_3,0.7013139,0.63199866
belebele_orm_30,0.7642891,-0.2684724
belebele_orm_300,0.60404813,0.12307197
belebele_orm_301,0.80522317,-0.77776045
belebele_orm_302,0.7163239,1.5429639
belebele_orm_303,0.7241757,-0.28113684
belebele_orm_304,0.7163239,1.5429639
belebele_orm_305,0.6933035,0.1741344
belebele_orm_306,0.7013139,0.63199866
belebele_orm_307,0.7163239,1.5429639
belebele_orm_308,0.7241757,-0.28113684
belebele_orm_309,0.7642891,-0.2684724
belebele_orm_31,0.7642891,-0.2684724
belebele_orm_310,0.7477486,1.1223401
belebele_orm_311,0.5802621,0.5290278
belebele_orm_312,0.7642891,-0.2684724
belebele_orm_313,0.7293594,-0.27954894
belebele_orm_314,0.7163239,1.5429639
belebele_orm_315,0.7477486,1.1223401
belebele_orm_316,0.6710693,1.0479506
belebele_orm_317,0.73943514,0.6612007
belebele_orm_318,0.6959062,0.62772906
belebele_orm_319,0.7282954,0.19395256
belebele_orm_32,0.73943514,0.6612007
belebele_orm_320,0.6078216,0.12522739
belebele_orm_321,0.7163239,1.5429639
belebele_orm_322,0.80522317,-0.77776045
belebele_orm_323,0.7642891,-0.2684724
belebele_orm_324,0.6078216,0.12522739
belebele_orm_325,0.80522317,-0.77776045
belebele_orm_326,0.73943514,0.6612007
belebele_orm_327,0.7013139,0.63199866
belebele_orm_328,0.80522317,-0.77776045
belebele_orm_329,0.7241757,-0.28113684
belebele_orm_33,0.73943514,0.6612007
belebele_orm_330,0.6348883,-0.3055597
belebele_orm_331,0.80522317,-0.77776045
belebele_orm_332,0.7163239,1.5429639
belebele_orm_333,0.6933035,0.1741344
belebele_orm_334,0.7013139,0.63199866
belebele_orm_335,0.65816486,0.15406066
belebele_orm_336,0.7338966,0.19710252
belebele_orm_337,0.7282954,0.19395256
belebele_orm_338,0.7163239,1.5429639
belebele_orm_339,0.73943514,0.6612007
belebele_orm_34,0.69447774,0.17480274
belebele_orm_340,0.80522317,-0.77776045
belebele_orm_341,0.7241757,-0.28113684
belebele_orm_342,0.80522317,-0.77776045
belebele_orm_343,0.7642891,-0.2684724
belebele_orm_344,0.80522317,-0.77776045
belebele_orm_345,0.80522317,-0.77776045
belebele_orm_346,0.7163239,1.5429639
belebele_orm_347,0.80522317,-0.77776045
belebele_orm_348,0.73943514,0.6612007
belebele_orm_349,0.80522317,-0.77776045
belebele_orm_35,0.80522317,-0.77776045
belebele_orm_350,0.633549,1.0072805
belebele_orm_351,0.6078216,0.12522739
belebele_orm_352,0.73943514,0.6612007
belebele_orm_353,0.80522317,-0.77776045
belebele_orm_354,0.7163239,1.5429639
belebele_orm_355,0.7163239,1.5429639
belebele_orm_356,0.6710693,1.0479506
belebele_orm_357,0.7013139,0.63199866
belebele_orm_358,0.7293594,-0.27954894
belebele_orm_359,0.7642891,-0.2684724
belebele_orm_36,0.7642891,-0.2684724
belebele_orm_360,0.80522317,-0.77776045
belebele_orm_361,0.6054193,0.55167013
belebele_orm_362,0.80522317,-0.77776045
belebele_orm_363,0.80522317,-0.77776045
belebele_orm_364,0.7642891,-0.2684724
belebele_orm_365,0.7293594,-0.27954894
belebele_orm_366,0.73943514,0.6612007
belebele_orm_367,0.7642891,-0.2684724
belebele_orm_368,0.7477486,1.1223401
belebele_orm_369,0.80522317,-0.77776045
belebele_orm_37,0.6078216,0.12522739
belebele_orm_370,0.5802621,0.5290278
belebele_orm_371,0.7642891,-0.2684724
belebele_orm_372,0.7013139,0.63199866
belebele_orm_373,0.7282954,0.19395256
belebele_orm_374,0.7642891,-0.2684724
belebele_orm_375,0.73943514,0.6612007
belebele_orm_376,0.80522317,-0.77776045
belebele_orm_377,0.7477486,1.1223401
belebele_orm_378,0.80522317,-0.77776045
belebele_orm_379,0.6933035,0.1741344
belebele_orm_38,0.7293594,-0.27954894
belebele_orm_380,0.7163239,1.5429639
belebele_orm_381,0.7282954,0.19395256
belebele_orm_382,0.7477486,1.1223401
belebele_orm_383,0.63821864,1.012501
belebele_orm_384,0.7293594,-0.27954894
belebele_orm_385,0.7338966,0.19710252
belebele_orm_386,0.633549,1.0072805
belebele_orm_387,0.69161004,-0.29073063
belebele_orm_388,0.7642891,-0.2684724
belebele_orm_389,0.60404813,0.12307197
belebele_orm_39,0.7642891,-0.2684724
belebele_orm_390,0.7477486,1.1223401
belebele_orm_391,0.6054193,0.55167013
belebele_orm_392,0.7642891,-0.2684724
belebele_orm_393,0.80522317,-0.77776045
belebele_orm_394,0.7642891,-0.2684724
belebele_orm_395,0.73943514,0.6612007
belebele_orm_396,0.7293594,-0.27954894
belebele_orm_397,0.7013139,0.63199866
belebele_orm_398,0.7477486,1.1223401
belebele_orm_399,0.7477486,1.1223401
belebele_orm_4,0.6078216,0.12522739
belebele_orm_40,0.69161004,-0.29073063
belebele_orm_400,0.6959062,0.62772906
belebele_orm_401,0.6933035,0.1741344
belebele_orm_402,0.7163239,1.5429639
belebele_orm_403,0.7163239,1.5429639
belebele_orm_404,0.7293594,-0.27954894
belebele_orm_405,0.69447774,0.17480274
belebele_orm_406,0.7163239,1.5429639
belebele_orm_407,0.80522317,-0.77776045
belebele_orm_408,0.80522317,-0.77776045
belebele_orm_409,0.73943514,0.6612007
belebele_orm_41,0.7477486,1.1223401
belebele_orm_410,0.73943514,0.6612007
belebele_orm_411,0.80522317,-0.77776045
belebele_orm_412,0.80522317,-0.77776045
belebele_orm_413,0.7477486,1.1223401
belebele_orm_414,0.7338966,0.19710252
belebele_orm_415,0.7282954,0.19395256
belebele_orm_416,0.73943514,0.6612007
belebele_orm_417,0.6626997,0.1566573
belebele_orm_418,0.7293594,-0.27954894
belebele_orm_419,0.6054193,0.55167013
belebele_orm_42,0.7013139,0.63199866
belebele_orm_420,0.7642891,-0.2684724
belebele_orm_421,0.7338966,0.19710252
belebele_orm_422,0.7293594,-0.27954894
belebele_orm_423,0.80522317,-0.77776045
belebele_orm_424,0.7282954,0.19395256
belebele_orm_425,0.69447774,0.17480274
belebele_orm_426,0.7338966,0.19710252
belebele_orm_427,0.6933035,0.1741344
belebele_orm_428,0.80522317,-0.77776045
belebele_orm_429,0.6364851,0.5787512
belebele_orm_43,0.80522317,-0.77776045
belebele_orm_430,0.7293594,-0.27954894
belebele_orm_431,0.7293594,-0.27954894
belebele_orm_432,0.5802621,0.5290278
belebele_orm_433,0.6054193,0.55167013
belebele_orm_434,0.7241757,-0.28113684
belebele_orm_435,0.80522317,-0.77776045
belebele_orm_436,0.7163239,1.5429639
belebele_orm_437,0.6626997,0.1566573
belebele_orm_438,0.6959062,0.62772906
belebele_orm_439,0.7013139,0.63199866
belebele_orm_44,0.7282954,0.19395256
belebele_orm_440,0.80522317,-0.77776045
belebele_orm_441,0.7163239,1.5429639
belebele_orm_442,0.80522317,-0.77776045
belebele_orm_443,0.69161004,-0.29073063
belebele_orm_444,0.7338966,0.19710252
belebele_orm_445,0.80522317,-0.77776045
belebele_orm_446,0.7293594,-0.27954894
belebele_orm_447,0.6054193,0.55167013
belebele_orm_448,0.7163239,1.5429639
belebele_orm_449,0.80522317,-0.77776045
belebele_orm_45,0.7241757,-0.28113684
belebele_orm_450,0.7477486,1.1223401
belebele_orm_451,0.7338966,0.19710252
belebele_orm_452,0.6348883,-0.3055597
belebele_orm_453,0.69447774,0.17480274
belebele_orm_454,0.69447774,0.17480274
belebele_orm_455,0.7642891,-0.2684724
belebele_orm_456,0.7642891,-0.2684724
belebele_orm_457,0.7282954,0.19395256
belebele_orm_458,0.73943514,0.6612007
belebele_orm_459,0.6959062,0.62772906
belebele_orm_46,0.80522317,-0.77776045
belebele_orm_460,0.7642891,-0.2684724
belebele_orm_461,0.7013139,0.63199866
belebele_orm_462,0.7338966,0.19710252
belebele_orm_463,0.7642891,-0.2684724
belebele_orm_464,0.80522317,-0.77776045
belebele_orm_465,0.80522317,-0.77776045
belebele_orm_466,0.6933035,0.1741344
belebele_orm_467,0.6710693,1.0479506
belebele_orm_468,0.66330975,0.60132694
belebele_orm_469,0.7338966,0.19710252
belebele_orm_47,0.6959062,0.62772906
belebele_orm_470,0.7293594,-0.27954894
belebele_orm_471,0.73943514,0.6612007
belebele_orm_472,0.69447774,0.17480274
belebele_orm_473,0.69447774,0.17480274
belebele_orm_474,0.6078216,0.12522739
belebele_orm_475,0.60534966,0.97477794
belebele_orm_476,0.7282954,0.19395256
belebele_orm_477,0.7013139,0.63199866
belebele_orm_478,0.7013139,0.63199866
belebele_orm_479,0.6933035,0.1741344
belebele_orm_48,0.6710693,1.0479506
belebele_orm_480,0.7282954,0.19395256
belebele_orm_481,0.7241757,-0.28113684
belebele_orm_482,0.7241757,-0.28113684
belebele_orm_483,0.7477486,1.1223401
belebele_orm_484,0.7293594,-0.27954894
belebele_orm_485,0.6959062,0.62772906
belebele_orm_486,0.7163239,1.5429639
belebele_orm_487,0.80522317,-0.77776045
belebele_orm_488,0.7013139,0.63199866
belebele_orm_489,0.7293594,-0.27954894
belebele_orm_49,0.73943514,0.6612007
belebele_orm_490,0.80522317,-0.77776045
belebele_orm_491,0.80522317,-0.77776045
belebele_orm_492,0.69161004,-0.29073063
belebele_orm_493,0.7013139,0.63199866
belebele_orm_494,0.80522317,-0.77776045
belebele_orm_495,0.6320794,0.574971
belebele_orm_496,0.7163239,1.5429639
belebele_orm_497,0.80522317,-0.77776045
belebele_orm_498,0.7293594,-0.27954894
belebele_orm_499,0.7642891,-0.2684724
belebele_orm_5,0.7338966,0.19710252
belebele_orm_50,0.80522317,-0.77776045
belebele_orm_500,0.7477486,1.1223401
belebele_orm_501,0.7477486,1.1223401
belebele_orm_502,0.80522317,-0.77776045
belebele_orm_503,0.7013139,0.63199866
belebele_orm_504,0.7642891,-0.2684724
belebele_orm_505,0.66330975,0.60132694
belebele_orm_506,0.80522317,-0.77776045
belebele_orm_507,0.7163239,1.5429639
belebele_orm_508,0.80522317,-0.77776045
belebele_orm_509,0.80522317,-0.77776045
belebele_orm_51,0.69447774,0.17480274
belebele_orm_510,0.633549,1.0072805
belebele_orm_511,0.6348883,-0.3055597
belebele_orm_512,0.6054193,0.55167013
belebele_orm_513,0.7642891,-0.2684724
belebele_orm_514,0.80522317,-0.77776045
belebele_orm_515,0.80522317,-0.77776045
belebele_orm_516,0.69161004,-0.29073063
belebele_orm_517,0.73943514,0.6612007
belebele_orm_518,0.69447774,0.17480274
belebele_orm_519,0.7477486,1.1223401
belebele_orm_52,0.80522317,-0.77776045
belebele_orm_520,0.80522317,-0.77776045
belebele_orm_521,0.7338966,0.19710252
belebele_orm_522,0.7642891,-0.2684724
belebele_orm_523,0.69161004,-0.29073063
belebele_orm_524,0.80522317,-0.77776045
belebele_orm_525,0.69447774,0.17480274
belebele_orm_526,0.80522317,-0.77776045
belebele_orm_527,0.80522317,-0.77776045
belebele_orm_528,0.69161004,-0.29073063
belebele_orm_529,0.7282954,0.19395256
belebele_orm_53,0.6626997,0.1566573
belebele_orm_530,0.7282954,0.19395256
belebele_orm_531,0.5802621,0.5290278
belebele_orm_532,0.7163239,1.5429639
belebele_orm_533,0.7013139,0.63199866
belebele_orm_534,0.7013139,0.63199866
belebele_orm_535,0.6933035,0.1741344
belebele_orm_536,0.80522317,-0.77776045
belebele_orm_537,0.80522317,-0.77776045
belebele_orm_538,0.7338966,0.19710252
belebele_orm_539,0.7477486,1.1223401
belebele_orm_54,0.80522317,-0.77776045
belebele_orm_540,0.7338966,0.19710252
belebele_orm_541,0.6078216,0.12522739
belebele_orm_542,0.80522317,-0.77776045
belebele_orm_543,0.6959062,0.62772906
belebele_orm_544,0.7642891,-0.2684724
belebele_orm_545,0.66330975,0.60132694
belebele_orm_546,0.7642891,-0.2684724
belebele_orm_547,0.7293594,-0.27954894
belebele_orm_548,0.7642891,-0.2684724
belebele_orm_549,0.80522317,-0.77776045
belebele_orm_55,0.69447774,0.17480274
belebele_orm_550,0.80522317,-0.77776045
belebele_orm_551,0.80522317,-0.77776045
belebele_orm_552,0.80522317,-0.77776045
belebele_orm_553,0.6054193,0.55167013
belebele_orm_554,0.7293594,-0.27954894
belebele_orm_555,0.80522317,-0.77776045
belebele_orm_556,0.80522317,-0.77776045
belebele_orm_557,0.73943514,0.6612007
belebele_orm_558,0.69447774,0.17480274
belebele_orm_559,0.6710693,1.0479506
belebele_orm_56,0.6320794,0.574971
belebele_orm_560,0.7477486,1.1223401
belebele_orm_561,0.7163239,1.5429639
belebele_orm_562,0.6933035,0.1741344
belebele_orm_563,0.69447774,0.17480274
belebele_orm_564,0.80522317,-0.77776045
belebele_orm_565,0.7241757,-0.28113684
belebele_orm_566,0.80522317,-0.77776045
belebele_orm_567,0.80522317,-0.77776045
belebele_orm_568,0.80522317,-0.77776045
belebele_orm_569,0.69161004,-0.29073063
belebele_orm_57,0.7642891,-0.2684724
belebele_orm_570,0.80522317,-0.77776045
belebele_orm_571,0.80522317,-0.77776045
belebele_orm_572,0.80522317,-0.77776045
belebele_orm_573,0.7293594,-0.27954894
belebele_orm_574,0.6078216,0.12522739
belebele_orm_575,0.73943514,0.6612007
belebele_orm_576,0.6710693,1.0479506
belebele_orm_577,0.63318455,0.13974576
belebele_orm_578,0.69161004,-0.29073063
belebele_orm_579,0.6710693,1.0479506
belebele_orm_58,0.7477486,1.1223401
belebele_orm_580,0.69447774,0.17480274
belebele_orm_581,0.7642891,-0.2684724
belebele_orm_582,0.7642891,-0.2684724
belebele_orm_583,0.60404813,0.12307197
belebele_orm_584,0.80522317,-0.77776045
belebele_orm_585,0.7477486,1.1223401
belebele_orm_586,0.7642891,-0.2684724
belebele_orm_587,0.7642891,-0.2684724
belebele_orm_588,0.66330975,0.60132694
belebele_orm_589,0.6933035,0.1741344
belebele_orm_59,0.69161004,-0.29073063
belebele_orm_590,0.7293594,-0.27954894
belebele_orm_591,0.7241757,-0.28113684
belebele_orm_592,0.5802621,0.5290278
belebele_orm_593,0.80522317,-0.77776045
belebele_orm_594,0.7642891,-0.2684724
belebele_orm_595,0.7163239,1.5429639
belebele_orm_596,0.66330975,0.60132694
belebele_orm_597,0.73943514,0.6612007
belebele_orm_598,0.6933035,0.1741344
belebele_orm_599,0.7282954,0.19395256
belebele_orm_6,0.7163239,1.5429639
belebele_orm_60,0.7293594,-0.27954894
belebele_orm_600,0.80522317,-0.77776045
belebele_orm_601,0.80522317,-0.77776045
belebele_orm_602,0.7293594,-0.27954894
belebele_orm_603,0.7642891,-0.2684724
belebele_orm_604,0.80522317,-0.77776045
belebele_orm_605,0.69161004,-0.29073063
belebele_orm_606,0.69447774,0.17480274
belebele_orm_607,0.7293594,-0.27954894
belebele_orm_608,0.7477486,1.1223401
belebele_orm_609,0.7477486,1.1223401
belebele_orm_61,0.7477486,1.1223401
belebele_orm_610,0.80522317,-0.77776045
belebele_orm_611,0.80522317,-0.77776045
belebele_orm_612,0.80522317,-0.77776045
belebele_orm_613,0.7163239,1.5429639
belebele_orm_614,0.80522317,-0.77776045
belebele_orm_615,0.80522317,-0.77776045
belebele_orm_616,0.7282954,0.19395256
belebele_orm_617,0.7163239,1.5429639
belebele_orm_618,0.7293594,-0.27954894
belebele_orm_619,0.60534966,0.97477794
belebele_orm_62,0.6933035,0.1741344
belebele_orm_620,0.7241757,-0.28113684
belebele_orm_621,0.80522317,-0.77776045
belebele_orm_622,0.7163239,1.5429639
belebele_orm_623,0.80522317,-0.77776045
belebele_orm_624,0.80522317,-0.77776045
belebele_orm_625,0.80522317,-0.77776045
belebele_orm_626,0.80522317,-0.77776045
belebele_orm_627,0.80522317,-0.77776045
belebele_orm_628,0.80522317,-0.77776045
belebele_orm_629,0.7338966,0.19710252
belebele_orm_63,0.69447774,0.17480274
belebele_orm_630,0.80522317,-0.77776045
belebele_orm_631,0.80522317,-0.77776045
belebele_orm_632,0.7241757,-0.28113684
belebele_orm_633,0.80522317,-0.77776045
belebele_orm_634,0.69447774,0.17480274
belebele_orm_635,0.80522317,-0.77776045
belebele_orm_636,0.63821864,1.012501
belebele_orm_637,0.80522317,-0.77776045
belebele_orm_638,0.5802779,0.10954206
belebele_orm_639,0.69161004,-0.29073063
belebele_orm_64,0.7642891,-0.2684724
belebele_orm_640,0.80522317,-0.77776045
belebele_orm_641,0.7241757,-0.28113684
belebele_orm_642,0.7241757,-0.28113684
belebele_orm_643,0.7163239,1.5429639
belebele_orm_644,0.80522317,-0.77776045
belebele_orm_645,0.7163239,1.5429639
belebele_orm_646,0.7293594,-0.27954894
belebele_orm_647,0.73943514,0.6612007
belebele_orm_648,0.7241757,-0.28113684
belebele_orm_649,0.80522317,-0.77776045
belebele_orm_65,0.80522317,-0.77776045
belebele_orm_650,0.80522317,-0.77776045
belebele_orm_651,0.7293594,-0.27954894
belebele_orm_652,0.80522317,-0.77776045
belebele_orm_653,0.7293594,-0.27954894
belebele_orm_654,0.7293594,-0.27954894
belebele_orm_655,0.73943514,0.6612007
belebele_orm_656,0.69447774,0.17480274
belebele_orm_657,0.80522317,-0.77776045
belebele_orm_658,0.80522317,-0.77776045
belebele_orm_659,0.73943514,0.6612007
belebele_orm_66,0.7477486,1.1223401
belebele_orm_660,0.6959062,0.62772906
belebele_orm_661,0.80522317,-0.77776045
belebele_orm_662,0.69447774,0.17480274
belebele_orm_663,0.80522317,-0.77776045
belebele_orm_664,0.6959062,0.62772906
belebele_orm_665,0.7642891,-0.2684724
belebele_orm_666,0.80522317,-0.77776045
belebele_orm_667,0.7282954,0.19395256
belebele_orm_668,0.80522317,-0.77776045
belebele_orm_669,0.80522317,-0.77776045
belebele_orm_67,0.7282954,0.19395256
belebele_orm_670,0.69447774,0.17480274
belebele_orm_671,0.73943514,0.6612007
belebele_orm_672,0.7642891,-0.2684724
belebele_orm_673,0.7293594,-0.27954894
belebele_orm_674,0.73943514,0.6612007
belebele_orm_675,0.7477486,1.1223401
belebele_orm_676,0.7477486,1.1223401
belebele_orm_677,0.7163239,1.5429639
belebele_orm_678,0.6078216,0.12522739
belebele_orm_679,0.65816486,0.15406066
belebele_orm_68,0.69447774,0.17480274
belebele_orm_680,0.7163239,1.5429639
belebele_orm_681,0.576663,0.5257382
belebele_orm_682,0.73943514,0.6612007
belebele_orm_683,0.80522317,-0.77776045
belebele_orm_684,0.633549,1.0072805
belebele_orm_685,0.7477486,1.1223401
belebele_orm_686,0.6959062,0.62772906
belebele_orm_687,0.66330975,0.60132694
belebele_orm_688,0.69161004,-0.29073063
belebele_orm_689,0.80522317,-0.77776045
belebele_orm_69,0.6710693,1.0479506
belebele_orm_690,0.7642891,-0.2684724
belebele_orm_691,0.80522317,-0.77776045
belebele_orm_692,0.7282954,0.19395256
belebele_orm_693,0.6959062,0.62772906
belebele_orm_694,0.80522317,-0.77776045
belebele_orm_695,0.73943514,0.6612007
belebele_orm_696,0.66330975,0.60132694
belebele_orm_697,0.7241757,-0.28113684
belebele_orm_698,0.73943514,0.6612007
belebele_orm_699,0.633549,1.0072805
belebele_orm_7,0.80522317,-0.77776045
belebele_orm_70,0.7642891,-0.2684724
belebele_orm_700,0.73943514,0.6612007
belebele_orm_701,0.6933035,0.1741344
belebele_orm_702,0.7293594,-0.27954894
belebele_orm_703,0.7642891,-0.2684724
belebele_orm_704,0.73943514,0.6612007
belebele_orm_705,0.69447774,0.17480274
belebele_orm_706,0.7013139,0.63199866
belebele_orm_707,0.7282954,0.19395256
belebele_orm_708,0.80522317,-0.77776045
belebele_orm_709,0.7293594,-0.27954894
belebele_orm_71,0.60404813,0.12307197
belebele_orm_710,0.73943514,0.6612007
belebele_orm_711,0.69447774,0.17480274
belebele_orm_712,0.80522317,-0.77776045
belebele_orm_713,0.7241757,-0.28113684
belebele_orm_714,0.80522317,-0.77776045
belebele_orm_715,0.576663,0.5257382
belebele_orm_716,0.7163239,1.5429639
belebele_orm_717,0.80522317,-0.77776045
belebele_orm_718,0.73943514,0.6612007
belebele_orm_719,0.80522317,-0.77776045
belebele_orm_72,0.63821864,1.012501
belebele_orm_720,0.7241757,-0.28113684
belebele_orm_721,0.7282954,0.19395256
belebele_orm_722,0.7293594,-0.27954894
belebele_orm_723,0.7241757,-0.28113684
belebele_orm_724,0.7642891,-0.2684724
belebele_orm_725,0.7282954,0.19395256
belebele_orm_726,0.60534966,0.97477794
belebele_orm_727,0.80522317,-0.77776045
belebele_orm_728,0.7338966,0.19710252
belebele_orm_729,0.60534966,0.97477794
belebele_orm_73,0.7282954,0.19395256
belebele_orm_730,0.6959062,0.62772906
belebele_orm_731,0.7282954,0.19395256
belebele_orm_732,0.7338966,0.19710252
belebele_orm_733,0.60404813,0.12307197
belebele_orm_734,0.6348883,-0.3055597
belebele_orm_735,0.66330975,0.60132694
belebele_orm_736,0.7293594,-0.27954894
belebele_orm_737,0.80522317,-0.77776045
belebele_orm_738,0.69161004,-0.29073063
belebele_orm_739,0.7282954,0.19395256
belebele_orm_74,0.69447774,0.17480274
belebele_orm_740,0.7163239,1.5429639
belebele_orm_741,0.65816486,0.15406066
belebele_orm_742,0.7241757,-0.28113684
belebele_orm_743,0.80522317,-0.77776045
belebele_orm_744,0.80522317,-0.77776045
belebele_orm_745,0.6054193,0.55167013
belebele_orm_746,0.7293594,-0.27954894
belebele_orm_747,0.69161004,-0.29073063
belebele_orm_748,0.66330975,0.60132694
belebele_orm_749,0.6054193,0.55167013
belebele_orm_75,0.7642891,-0.2684724
belebele_orm_750,0.7642891,-0.2684724
belebele_orm_751,0.80522317,-0.77776045
belebele_orm_752,0.69447774,0.17480274
belebele_orm_753,0.7282954,0.19395256
belebele_orm_754,0.80522317,-0.77776045
belebele_orm_755,0.80522317,-0.77776045
belebele_orm_756,0.7241757,-0.28113684
belebele_orm_757,0.66330975,0.60132694
belebele_orm_758,0.69447774,0.17480274
belebele_orm_759,0.7241757,-0.28113684
belebele_orm_76,0.69447774,0.17480274
belebele_orm_760,0.7241757,-0.28113684
belebele_orm_761,0.7163239,1.5429639
belebele_orm_762,0.80522317,-0.77776045
belebele_orm_763,0.80522317,-0.77776045
belebele_orm_764,0.6626997,0.1566573
belebele_orm_765,0.80522317,-0.77776045
belebele_orm_766,0.80522317,-0.77776045
belebele_orm_767,0.80522317,-0.77776045
belebele_orm_768,0.6320794,0.574971
belebele_orm_769,0.73943514,0.6612007
belebele_orm_77,0.73943514,0.6612007
belebele_orm_770,0.7642891,-0.2684724
belebele_orm_771,0.80522317,-0.77776045
belebele_orm_772,0.7338966,0.19710252
belebele_orm_773,0.73943514,0.6612007
belebele_orm_774,0.7163239,1.5429639
belebele_orm_775,0.69161004,-0.29073063
belebele_orm_776,0.7293594,-0.27954894
belebele_orm_777,0.80522317,-0.77776045
belebele_orm_778,0.80522317,-0.77776045
belebele_orm_779,0.73943514,0.6612007
belebele_orm_78,0.80522317,-0.77776045
belebele_orm_780,0.6710693,1.0479506
belebele_orm_781,0.7293594,-0.27954894
belebele_orm_782,0.80522317,-0.77776045
belebele_orm_783,0.7338966,0.19710252
belebele_orm_784,0.7163239,1.5429639
belebele_orm_785,0.7282954,0.19395256
belebele_orm_786,0.7241757,-0.28113684
belebele_orm_787,0.80522317,-0.77776045
belebele_orm_788,0.80522317,-0.77776045
belebele_orm_789,0.7163239,1.5429639
belebele_orm_79,0.69161004,-0.29073063
belebele_orm_790,0.6933035,0.1741344
belebele_orm_791,0.80522317,-0.77776045
belebele_orm_792,0.7282954,0.19395256
belebele_orm_793,0.60534966,0.97477794
belebele_orm_794,0.69447774,0.17480274
belebele_orm_795,0.7477486,1.1223401
belebele_orm_796,0.80522317,-0.77776045
belebele_orm_797,0.6710693,1.0479506
belebele_orm_798,0.7477486,1.1223401
belebele_orm_799,0.80522317,-0.77776045
belebele_orm_8,0.6959062,0.62772906
belebele_orm_80,0.7163239,1.5429639
belebele_orm_800,0.80522317,-0.77776045
belebele_orm_801,0.80522317,-0.77776045
belebele_orm_802,0.7293594,-0.27954894
belebele_orm_803,0.7163239,1.5429639
belebele_orm_804,0.7338966,0.19710252
belebele_orm_805,0.73943514,0.6612007
belebele_orm_806,0.80522317,-0.77776045
belebele_orm_807,0.80522317,-0.77776045
belebele_orm_808,0.6364851,0.5787512
belebele_orm_809,0.7163239,1.5429639
belebele_orm_81,0.80522317,-0.77776045
belebele_orm_810,0.633549,1.0072805
belebele_orm_811,0.69447774,0.17480274
belebele_orm_812,0.63821864,1.012501
belebele_orm_813,0.80522317,-0.77776045
belebele_orm_814,0.7477486,1.1223401
belebele_orm_815,0.7293594,-0.27954894
belebele_orm_816,0.7477486,1.1223401
belebele_orm_817,0.73943514,0.6612007
belebele_orm_818,0.7477486,1.1223401
belebele_orm_819,0.80522317,-0.77776045
belebele_orm_82,0.63318455,0.13974576
belebele_orm_820,0.7642891,-0.2684724
belebele_orm_821,0.80522317,-0.77776045
belebele_orm_822,0.69447774,0.17480274
belebele_orm_823,0.7293594,-0.27954894
belebele_orm_824,0.7477486,1.1223401
belebele_orm_825,0.7642891,-0.2684724
belebele_orm_826,0.7163239,1.5429639
belebele_orm_827,0.80522317,-0.77776045
belebele_orm_828,0.6320794,0.574971
belebele_orm_829,0.633549,1.0072805
belebele_orm_83,0.80522317,-0.77776045
belebele_orm_830,0.7293594,-0.27954894
belebele_orm_831,0.80522317,-0.77776045
belebele_orm_832,0.63821864,1.012501
belebele_orm_833,0.80522317,-0.77776045
belebele_orm_834,0.7338966,0.19710252
belebele_orm_835,0.69447774,0.17480274
belebele_orm_836,0.80522317,-0.77776045
belebele_orm_837,0.7163239,1.5429639
belebele_orm_838,0.6348883,-0.3055597
belebele_orm_839,0.7338966,0.19710252
belebele_orm_84,0.7241757,-0.28113684
belebele_orm_840,0.73943514,0.6612007
belebele_orm_841,0.7163239,1.5429639
belebele_orm_842,0.80522317,-0.77776045
belebele_orm_843,0.80522317,-0.77776045
belebele_orm_844,0.69447774,0.17480274
belebele_orm_845,0.7163239,1.5429639
belebele_orm_846,0.7293594,-0.27954894
belebele_orm_847,0.633549,1.0072805
belebele_orm_848,0.69447774,0.17480274
belebele_orm_849,0.80522317,-0.77776045
belebele_orm_85,0.7642891,-0.2684724
belebele_orm_850,0.80522317,-0.77776045
belebele_orm_851,0.7477486,1.1223401
belebele_orm_852,0.63821864,1.012501
belebele_orm_853,0.80522317,-0.77776045
belebele_orm_854,0.7163239,1.5429639
belebele_orm_855,0.80522317,-0.77776045
belebele_orm_856,0.6054193,0.55167013
belebele_orm_857,0.73943514,0.6612007
belebele_orm_858,0.7293594,-0.27954894
belebele_orm_859,0.73943514,0.6612007
belebele_orm_86,0.7163239,1.5429639
belebele_orm_860,0.73943514,0.6612007
belebele_orm_861,0.7163239,1.5429639
belebele_orm_862,0.7241757,-0.28113684
belebele_orm_863,0.80522317,-0.77776045
belebele_orm_864,0.7282954,0.19395256
belebele_orm_865,0.80522317,-0.77776045
belebele_orm_866,0.7642891,-0.2684724
belebele_orm_867,0.6710693,1.0479506
belebele_orm_868,0.80522317,-0.77776045
belebele_orm_869,0.69161004,-0.29073063
belebele_orm_87,0.6959062,0.62772906
belebele_orm_870,0.7282954,0.19395256
belebele_orm_871,0.80522317,-0.77776045
belebele_orm_872,0.7642891,-0.2684724
belebele_orm_873,0.66330975,0.60132694
belebele_orm_874,0.7477486,1.1223401
belebele_orm_875,0.6710693,1.0479506
belebele_orm_876,0.7163239,1.5429639
belebele_orm_877,0.63821864,1.012501
belebele_orm_878,0.6933035,0.1741344
belebele_orm_879,0.66330975,0.60132694
belebele_orm_88,0.6710693,1.0479506
belebele_orm_880,0.6933035,0.1741344
belebele_orm_881,0.7477486,1.1223401
belebele_orm_882,0.7293594,-0.27954894
belebele_orm_883,0.6959062,0.62772906
belebele_orm_884,0.80522317,-0.77776045
belebele_orm_885,0.80522317,-0.77776045
belebele_orm_886,0.7163239,1.5429639
belebele_orm_887,0.7477486,1.1223401
belebele_orm_888,0.7642891,-0.2684724
belebele_orm_889,0.6626997,0.1566573
belebele_orm_89,0.5802779,0.10954206
belebele_orm_890,0.80522317,-0.77776045
belebele_orm_891,0.80522317,-0.77776045
belebele_orm_892,0.69447774,0.17480274
belebele_orm_893,0.7642891,-0.2684724
belebele_orm_894,0.6710693,1.0479506
belebele_orm_895,0.7338966,0.19710252
belebele_orm_896,0.69161004,-0.29073063
belebele_orm_897,0.6710693,1.0479506
belebele_orm_898,0.6933035,0.1741344
belebele_orm_899,0.6959062,0.62772906
belebele_orm_9,0.7477486,1.1223401
belebele_orm_90,0.73943514,0.6612007
belebele_orm_91,0.7642891,-0.2684724
belebele_orm_92,0.6626997,0.1566573
belebele_orm_93,0.6054193,0.55167013
belebele_orm_94,0.80522317,-0.77776045
belebele_orm_95,0.80522317,-0.77776045
belebele_orm_96,0.80522317,-0.77776045
belebele_orm_97,0.7477486,1.1223401
belebele_orm_98,0.73943514,0.6612007
belebele_orm_99,0.69447774,0.17480274
belebele_sna_0,0.80522317,-0.77776045
belebele_sna_1,0.7241757,-0.28113684
belebele_sna_10,0.69447774,0.17480274
belebele_sna_100,0.80522317,-0.77776045
belebele_sna_101,0.73943514,0.6612007
belebele_sna_102,0.6933035,0.1741344
belebele_sna_103,0.7163239,1.5429639
belebele_sna_104,0.7642891,-0.2684724
belebele_sna_105,0.60404813,0.12307197
belebele_sna_106,0.69447774,0.17480274
belebele_sna_107,0.7163239,1.5429639
belebele_sna_108,0.7642891,-0.2684724
belebele_sna_109,0.7642891,-0.2684724
belebele_sna_11,0.80522317,-0.77776045
belebele_sna_110,0.6078216,0.12522739
belebele_sna_111,0.73943514,0.6612007
belebele_sna_112,0.80522317,-0.77776045
belebele_sna_113,0.7338966,0.19710252
belebele_sna_114,0.7293594,-0.27954894
belebele_sna_115,0.60534966,0.97477794
belebele_sna_116,0.6054193,0.55167013
belebele_sna_117,0.7293594,-0.27954894
belebele_sna_118,0.7642891,-0.2684724
belebele_sna_119,0.6933035,0.1741344
belebele_sna_12,0.63318455,0.13974576
belebele_sna_120,0.7013139,0.63199866
belebele_sna_121,0.7642891,-0.2684724
belebele_sna_122,0.6320794,0.574971
belebele_sna_123,0.80522317,-0.77776045
belebele_sna_124,0.80522317,-0.77776045
belebele_sna_125,0.6959062,0.62772906
belebele_sna_126,0.80522317,-0.77776045
belebele_sna_127,0.69447774,0.17480274
belebele_sna_128,0.66330975,0.60132694
belebele_sna_129,0.80522317,-0.77776045
belebele_sna_13,0.7163239,1.5429639
belebele_sna_130,0.80522317,-0.77776045
belebele_sna_131,0.80522317,-0.77776045
belebele_sna_132,0.80522317,-0.77776045
belebele_sna_133,0.80522317,-0.77776045
belebele_sna_134,0.633549,1.0072805
belebele_sna_135,0.66330975,0.60132694
belebele_sna_136,0.7293594,-0.27954894
belebele_sna_137,0.80522317,-0.77776045
belebele_sna_138,0.7163239,1.5429639
belebele_sna_139,0.7293594,-0.27954894
belebele_sna_14,0.7477486,1.1223401
belebele_sna_140,0.69161004,-0.29073063
belebele_sna_141,0.7642891,-0.2684724
belebele_sna_142,0.7282954,0.19395256
belebele_sna_143,0.7013139,0.63199866
belebele_sna_144,0.7163239,1.5429639
belebele_sna_145,0.6933035,0.1741344
belebele_sna_146,0.7013139,0.63199866
belebele_sna_147,0.7477486,1.1223401
belebele_sna_148,0.69161004,-0.29073063
belebele_sna_149,0.6710693,1.0479506
belebele_sna_15,0.7282954,0.19395256
belebele_sna_150,0.7642891,-0.2684724
belebele_sna_151,0.80522317,-0.77776045
belebele_sna_152,0.6933035,0.1741344
belebele_sna_153,0.6348883,-0.3055597
belebele_sna_154,0.7163239,1.5429639
belebele_sna_155,0.80522317,-0.77776045
belebele_sna_156,0.80522317,-0.77776045
belebele_sna_157,0.80522317,-0.77776045
belebele_sna_158,0.7642891,-0.2684724
belebele_sna_159,0.7241757,-0.28113684
belebele_sna_16,0.80522317,-0.77776045
belebele_sna_160,0.6933035,0.1741344
belebele_sna_161,0.80522317,-0.77776045
belebele_sna_162,0.69161004,-0.29073063
belebele_sna_163,0.7338966,0.19710252
belebele_sna_164,0.6933035,0.1741344
belebele_sna_165,0.80522317,-0.77776045
belebele_sna_166,0.7241757,-0.28113684
belebele_sna_167,0.7477486,1.1223401
belebele_sna_168,0.80522317,-0.77776045
belebele_sna_169,0.80522317,-0.77776045
belebele_sna_17,0.73943514,0.6612007
belebele_sna_170,0.7241757,-0.28113684
belebele_sna_171,0.7282954,0.19395256
belebele_sna_172,0.7241757,-0.28113684
belebele_sna_173,0.80522317,-0.77776045
belebele_sna_174,0.6933035,0.1741344
belebele_sna_175,0.80522317,-0.77776045
belebele_sna_176,0.7642891,-0.2684724
belebele_sna_177,0.63821864,1.012501
belebele_sna_178,0.80522317,-0.77776045
belebele_sna_179,0.7642891,-0.2684724
belebele_sna_18,0.80522317,-0.77776045
belebele_sna_180,0.80522317,-0.77776045
belebele_sna_181,0.7013139,0.63199866
belebele_sna_182,0.7338966,0.19710252
belebele_sna_183,0.80522317,-0.77776045
belebele_sna_184,0.80522317,-0.77776045
belebele_sna_185,0.6710693,1.0479506
belebele_sna_186,0.80522317,-0.77776045
belebele_sna_187,0.6710693,1.0479506
belebele_sna_188,0.7642891,-0.2684724
belebele_sna_189,0.80522317,-0.77776045
belebele_sna_19,0.7338966,0.19710252
belebele_sna_190,0.7293594,-0.27954894
belebele_sna_191,0.80522317,-0.77776045
belebele_sna_192,0.7642891,-0.2684724
belebele_sna_193,0.80522317,-0.77776045
belebele_sna_194,0.80522317,-0.77776045
belebele_sna_195,0.6078216,0.12522739
belebele_sna_196,0.80522317,-0.77776045
belebele_sna_197,0.80522317,-0.77776045
belebele_sna_198,0.80522317,-0.77776045
belebele_sna_199,0.80522317,-0.77776045
belebele_sna_2,0.80522317,-0.77776045
belebele_sna_20,0.80522317,-0.77776045
belebele_sna_200,0.7163239,1.5429639
belebele_sna_201,0.7241757,-0.28113684
belebele_sna_202,0.7282954,0.19395256
belebele_sna_203,0.73943514,0.6612007
belebele_sna_204,0.80522317,-0.77776045
belebele_sna_205,0.69161004,-0.29073063
belebele_sna_206,0.80522317,-0.77776045
belebele_sna_207,0.80522317,-0.77776045
belebele_sna_208,0.80522317,-0.77776045
belebele_sna_209,0.633549,1.0072805
belebele_sna_21,0.63821864,1.012501
belebele_sna_210,0.6933035,0.1741344
belebele_sna_211,0.80522317,-0.77776045
belebele_sna_212,0.80522317,-0.77776045
belebele_sna_213,0.80522317,-0.77776045
belebele_sna_214,0.80522317,-0.77776045
belebele_sna_215,0.80522317,-0.77776045
belebele_sna_216,0.80522317,-0.77776045
belebele_sna_217,0.7163239,1.5429639
belebele_sna_218,0.7163239,1.5429639
belebele_sna_219,0.7163239,1.5429639
belebele_sna_22,0.80522317,-0.77776045
belebele_sna_220,0.80522317,-0.77776045
belebele_sna_221,0.7642891,-0.2684724
belebele_sna_222,0.80522317,-0.77776045
belebele_sna_223,0.7477486,1.1223401
belebele_sna_224,0.6933035,0.1741344
belebele_sna_225,0.7241757,-0.28113684
belebele_sna_226,0.80522317,-0.77776045
belebele_sna_227,0.80522317,-0.77776045
belebele_sna_228,0.7163239,1.5429639
belebele_sna_229,0.80522317,-0.77776045
belebele_sna_23,0.6933035,0.1741344
belebele_sna_230,0.69447774,0.17480274
belebele_sna_231,0.80522317,-0.77776045
belebele_sna_232,0.80522317,-0.77776045
belebele_sna_233,0.80522317,-0.77776045
belebele_sna_234,0.6710693,1.0479506
belebele_sna_235,0.80522317,-0.77776045
belebele_sna_236,0.80522317,-0.77776045
belebele_sna_237,0.80522317,-0.77776045
belebele_sna_238,0.63821864,1.012501
belebele_sna_239,0.69447774,0.17480274
belebele_sna_24,0.73943514,0.6612007
belebele_sna_240,0.73943514,0.6612007
belebele_sna_241,0.7163239,1.5429639
belebele_sna_242,0.80522317,-0.77776045
belebele_sna_243,0.80522317,-0.77776045
belebele_sna_244,0.69161004,-0.29073063
belebele_sna_245,0.65816486,0.15406066
belebele_sna_246,0.80522317,-0.77776045
belebele_sna_247,0.7163239,1.5429639
belebele_sna_248,0.7163239,1.5429639
belebele_sna_249,0.80522317,-0.77776045
belebele_sna_25,0.6933035,0.1741344
belebele_sna_250,0.80522317,-0.77776045
belebele_sna_251,0.7642891,-0.2684724
belebele_sna_252,0.80522317,-0.77776045
belebele_sna_253,0.80522317,-0.77776045
belebele_sna_254,0.6054193,0.55167013
belebele_sna_255,0.6933035,0.1741344
belebele_sna_256,0.69161004,-0.29073063
belebele_sna_257,0.7293594,-0.27954894
belebele_sna_258,0.7642891,-0.2684724
belebele_sna_259,0.7477486,1.1223401
belebele_sna_26,0.6959062,0.62772906
belebele_sna_260,0.7163239,1.5429639
belebele_sna_261,0.73943514,0.6612007
belebele_sna_262,0.80522317,-0.77776045
belebele_sna_263,0.80522317,-0.77776045
belebele_sna_264,0.73943514,0.6612007
belebele_sna_265,0.80522317,-0.77776045
belebele_sna_266,0.80522317,-0.77776045
belebele_sna_267,0.80522317,-0.77776045
belebele_sna_268,0.80522317,-0.77776045
belebele_sna_269,0.7241757,-0.28113684
belebele_sna_27,0.73943514,0.6612007
belebele_sna_270,0.80522317,-0.77776045
belebele_sna_271,0.69161004,-0.29073063
belebele_sna_272,0.7293594,-0.27954894
belebele_sna_273,0.80522317,-0.77776045
belebele_sna_274,0.69161004,-0.29073063
belebele_sna_275,0.7293594,-0.27954894
belebele_sna_276,0.7293594,-0.27954894
belebele_sna_277,0.80522317,-0.77776045
belebele_sna_278,0.7293594,-0.27954894
belebele_sna_279,0.80522317,-0.77776045
belebele_sna_28,0.7477486,1.1223401
belebele_sna_280,0.7241757,-0.28113684
belebele_sna_281,0.80522317,-0.77776045
belebele_sna_282,0.80522317,-0.77776045
belebele_sna_283,0.6933035,0.1741344
belebele_sna_284,0.80522317,-0.77776045
belebele_sna_285,0.7163239,1.5429639
belebele_sna_286,0.7338966,0.19710252
belebele_sna_287,0.69447774,0.17480274
belebele_sna_288,0.7293594,-0.27954894
belebele_sna_289,0.7642891,-0.2684724
belebele_sna_29,0.7013139,0.63199866
belebele_sna_290,0.80522317,-0.77776045
belebele_sna_291,0.80522317,-0.77776045
belebele_sna_292,0.80522317,-0.77776045
belebele_sna_293,0.7293594,-0.27954894
belebele_sna_294,0.80522317,-0.77776045
belebele_sna_295,0.7642891,-0.2684724
belebele_sna_296,0.80522317,-0.77776045
belebele_sna_297,0.7163239,1.5429639
belebele_sna_298,0.80522317,-0.77776045
belebele_sna_299,0.80522317,-0.77776045
belebele_sna_3,0.63318455,0.13974576
belebele_sna_30,0.7642891,-0.2684724
belebele_sna_300,0.80522317,-0.77776045
belebele_sna_301,0.7293594,-0.27954894
belebele_sna_302,0.80522317,-0.77776045
belebele_sna_303,0.80522317,-0.77776045
belebele_sna_304,0.69161004,-0.29073063
belebele_sna_305,0.80522317,-0.77776045
belebele_sna_306,0.80522317,-0.77776045
belebele_sna_307,0.7642891,-0.2684724
belebele_sna_308,0.80522317,-0.77776045
belebele_sna_309,0.80522317,-0.77776045
belebele_sna_31,0.6959062,0.62772906
belebele_sna_310,0.80522317,-0.77776045
belebele_sna_311,0.7642891,-0.2684724
belebele_sna_312,0.7338966,0.19710252
belebele_sna_313,0.73943514,0.6612007
belebele_sna_314,0.7642891,-0.2684724
belebele_sna_315,0.80522317,-0.77776045
belebele_sna_316,0.633549,1.0072805
belebele_sna_317,0.73943514,0.6612007
belebele_sna_318,0.80522317,-0.77776045
belebele_sna_319,0.7241757,-0.28113684
belebele_sna_32,0.7282954,0.19395256
belebele_sna_320,0.66330975,0.60132694
belebele_sna_321,0.80522317,-0.77776045
belebele_sna_322,0.7642891,-0.2684724
belebele_sna_323,0.60534966,0.97477794
belebele_sna_324,0.7477486,1.1223401
belebele_sna_325,0.80522317,-0.77776045
belebele_sna_326,0.7241757,-0.28113684
belebele_sna_327,0.7338966,0.19710252
belebele_sna_328,0.7282954,0.19395256
belebele_sna_329,0.7163239,1.5429639
belebele_sna_33,0.633549,1.0072805
belebele_sna_330,0.69161004,-0.29073063
belebele_sna_331,0.80522317,-0.77776045
belebele_sna_332,0.80522317,-0.77776045
belebele_sna_333,0.7241757,-0.28113684
belebele_sna_334,0.80522317,-0.77776045
belebele_sna_335,0.7241757,-0.28113684
belebele_sna_336,0.7642891,-0.2684724
belebele_sna_337,0.73943514,0.6612007
belebele_sna_338,0.80522317,-0.77776045
belebele_sna_339,0.7642891,-0.2684724
belebele_sna_34,0.6933035,0.1741344
belebele_sna_340,0.80522317,-0.77776045
belebele_sna_341,0.7642891,-0.2684724
belebele_sna_342,0.80522317,-0.77776045
belebele_sna_343,0.69161004,-0.29073063
belebele_sna_344,0.7642891,-0.2684724
belebele_sna_345,0.7642891,-0.2684724
belebele_sna_346,0.80522317,-0.77776045
belebele_sna_347,0.80522317,-0.77776045
belebele_sna_348,0.80522317,-0.77776045
belebele_sna_349,0.6933035,0.1741344
belebele_sna_35,0.80522317,-0.77776045
belebele_sna_350,0.69161004,-0.29073063
belebele_sna_351,0.69161004,-0.29073063
belebele_sna_352,0.80522317,-0.77776045
belebele_sna_353,0.60534966,0.97477794
belebele_sna_354,0.7642891,-0.2684724
belebele_sna_355,0.7642891,-0.2684724
belebele_sna_356,0.80522317,-0.77776045
belebele_sna_357,0.80522317,-0.77776045
belebele_sna_358,0.7163239,1.5429639
belebele_sna_359,0.80522317,-0.77776045
belebele_sna_36,0.80522317,-0.77776045
belebele_sna_360,0.6320794,0.574971
belebele_sna_361,0.7477486,1.1223401
belebele_sna_362,0.80522317,-0.77776045
belebele_sna_363,0.60404813,0.12307197
belebele_sna_364,0.69447774,0.17480274
belebele_sna_365,0.80522317,-0.77776045
belebele_sna_366,0.80522317,-0.77776045
belebele_sna_367,0.7163239,1.5429639
belebele_sna_368,0.6710693,1.0479506
belebele_sna_369,0.7477486,1.1223401
belebele_sna_37,0.7642891,-0.2684724
belebele_sna_370,0.80522317,-0.77776045
belebele_sna_371,0.80522317,-0.77776045
belebele_sna_372,0.7477486,1.1223401
belebele_sna_373,0.6933035,0.1741344
belebele_sna_374,0.80522317,-0.77776045
belebele_sna_375,0.7163239,1.5429639
belebele_sna_376,0.6054193,0.55167013
belebele_sna_377,0.7642891,-0.2684724
belebele_sna_378,0.80522317,-0.77776045
belebele_sna_379,0.80522317,-0.77776045
belebele_sna_38,0.80522317,-0.77776045
belebele_sna_380,0.69161004,-0.29073063
belebele_sna_381,0.69161004,-0.29073063
belebele_sna_382,0.69447774,0.17480274
belebele_sna_383,0.7241757,-0.28113684
belebele_sna_384,0.80522317,-0.77776045
belebele_sna_385,0.80522317,-0.77776045
belebele_sna_386,0.80522317,-0.77776045
belebele_sna_387,0.80522317,-0.77776045
belebele_sna_388,0.80522317,-0.77776045
belebele_sna_389,0.80522317,-0.77776045
belebele_sna_39,0.80522317,-0.77776045
belebele_sna_390,0.69161004,-0.29073063
belebele_sna_391,0.69447774,0.17480274
belebele_sna_392,0.6933035,0.1741344
belebele_sna_393,0.80522317,-0.77776045
belebele_sna_394,0.7241757,-0.28113684
belebele_sna_395,0.73943514,0.6612007
belebele_sna_396,0.6933035,0.1741344
belebele_sna_397,0.6626997,0.1566573
belebele_sna_398,0.7293594,-0.27954894
belebele_sna_399,0.80522317,-0.77776045
belebele_sna_4,0.6933035,0.1741344
belebele_sna_40,0.7293594,-0.27954894
belebele_sna_400,0.7293594,-0.27954894
belebele_sna_401,0.80522317,-0.77776045
belebele_sna_402,0.80522317,-0.77776045
belebele_sna_403,0.60404813,0.12307197
belebele_sna_404,0.80522317,-0.77776045
belebele_sna_405,0.7642891,-0.2684724
belebele_sna_406,0.7642891,-0.2684724
belebele_sna_407,0.80522317,-0.77776045
belebele_sna_408,0.80522317,-0.77776045
belebele_sna_409,0.80522317,-0.77776045
belebele_sna_41,0.80522317,-0.77776045
belebele_sna_410,0.80522317,-0.77776045
belebele_sna_411,0.73943514,0.6612007
belebele_sna_412,0.80522317,-0.77776045
belebele_sna_413,0.80522317,-0.77776045
belebele_sna_414,0.69447774,0.17480274
belebele_sna_415,0.7013139,0.63199866
belebele_sna_416,0.66330975,0.60132694
belebele_sna_417,0.80522317,-0.77776045
belebele_sna_418,0.80522317,-0.77776045
belebele_sna_419,0.80522317,-0.77776045
belebele_sna_42,0.7477486,1.1223401
belebele_sna_420,0.80522317,-0.77776045
belebele_sna_421,0.7013139,0.63199866
belebele_sna_422,0.7163239,1.5429639
belebele_sna_423,0.80522317,-0.77776045
belebele_sna_424,0.80522317,-0.77776045
belebele_sna_425,0.73943514,0.6612007
belebele_sna_426,0.7282954,0.19395256
belebele_sna_427,0.80522317,-0.77776045
belebele_sna_428,0.80522317,-0.77776045
belebele_sna_429,0.7642891,-0.2684724
belebele_sna_43,0.6933035,0.1741344
belebele_sna_430,0.80522317,-0.77776045
belebele_sna_431,0.6959062,0.62772906
belebele_sna_432,0.6933035,0.1741344
belebele_sna_433,0.69161004,-0.29073063
belebele_sna_434,0.80522317,-0.77776045
belebele_sna_435,0.69447774,0.17480274
belebele_sna_436,0.69447774,0.17480274
belebele_sna_437,0.7642891,-0.2684724
belebele_sna_438,0.80522317,-0.77776045
belebele_sna_439,0.6710693,1.0479506
belebele_sna_44,0.73943514,0.6612007
belebele_sna_440,0.6933035,0.1741344
belebele_sna_441,0.80522317,-0.77776045
belebele_sna_442,0.80522317,-0.77776045
belebele_sna_443,0.80522317,-0.77776045
belebele_sna_444,0.69161004,-0.29073063
belebele_sna_445,0.73943514,0.6612007
belebele_sna_446,0.6933035,0.1741344
belebele_sna_447,0.7477486,1.1223401
belebele_sna_448,0.6933035,0.1741344
belebele_sna_449,0.7642891,-0.2684724
belebele_sna_45,0.63318455,0.13974576
belebele_sna_450,0.6320794,0.574971
belebele_sna_451,0.73943514,0.6612007
belebele_sna_452,0.6933035,0.1741344
belebele_sna_453,0.80522317,-0.77776045
belebele_sna_454,0.63821864,1.012501
belebele_sna_455,0.80522317,-0.77776045
belebele_sna_456,0.73943514,0.6612007
belebele_sna_457,0.6933035,0.1741344
belebele_sna_458,0.69447774,0.17480274
belebele_sna_459,0.7642891,-0.2684724
belebele_sna_46,0.80522317,-0.77776045
belebele_sna_460,0.6959062,0.62772906
belebele_sna_461,0.80522317,-0.77776045
belebele_sna_462,0.7293594,-0.27954894
belebele_sna_463,0.80522317,-0.77776045
belebele_sna_464,0.80522317,-0.77776045
belebele_sna_465,0.80522317,-0.77776045
belebele_sna_466,0.80522317,-0.77776045
belebele_sna_467,0.80522317,-0.77776045
belebele_sna_468,0.69447774,0.17480274
belebele_sna_469,0.80522317,-0.77776045
belebele_sna_47,0.73943514,0.6612007
belebele_sna_470,0.7241757,-0.28113684
belebele_sna_471,0.7642891,-0.2684724
belebele_sna_472,0.80522317,-0.77776045
belebele_sna_473,0.7241757,-0.28113684
belebele_sna_474,0.69447774,0.17480274
belebele_sna_475,0.80522317,-0.77776045
belebele_sna_476,0.7642891,-0.2684724
belebele_sna_477,0.80522317,-0.77776045
belebele_sna_478,0.80522317,-0.77776045
belebele_sna_479,0.7163239,1.5429639
belebele_sna_48,0.63821864,1.012501
belebele_sna_480,0.80522317,-0.77776045
belebele_sna_481,0.80522317,-0.77776045
belebele_sna_482,0.69161004,-0.29073063
belebele_sna_483,0.7241757,-0.28113684
belebele_sna_484,0.7293594,-0.27954894
belebele_sna_485,0.80522317,-0.77776045
belebele_sna_486,0.7163239,1.5429639
belebele_sna_487,0.7163239,1.5429639
belebele_sna_488,0.80522317,-0.77776045
belebele_sna_489,0.7642891,-0.2684724
belebele_sna_49,0.80522317,-0.77776045
belebele_sna_490,0.7241757,-0.28113684
belebele_sna_491,0.80522317,-0.77776045
belebele_sna_492,0.80522317,-0.77776045
belebele_sna_493,0.69161004,-0.29073063
belebele_sna_494,0.7642891,-0.2684724
belebele_sna_495,0.69447774,0.17480274
belebele_sna_496,0.7293594,-0.27954894
belebele_sna_497,0.80522317,-0.77776045
belebele_sna_498,0.60404813,0.12307197
belebele_sna_499,0.80522317,-0.77776045
belebele_sna_5,0.80522317,-0.77776045
belebele_sna_50,0.7163239,1.5429639
belebele_sna_500,0.80522317,-0.77776045
belebele_sna_501,0.7642891,-0.2684724
belebele_sna_502,0.6933035,0.1741344
belebele_sna_503,0.7477486,1.1223401
belebele_sna_504,0.80522317,-0.77776045
belebele_sna_505,0.69161004,-0.29073063
belebele_sna_506,0.7642891,-0.2684724
belebele_sna_507,0.80522317,-0.77776045
belebele_sna_508,0.80522317,-0.77776045
belebele_sna_509,0.7642891,-0.2684724
belebele_sna_51,0.7642891,-0.2684724
belebele_sna_510,0.80522317,-0.77776045
belebele_sna_511,0.73943514,0.6612007
belebele_sna_512,0.7282954,0.19395256
belebele_sna_513,0.80522317,-0.77776045
belebele_sna_514,0.7477486,1.1223401
belebele_sna_515,0.80522317,-0.77776045
belebele_sna_516,0.7477486,1.1223401
belebele_sna_517,0.80522317,-0.77776045
belebele_sna_518,0.7293594,-0.27954894
belebele_sna_519,0.6044916,0.55084634
belebele_sna_52,0.633549,1.0072805
belebele_sna_520,0.7642891,-0.2684724
belebele_sna_521,0.7163239,1.5429639
belebele_sna_522,0.7642891,-0.2684724
belebele_sna_523,0.73943514,0.6612007
belebele_sna_524,0.80522317,-0.77776045
belebele_sna_525,0.7477486,1.1223401
belebele_sna_526,0.69161004,-0.29073063
belebele_sna_527,0.80522317,-0.77776045
belebele_sna_528,0.633549,1.0072805
belebele_sna_529,0.6959062,0.62772906
belebele_sna_53,0.80522317,-0.77776045
belebele_sna_530,0.69161004,-0.29073063
belebele_sna_531,0.80522317,-0.77776045
belebele_sna_532,0.7241757,-0.28113684
belebele_sna_533,0.7642891,-0.2684724
belebele_sna_534,0.80522317,-0.77776045
belebele_sna_535,0.80522317,-0.77776045
belebele_sna_536,0.80522317,-0.77776045
belebele_sna_537,0.80522317,-0.77776045
belebele_sna_538,0.7241757,-0.28113684
belebele_sna_539,0.7163239,1.5429639
belebele_sna_54,0.80522317,-0.77776045
belebele_sna_540,0.73943514,0.6612007
belebele_sna_541,0.7338966,0.19710252
belebele_sna_542,0.7338966,0.19710252
belebele_sna_543,0.80522317,-0.77776045
belebele_sna_544,0.7282954,0.19395256
belebele_sna_545,0.7163239,1.5429639
belebele_sna_546,0.6078216,0.12522739
belebele_sna_547,0.7338966,0.19710252
belebele_sna_548,0.80522317,-0.77776045
belebele_sna_549,0.80522317,-0.77776045
belebele_sna_55,0.6710693,1.0479506
belebele_sna_550,0.69161004,-0.29073063
belebele_sna_551,0.80522317,-0.77776045
belebele_sna_552,0.80522317,-0.77776045
belebele_sna_553,0.80522317,-0.77776045
belebele_sna_554,0.80522317,-0.77776045
belebele_sna_555,0.80522317,-0.77776045
belebele_sna_556,0.73943514,0.6612007
belebele_sna_557,0.80522317,-0.77776045
belebele_sna_558,0.80522317,-0.77776045
belebele_sna_559,0.80522317,-0.77776045
belebele_sna_56,0.7642891,-0.2684724
belebele_sna_560,0.7282954,0.19395256
belebele_sna_561,0.7642891,-0.2684724
belebele_sna_562,0.7282954,0.19395256
belebele_sna_563,0.73943514,0.6612007
belebele_sna_564,0.73943514,0.6612007
belebele_sna_565,0.80522317,-0.77776045
belebele_sna_566,0.65816486,0.15406066
belebele_sna_567,0.6959062,0.62772906
belebele_sna_568,0.7293594,-0.27954894
belebele_sna_569,0.80522317,-0.77776045
belebele_sna_57,0.7642891,-0.2684724
belebele_sna_570,0.7163239,1.5429639
belebele_sna_571,0.80522317,-0.77776045
belebele_sna_572,0.73943514,0.6612007
belebele_sna_573,0.7642891,-0.2684724
belebele_sna_574,0.80522317,-0.77776045
belebele_sna_575,0.80522317,-0.77776045
belebele_sna_576,0.6959062,0.62772906
belebele_sna_577,0.80522317,-0.77776045
belebele_sna_578,0.80522317,-0.77776045
belebele_sna_579,0.7642891,-0.2684724
belebele_sna_58,0.7013139,0.63199866
belebele_sna_580,0.80522317,-0.77776045
belebele_sna_581,0.80522317,-0.77776045
belebele_sna_582,0.80522317,-0.77776045
belebele_sna_583,0.7642891,-0.2684724
belebele_sna_584,0.7642891,-0.2684724
belebele_sna_585,0.7642891,-0.2684724
belebele_sna_586,0.7282954,0.19395256
belebele_sna_587,0.80522317,-0.77776045
belebele_sna_588,0.80522317,-0.77776045
belebele_sna_589,0.6959062,0.62772906
belebele_sna_59,0.73943514,0.6612007
belebele_sna_590,0.73943514,0.6612007
belebele_sna_591,0.7642891,-0.2684724
belebele_sna_592,0.80522317,-0.77776045
belebele_sna_593,0.7282954,0.19395256
belebele_sna_594,0.7282954,0.19395256
belebele_sna_595,0.7013139,0.63199866
belebele_sna_596,0.80522317,-0.77776045
belebele_sna_597,0.80522317,-0.77776045
belebele_sna_598,0.7293594,-0.27954894
belebele_sna_599,0.7241757,-0.28113684
belebele_sna_6,0.7642891,-0.2684724
belebele_sna_60,0.7338966,0.19710252
belebele_sna_600,0.7338966,0.19710252
belebele_sna_601,0.5802621,0.5290278
belebele_sna_602,0.80522317,-0.77776045
belebele_sna_603,0.7477486,1.1223401
belebele_sna_604,0.7642891,-0.2684724
belebele_sna_605,0.80522317,-0.77776045
belebele_sna_606,0.7642891,-0.2684724
belebele_sna_607,0.80522317,-0.77776045
belebele_sna_608,0.7477486,1.1223401
belebele_sna_609,0.6710693,1.0479506
belebele_sna_61,0.80522317,-0.77776045
belebele_sna_610,0.80522317,-0.77776045
belebele_sna_611,0.80522317,-0.77776045
belebele_sna_612,0.6933035,0.1741344
belebele_sna_613,0.69161004,-0.29073063
belebele_sna_614,0.6044916,0.55084634
belebele_sna_615,0.80522317,-0.77776045
belebele_sna_616,0.7293594,-0.27954894
belebele_sna_617,0.7642891,-0.2684724
belebele_sna_618,0.6933035,0.1741344
belebele_sna_619,0.80522317,-0.77776045
belebele_sna_62,0.69161004,-0.29073063
belebele_sna_620,0.7293594,-0.27954894
belebele_sna_621,0.6348883,-0.3055597
belebele_sna_622,0.60534966,0.97477794
belebele_sna_623,0.69161004,-0.29073063
belebele_sna_624,0.6364851,0.5787512
belebele_sna_625,0.80522317,-0.77776045
belebele_sna_626,0.7642891,-0.2684724
belebele_sna_627,0.80522317,-0.77776045
belebele_sna_628,0.7163239,1.5429639
belebele_sna_629,0.65816486,0.15406066
belebele_sna_63,0.7642891,-0.2684724
belebele_sna_630,0.69447774,0.17480274
belebele_sna_631,0.6626997,0.1566573
belebele_sna_632,0.7338966,0.19710252
belebele_sna_633,0.80522317,-0.77776045
belebele_sna_634,0.69161004,-0.29073063
belebele_sna_635,0.80522317,-0.77776045
belebele_sna_636,0.69161004,-0.29073063
belebele_sna_637,0.80522317,-0.77776045
belebele_sna_638,0.80522317,-0.77776045
belebele_sna_639,0.7163239,1.5429639
belebele_sna_64,0.80522317,-0.77776045
belebele_sna_640,0.80522317,-0.77776045
belebele_sna_641,0.7642891,-0.2684724
belebele_sna_642,0.7642891,-0.2684724
belebele_sna_643,0.7013139,0.63199866
belebele_sna_644,0.73943514,0.6612007
belebele_sna_645,0.60534966,0.97477794
belebele_sna_646,0.73943514,0.6612007
belebele_sna_647,0.7163239,1.5429639
belebele_sna_648,0.69447774,0.17480274
belebele_sna_649,0.7338966,0.19710252
belebele_sna_65,0.80522317,-0.77776045
belebele_sna_650,0.80522317,-0.77776045
belebele_sna_651,0.80522317,-0.77776045
belebele_sna_652,0.7338966,0.19710252
belebele_sna_653,0.65816486,0.15406066
belebele_sna_654,0.80522317,-0.77776045
belebele_sna_655,0.80522317,-0.77776045
belebele_sna_656,0.7163239,1.5429639
belebele_sna_657,0.6933035,0.1741344
belebele_sna_658,0.80522317,-0.77776045
belebele_sna_659,0.80522317,-0.77776045
belebele_sna_66,0.80522317,-0.77776045
belebele_sna_660,0.7642891,-0.2684724
belebele_sna_661,0.80522317,-0.77776045
belebele_sna_662,0.80522317,-0.77776045
belebele_sna_663,0.7163239,1.5429639
belebele_sna_664,0.7642891,-0.2684724
belebele_sna_665,0.63821864,1.012501
belebele_sna_666,0.7241757,-0.28113684
belebele_sna_667,0.7241757,-0.28113684
belebele_sna_668,0.7163239,1.5429639
belebele_sna_669,0.80522317,-0.77776045
belebele_sna_67,0.69447774,0.17480274
belebele_sna_670,0.73943514,0.6612007
belebele_sna_671,0.7282954,0.19395256
belebele_sna_672,0.5802779,0.10954206
belebele_sna_673,0.80522317,-0.77776045
belebele_sna_674,0.80522317,-0.77776045
belebele_sna_675,0.7293594,-0.27954894
belebele_sna_676,0.80522317,-0.77776045
belebele_sna_677,0.80522317,-0.77776045
belebele_sna_678,0.80522317,-0.77776045
belebele_sna_679,0.80522317,-0.77776045
belebele_sna_68,0.69447774,0.17480274
belebele_sna_680,0.7338966,0.19710252
belebele_sna_681,0.80522317,-0.77776045
belebele_sna_682,0.80522317,-0.77776045
belebele_sna_683,0.7013139,0.63199866
belebele_sna_684,0.80522317,-0.77776045
belebele_sna_685,0.7642891,-0.2684724
belebele_sna_686,0.7642891,-0.2684724
belebele_sna_687,0.80522317,-0.77776045
belebele_sna_688,0.69447774,0.17480274
belebele_sna_689,0.7282954,0.19395256
belebele_sna_69,0.7642891,-0.2684724
belebele_sna_690,0.7163239,1.5429639
belebele_sna_691,0.80522317,-0.77776045
belebele_sna_692,0.7338966,0.19710252
belebele_sna_693,0.7163239,1.5429639
belebele_sna_694,0.80522317,-0.77776045
belebele_sna_695,0.73943514,0.6612007
belebele_sna_696,0.7642891,-0.2684724
belebele_sna_697,0.7642891,-0.2684724
belebele_sna_698,0.80522317,-0.77776045
belebele_sna_699,0.7642891,-0.2684724
belebele_sna_7,0.80522317,-0.77776045
belebele_sna_70,0.80522317,-0.77776045
belebele_sna_700,0.7241757,-0.28113684
belebele_sna_701,0.80522317,-0.77776045
belebele_sna_702,0.7642891,-0.2684724
belebele_sna_703,0.7642891,-0.2684724
belebele_sna_704,0.73943514,0.6612007
belebele_sna_705,0.7293594,-0.27954894
belebele_sna_706,0.80522317,-0.77776045
belebele_sna_707,0.80522317,-0.77776045
belebele_sna_708,0.7163239,1.5429639
belebele_sna_709,0.69447774,0.17480274
belebele_sna_71,0.7013139,0.63199866
belebele_sna_710,0.69161004,-0.29073063
belebele_sna_711,0.7293594,-0.27954894
belebele_sna_712,0.80522317,-0.77776045
belebele_sna_713,0.7642891,-0.2684724
belebele_sna_714,0.73943514,0.6612007
belebele_sna_715,0.69161004,-0.29073063
belebele_sna_716,0.80522317,-0.77776045
belebele_sna_717,0.6959062,0.62772906
belebele_sna_718,0.7338966,0.19710252
belebele_sna_719,0.7477486,1.1223401
belebele_sna_72,0.7241757,-0.28113684
belebele_sna_720,0.7293594,-0.27954894
belebele_sna_721,0.6933035,0.1741344
belebele_sna_722,0.80522317,-0.77776045
belebele_sna_723,0.7642891,-0.2684724
belebele_sna_724,0.7241757,-0.28113684
belebele_sna_725,0.80522317,-0.77776045
belebele_sna_726,0.7642891,-0.2684724
belebele_sna_727,0.7642891,-0.2684724
belebele_sna_728,0.7163239,1.5429639
belebele_sna_729,0.63821864,1.012501
belebele_sna_73,0.80522317,-0.77776045
belebele_sna_730,0.6054193,0.55167013
belebele_sna_731,0.80522317,-0.77776045
belebele_sna_732,0.80522317,-0.77776045
belebele_sna_733,0.80522317,-0.77776045
belebele_sna_734,0.73943514,0.6612007
belebele_sna_735,0.7642891,-0.2684724
belebele_sna_736,0.73943514,0.6612007
belebele_sna_737,0.7338966,0.19710252
belebele_sna_738,0.7642891,-0.2684724
belebele_sna_739,0.80522317,-0.77776045
belebele_sna_74,0.7293594,-0.27954894
belebele_sna_740,0.80522317,-0.77776045
belebele_sna_741,0.7477486,1.1223401
belebele_sna_742,0.80522317,-0.77776045
belebele_sna_743,0.7163239,1.5429639
belebele_sna_744,0.7642891,-0.2684724
belebele_sna_745,0.7642891,-0.2684724
belebele_sna_746,0.80522317,-0.77776045
belebele_sna_747,0.80522317,-0.77776045
belebele_sna_748,0.7282954,0.19395256
belebele_sna_749,0.69161004,-0.29073063
belebele_sna_75,0.7013139,0.63199866
belebele_sna_750,0.69447774,0.17480274
belebele_sna_751,0.7013139,0.63199866
belebele_sna_752,0.7642891,-0.2684724
belebele_sna_753,0.7282954,0.19395256
belebele_sna_754,0.80522317,-0.77776045
belebele_sna_755,0.6044916,0.55084634
belebele_sna_756,0.7642891,-0.2684724
belebele_sna_757,0.7338966,0.19710252
belebele_sna_758,0.7642891,-0.2684724
belebele_sna_759,0.80522317,-0.77776045
belebele_sna_76,0.80522317,-0.77776045
belebele_sna_760,0.6933035,0.1741344
belebele_sna_761,0.7241757,-0.28113684
belebele_sna_762,0.7642891,-0.2684724
belebele_sna_763,0.7293594,-0.27954894
belebele_sna_764,0.80522317,-0.77776045
belebele_sna_765,0.80522317,-0.77776045
belebele_sna_766,0.7477486,1.1223401
belebele_sna_767,0.7642891,-0.2684724
belebele_sna_768,0.69161004,-0.29073063
belebele_sna_769,0.80522317,-0.77776045
belebele_sna_77,0.69161004,-0.29073063
belebele_sna_770,0.80522317,-0.77776045
belebele_sna_771,0.7163239,1.5429639
belebele_sna_772,0.633549,1.0072805
belebele_sna_773,0.7282954,0.19395256
belebele_sna_774,0.633549,1.0072805
belebele_sna_775,0.80522317,-0.77776045
belebele_sna_776,0.7642891,-0.2684724
belebele_sna_777,0.69161004,-0.29073063
belebele_sna_778,0.7163239,1.5429639
belebele_sna_779,0.80522317,-0.77776045
belebele_sna_78,0.80522317,-0.77776045
belebele_sna_780,0.80522317,-0.77776045
belebele_sna_781,0.69447774,0.17480274
belebele_sna_782,0.7642891,-0.2684724
belebele_sna_783,0.80522317,-0.77776045
belebele_sna_784,0.80522317,-0.77776045
belebele_sna_785,0.80522317,-0.77776045
belebele_sna_786,0.7293594,-0.27954894
belebele_sna_787,0.6054193,0.55167013
belebele_sna_788,0.6710693,1.0479506
belebele_sna_789,0.80522317,-0.77776045
belebele_sna_79,0.5802779,0.10954206
belebele_sna_790,0.73943514,0.6612007
belebele_sna_791,0.6044916,0.55084634
belebele_sna_792,0.80522317,-0.77776045
belebele_sna_793,0.7163239,1.5429639
belebele_sna_794,0.73943514,0.6612007
belebele_sna_795,0.73943514,0.6612007
belebele_sna_796,0.80522317,-0.77776045
belebele_sna_797,0.6710693,1.0479506
belebele_sna_798,0.6933035,0.1741344
belebele_sna_799,0.69161004,-0.29073063
belebele_sna_8,0.7642891,-0.2684724
belebele_sna_80,0.80522317,-0.77776045
belebele_sna_800,0.7477486,1.1223401
belebele_sna_801,0.66330975,0.60132694
belebele_sna_802,0.7293594,-0.27954894
belebele_sna_803,0.80522317,-0.77776045
belebele_sna_804,0.7241757,-0.28113684
belebele_sna_805,0.80522317,-0.77776045
belebele_sna_806,0.7282954,0.19395256
belebele_sna_807,0.73943514,0.6612007
belebele_sna_808,0.69161004,-0.29073063
belebele_sna_809,0.7642891,-0.2684724
belebele_sna_81,0.6933035,0.1741344
belebele_sna_810,0.80522317,-0.77776045
belebele_sna_811,0.7642891,-0.2684724
belebele_sna_812,0.80522317,-0.77776045
belebele_sna_813,0.7293594,-0.27954894
belebele_sna_814,0.6320794,0.574971
belebele_sna_815,0.80522317,-0.77776045
belebele_sna_816,0.80522317,-0.77776045
belebele_sna_817,0.7163239,1.5429639
belebele_sna_818,0.7642891,-0.2684724
belebele_sna_819,0.80522317,-0.77776045
belebele_sna_82,0.7642891,-0.2684724
belebele_sna_820,0.6078216,0.12522739
belebele_sna_821,0.73943514,0.6612007
belebele_sna_822,0.576663,0.5257382
belebele_sna_823,0.69161004,-0.29073063
belebele_sna_824,0.80522317,-0.77776045
belebele_sna_825,0.80522317,-0.77776045
belebele_sna_826,0.6710693,1.0479506
belebele_sna_827,0.80522317,-0.77776045
belebele_sna_828,0.80522317,-0.77776045
belebele_sna_829,0.7163239,1.5429639
belebele_sna_83,0.7163239,1.5429639
belebele_sna_830,0.80522317,-0.77776045
belebele_sna_831,0.7282954,0.19395256
belebele_sna_832,0.7338966,0.19710252
belebele_sna_833,0.73943514,0.6612007
belebele_sna_834,0.7338966,0.19710252
belebele_sna_835,0.73943514,0.6612007
belebele_sna_836,0.7642891,-0.2684724
belebele_sna_837,0.80522317,-0.77776045
belebele_sna_838,0.7642891,-0.2684724
belebele_sna_839,0.7338966,0.19710252
belebele_sna_84,0.80522317,-0.77776045
belebele_sna_840,0.7163239,1.5429639
belebele_sna_841,0.80522317,-0.77776045
belebele_sna_842,0.7293594,-0.27954894
belebele_sna_843,0.80522317,-0.77776045
belebele_sna_844,0.633549,1.0072805
belebele_sna_845,0.80522317,-0.77776045
belebele_sna_846,0.7163239,1.5429639
belebele_sna_847,0.7642891,-0.2684724
belebele_sna_848,0.7642891,-0.2684724
belebele_sna_849,0.7163239,1.5429639
belebele_sna_85,0.6348883,-0.3055597
belebele_sna_850,0.80522317,-0.77776045
belebele_sna_851,0.7338966,0.19710252
belebele_sna_852,0.7163239,1.5429639
belebele_sna_853,0.60534966,0.97477794
belebele_sna_854,0.73943514,0.6612007
belebele_sna_855,0.66330975,0.60132694
belebele_sna_856,0.633549,1.0072805
belebele_sna_857,0.73943514,0.6612007
belebele_sna_858,0.6933035,0.1741344
belebele_sna_859,0.66330975,0.60132694
belebele_sna_86,0.80522317,-0.77776045
belebele_sna_860,0.7163239,1.5429639
belebele_sna_861,0.6626997,0.1566573
belebele_sna_862,0.7293594,-0.27954894
belebele_sna_863,0.80522317,-0.77776045
belebele_sna_864,0.80522317,-0.77776045
belebele_sna_865,0.7642891,-0.2684724
belebele_sna_866,0.69161004,-0.29073063
belebele_sna_867,0.7642891,-0.2684724
belebele_sna_868,0.69447774,0.17480274
belebele_sna_869,0.7163239,1.5429639
belebele_sna_87,0.6710693,1.0479506
belebele_sna_870,0.80522317,-0.77776045
belebele_sna_871,0.7282954,0.19395256
belebele_sna_872,0.6054193,0.55167013
belebele_sna_873,0.7642891,-0.2684724
belebele_sna_874,0.69161004,-0.29073063
belebele_sna_875,0.6933035,0.1741344
belebele_sna_876,0.6933035,0.1741344
belebele_sna_877,0.7642891,-0.2684724
belebele_sna_878,0.7163239,1.5429639
belebele_sna_879,0.6933035,0.1741344
belebele_sna_88,0.80522317,-0.77776045
belebele_sna_880,0.7642891,-0.2684724
belebele_sna_881,0.7013139,0.63199866
belebele_sna_882,0.80522317,-0.77776045
belebele_sna_883,0.7163239,1.5429639
belebele_sna_884,0.80522317,-0.77776045
belebele_sna_885,0.7642891,-0.2684724
belebele_sna_886,0.80522317,-0.77776045
belebele_sna_887,0.7338966,0.19710252
belebele_sna_888,0.7642891,-0.2684724
belebele_sna_889,0.7241757,-0.28113684
belebele_sna_89,0.60404813,0.12307197
belebele_sna_890,0.6959062,0.62772906
belebele_sna_891,0.80522317,-0.77776045
belebele_sna_892,0.7477486,1.1223401
belebele_sna_893,0.6054193,0.55167013
belebele_sna_894,0.7163239,1.5429639
belebele_sna_895,0.5802621,0.5290278
belebele_sna_896,0.7163239,1.5429639
belebele_sna_897,0.6626997,0.1566573
belebele_sna_898,0.7013139,0.63199866
belebele_sna_899,0.7013139,0.63199866
belebele_sna_9,0.7642891,-0.2684724
belebele_sna_90,0.7163239,1.5429639
belebele_sna_91,0.80522317,-0.77776045
belebele_sna_92,0.7293594,-0.27954894
belebele_sna_93,0.80522317,-0.77776045
belebele_sna_94,0.80522317,-0.77776045
belebele_sna_95,0.65816486,0.15406066
belebele_sna_96,0.6054193,0.55167013
belebele_sna_97,0.69161004,-0.29073063
belebele_sna_98,0.7642891,-0.2684724
belebele_sna_99,0.80522317,-0.77776045
belebele_sot_0,0.80522317,-0.77776045
belebele_sot_1,0.80522317,-0.77776045
belebele_sot_10,0.7338966,0.19710252
belebele_sot_100,0.7338966,0.19710252
belebele_sot_101,0.80522317,-0.77776045
belebele_sot_102,0.7241757,-0.28113684
belebele_sot_103,0.80522317,-0.77776045
belebele_sot_104,0.80522317,-0.77776045
belebele_sot_105,0.80522317,-0.77776045
belebele_sot_106,0.7642891,-0.2684724
belebele_sot_107,0.80522317,-0.77776045
belebele_sot_108,0.80522317,-0.77776045
belebele_sot_109,0.80522317,-0.77776045
belebele_sot_11,0.80522317,-0.77776045
belebele_sot_110,0.80522317,-0.77776045
belebele_sot_111,0.80522317,-0.77776045
belebele_sot_112,0.7282954,0.19395256
belebele_sot_113,0.7338966,0.19710252
belebele_sot_114,0.69161004,-0.29073063
belebele_sot_115,0.7477486,1.1223401
belebele_sot_116,0.7013139,0.63199866
belebele_sot_117,0.69447774,0.17480274
belebele_sot_118,0.80522317,-0.77776045
belebele_sot_119,0.80522317,-0.77776045
belebele_sot_12,0.7642891,-0.2684724
belebele_sot_120,0.7293594,-0.27954894
belebele_sot_121,0.7282954,0.19395256
belebele_sot_122,0.7163239,1.5429639
belebele_sot_123,0.7241757,-0.28113684
belebele_sot_124,0.80522317,-0.77776045
belebele_sot_125,0.80522317,-0.77776045
belebele_sot_126,0.80522317,-0.77776045
belebele_sot_127,0.7293594,-0.27954894
belebele_sot_128,0.6933035,0.1741344
belebele_sot_129,0.80522317,-0.77776045
belebele_sot_13,0.7293594,-0.27954894
belebele_sot_130,0.80522317,-0.77776045
belebele_sot_131,0.80522317,-0.77776045
belebele_sot_132,0.6933035,0.1741344
belebele_sot_133,0.6933035,0.1741344
belebele_sot_134,0.69161004,-0.29073063
belebele_sot_135,0.69161004,-0.29073063
belebele_sot_136,0.7477486,1.1223401
belebele_sot_137,0.7241757,-0.28113684
belebele_sot_138,0.80522317,-0.77776045
belebele_sot_139,0.80522317,-0.77776045
belebele_sot_14,0.7013139,0.63199866
belebele_sot_140,0.633549,1.0072805
belebele_sot_141,0.7338966,0.19710252
belebele_sot_142,0.80522317,-0.77776045
belebele_sot_143,0.6933035,0.1741344
belebele_sot_144,0.80522317,-0.77776045
belebele_sot_145,0.576663,0.5257382
belebele_sot_146,0.7642891,-0.2684724
belebele_sot_147,0.7642891,-0.2684724
belebele_sot_148,0.7477486,1.1223401
belebele_sot_149,0.7642891,-0.2684724
belebele_sot_15,0.7642891,-0.2684724
belebele_sot_150,0.80522317,-0.77776045
belebele_sot_151,0.7338966,0.19710252
belebele_sot_152,0.6710693,1.0479506
belebele_sot_153,0.69447774,0.17480274
belebele_sot_154,0.7293594,-0.27954894
belebele_sot_155,0.6626997,0.1566573
belebele_sot_156,0.80522317,-0.77776045
belebele_sot_157,0.7338966,0.19710252
belebele_sot_158,0.80522317,-0.77776045
belebele_sot_159,0.69161004,-0.29073063
belebele_sot_16,0.7293594,-0.27954894
belebele_sot_160,0.7477486,1.1223401
belebele_sot_161,0.7477486,1.1223401
belebele_sot_162,0.80522317,-0.77776045
belebele_sot_163,0.7013139,0.63199866
belebele_sot_164,0.6933035,0.1741344
belebele_sot_165,0.73943514,0.6612007
belebele_sot_166,0.80522317,-0.77776045
belebele_sot_167,0.6044916,0.55084634
belebele_sot_168,0.7338966,0.19710252
belebele_sot_169,0.66330975,0.60132694
belebele_sot_17,0.6959062,0.62772906
belebele_sot_170,0.80522317,-0.77776045
belebele_sot_171,0.65816486,0.15406066
belebele_sot_172,0.80522317,-0.77776045
belebele_sot_173,0.7338966,0.19710252
belebele_sot_174,0.69447774,0.17480274
belebele_sot_175,0.7477486,1.1223401
belebele_sot_176,0.80522317,-0.77776045
belebele_sot_177,0.69161004,-0.29073063
belebele_sot_178,0.6959062,0.62772906
belebele_sot_179,0.80522317,-0.77776045
belebele_sot_18,0.7013139,0.63199866
belebele_sot_180,0.7163239,1.5429639
belebele_sot_181,0.80522317,-0.77776045
belebele_sot_182,0.80522317,-0.77776045
belebele_sot_183,0.80522317,-0.77776045
belebele_sot_184,0.63821864,1.012501
belebele_sot_185,0.6959062,0.62772906
belebele_sot_186,0.66330975,0.60132694
belebele_sot_187,0.7163239,1.5429639
belebele_sot_188,0.7163239,1.5429639
belebele_sot_189,0.80522317,-0.77776045
belebele_sot_19,0.7477486,1.1223401
belebele_sot_190,0.7642891,-0.2684724
belebele_sot_191,0.7293594,-0.27954894
belebele_sot_192,0.7642891,-0.2684724
belebele_sot_193,0.80522317,-0.77776045
belebele_sot_194,0.73943514,0.6612007
belebele_sot_195,0.80522317,-0.77776045
belebele_sot_196,0.80522317,-0.77776045
belebele_sot_197,0.5802621,0.5290278
belebele_sot_198,0.80522317,-0.77776045
belebele_sot_199,0.69447774,0.17480274
belebele_sot_2,0.7163239,1.5429639
belebele_sot_20,0.80522317,-0.77776045
belebele_sot_200,0.80522317,-0.77776045
belebele_sot_201,0.7293594,-0.27954894
belebele_sot_202,0.6933035,0.1741344
belebele_sot_203,0.7163239,1.5429639
belebele_sot_204,0.69447774,0.17480274
belebele_sot_205,0.6959062,0.62772906
belebele_sot_206,0.80522317,-0.77776045
belebele_sot_207,0.7642891,-0.2684724
belebele_sot_208,0.7338966,0.19710252
belebele_sot_209,0.6933035,0.1741344
belebele_sot_21,0.66330975,0.60132694
belebele_sot_210,0.7642891,-0.2684724
belebele_sot_211,0.6933035,0.1741344
belebele_sot_212,0.63318455,0.13974576
belebele_sot_213,0.7013139,0.63199866
belebele_sot_214,0.80522317,-0.77776045
belebele_sot_215,0.7477486,1.1223401
belebele_sot_216,0.7241757,-0.28113684
belebele_sot_217,0.7163239,1.5429639
belebele_sot_218,0.6933035,0.1741344
belebele_sot_219,0.7241757,-0.28113684
belebele_sot_22,0.69161004,-0.29073063
belebele_sot_220,0.7338966,0.19710252
belebele_sot_221,0.80522317,-0.77776045
belebele_sot_222,0.7477486,1.1223401
belebele_sot_223,0.7013139,0.63199866
belebele_sot_224,0.7013139,0.63199866
belebele_sot_225,0.7013139,0.63199866
belebele_sot_226,0.6959062,0.62772906
belebele_sot_227,0.6044916,0.55084634
belebele_sot_228,0.80522317,-0.77776045
belebele_sot_229,0.6364851,0.5787512
belebele_sot_23,0.7642891,-0.2684724
belebele_sot_230,0.7477486,1.1223401
belebele_sot_231,0.80522317,-0.77776045
belebele_sot_232,0.80522317,-0.77776045
belebele_sot_233,0.80522317,-0.77776045
belebele_sot_234,0.80522317,-0.77776045
belebele_sot_235,0.7642891,-0.2684724
belebele_sot_236,0.6933035,0.1741344
belebele_sot_237,0.69161004,-0.29073063
belebele_sot_238,0.5802779,0.10954206
belebele_sot_239,0.6959062,0.62772906
belebele_sot_24,0.60404813,0.12307197
belebele_sot_240,0.7338966,0.19710252
belebele_sot_241,0.6933035,0.1741344
belebele_sot_242,0.63821864,1.012501
belebele_sot_243,0.633549,1.0072805
belebele_sot_244,0.80522317,-0.77776045
belebele_sot_245,0.80522317,-0.77776045
belebele_sot_246,0.7013139,0.63199866
belebele_sot_247,0.69161004,-0.29073063
belebele_sot_248,0.69447774,0.17480274
belebele_sot_249,0.7338966,0.19710252
belebele_sot_25,0.7013139,0.63199866
belebele_sot_250,0.7642891,-0.2684724
belebele_sot_251,0.7282954,0.19395256
belebele_sot_252,0.7013139,0.63199866
belebele_sot_253,0.6348883,-0.3055597
belebele_sot_254,0.6933035,0.1741344
belebele_sot_255,0.80522317,-0.77776045
belebele_sot_256,0.80522317,-0.77776045
belebele_sot_257,0.7163239,1.5429639
belebele_sot_258,0.73943514,0.6612007
belebele_sot_259,0.80522317,-0.77776045
belebele_sot_26,0.80522317,-0.77776045
belebele_sot_260,0.80522317,-0.77776045
belebele_sot_261,0.6959062,0.62772906
belebele_sot_262,0.7293594,-0.27954894
belebele_sot_263,0.7293594,-0.27954894
belebele_sot_264,0.73943514,0.6612007
belebele_sot_265,0.73943514,0.6612007
belebele_sot_266,0.80522317,-0.77776045
belebele_sot_267,0.7642891,-0.2684724
belebele_sot_268,0.6044916,0.55084634
belebele_sot_269,0.6933035,0.1741344
belebele_sot_27,0.7338966,0.19710252
belebele_sot_270,0.7293594,-0.27954894
belebele_sot_271,0.80522317,-0.77776045
belebele_sot_272,0.80522317,-0.77776045
belebele_sot_273,0.7642891,-0.2684724
belebele_sot_274,0.7642891,-0.2684724
belebele_sot_275,0.7282954,0.19395256
belebele_sot_276,0.7642891,-0.2684724
belebele_sot_277,0.6710693,1.0479506
belebele_sot_278,0.80522317,-0.77776045
belebele_sot_279,0.7282954,0.19395256
belebele_sot_28,0.7338966,0.19710252
belebele_sot_280,0.6933035,0.1741344
belebele_sot_281,0.80522317,-0.77776045
belebele_sot_282,0.7642891,-0.2684724
belebele_sot_283,0.7241757,-0.28113684
belebele_sot_284,0.69161004,-0.29073063
belebele_sot_285,0.60534966,0.97477794
belebele_sot_286,0.7642891,-0.2684724
belebele_sot_287,0.7282954,0.19395256
belebele_sot_288,0.66330975,0.60132694
belebele_sot_289,0.6933035,0.1741344
belebele_sot_29,0.6933035,0.1741344
belebele_sot_290,0.73943514,0.6612007
belebele_sot_291,0.7282954,0.19395256
belebele_sot_292,0.6933035,0.1741344
belebele_sot_293,0.6044916,0.55084634
belebele_sot_294,0.6959062,0.62772906
belebele_sot_295,0.80522317,-0.77776045
belebele_sot_296,0.7013139,0.63199866
belebele_sot_297,0.80522317,-0.77776045
belebele_sot_298,0.6933035,0.1741344
belebele_sot_299,0.7293594,-0.27954894
belebele_sot_3,0.80522317,-0.77776045
belebele_sot_30,0.7163239,1.5429639
belebele_sot_300,0.7642891,-0.2684724
belebele_sot_301,0.7477486,1.1223401
belebele_sot_302,0.80522317,-0.77776045
belebele_sot_303,0.7293594,-0.27954894
belebele_sot_304,0.7477486,1.1223401
belebele_sot_305,0.80522317,-0.77776045
belebele_sot_306,0.80522317,-0.77776045
belebele_sot_307,0.7642891,-0.2684724
belebele_sot_308,0.80522317,-0.77776045
belebele_sot_309,0.7477486,1.1223401
belebele_sot_31,0.69161004,-0.29073063
belebele_sot_310,0.6710693,1.0479506
belebele_sot_311,0.80522317,-0.77776045
belebele_sot_312,0.7477486,1.1223401
belebele_sot_313,0.7642891,-0.2684724
belebele_sot_314,0.80522317,-0.77776045
belebele_sot_315,0.63821864,1.012501
belebele_sot_316,0.7642891,-0.2684724
belebele_sot_317,0.80522317,-0.77776045
belebele_sot_318,0.7642891,-0.2684724
belebele_sot_319,0.7477486,1.1223401
belebele_sot_32,0.7013139,0.63199866
belebele_sot_320,0.7642891,-0.2684724
belebele_sot_321,0.80522317,-0.77776045
belebele_sot_322,0.7293594,-0.27954894
belebele_sot_323,0.7241757,-0.28113684
belebele_sot_324,0.80522317,-0.77776045
belebele_sot_325,0.60404813,0.12307197
belebele_sot_326,0.7013139,0.63199866
belebele_sot_327,0.7642891,-0.2684724
belebele_sot_328,0.7642891,-0.2684724
belebele_sot_329,0.7163239,1.5429639
belebele_sot_33,0.7338966,0.19710252
belebele_sot_330,0.7163239,1.5429639
belebele_sot_331,0.6364851,0.5787512
belebele_sot_332,0.69161004,-0.29073063
belebele_sot_333,0.7477486,1.1223401
belebele_sot_334,0.7338966,0.19710252
belebele_sot_335,0.80522317,-0.77776045
belebele_sot_336,0.80522317,-0.77776045
belebele_sot_337,0.80522317,-0.77776045
belebele_sot_338,0.80522317,-0.77776045
belebele_sot_339,0.65816486,0.15406066
belebele_sot_34,0.80522317,-0.77776045
belebele_sot_340,0.6044916,0.55084634
belebele_sot_341,0.7282954,0.19395256
belebele_sot_342,0.7338966,0.19710252
belebele_sot_343,0.7642891,-0.2684724
belebele_sot_344,0.7013139,0.63199866
belebele_sot_345,0.7163239,1.5429639
belebele_sot_346,0.60534966,0.97477794
belebele_sot_347,0.63821864,1.012501
belebele_sot_348,0.7163239,1.5429639
belebele_sot_349,0.69447774,0.17480274
belebele_sot_35,0.7642891,-0.2684724
belebele_sot_350,0.69447774,0.17480274
belebele_sot_351,0.6933035,0.1741344
belebele_sot_352,0.80522317,-0.77776045
belebele_sot_353,0.7163239,1.5429639
belebele_sot_354,0.60404813,0.12307197
belebele_sot_355,0.69161004,-0.29073063
belebele_sot_356,0.6933035,0.1741344
belebele_sot_357,0.80522317,-0.77776045
belebele_sot_358,0.6933035,0.1741344
belebele_sot_359,0.7241757,-0.28113684
belebele_sot_36,0.7013139,0.63199866
belebele_sot_360,0.7241757,-0.28113684
belebele_sot_361,0.7642891,-0.2684724
belebele_sot_362,0.69161004,-0.29073063
belebele_sot_363,0.80522317,-0.77776045
belebele_sot_364,0.633549,1.0072805
belebele_sot_365,0.7642891,-0.2684724
belebele_sot_366,0.6364851,0.5787512
belebele_sot_367,0.6959062,0.62772906
belebele_sot_368,0.69161004,-0.29073063
belebele_sot_369,0.7163239,1.5429639
belebele_sot_37,0.80522317,-0.77776045
belebele_sot_370,0.6933035,0.1741344
belebele_sot_371,0.7642891,-0.2684724
belebele_sot_372,0.6933035,0.1741344
belebele_sot_373,0.69161004,-0.29073063
belebele_sot_374,0.69161004,-0.29073063
belebele_sot_375,0.6044916,0.55084634
belebele_sot_376,0.69161004,-0.29073063
belebele_sot_377,0.7477486,1.1223401
belebele_sot_378,0.80522317,-0.77776045
belebele_sot_379,0.80522317,-0.77776045
belebele_sot_38,0.73943514,0.6612007
belebele_sot_380,0.80522317,-0.77776045
belebele_sot_381,0.7338966,0.19710252
belebele_sot_382,0.80522317,-0.77776045
belebele_sot_383,0.80522317,-0.77776045
belebele_sot_384,0.6959062,0.62772906
belebele_sot_385,0.63821864,1.012501
belebele_sot_386,0.7642891,-0.2684724
belebele_sot_387,0.69447774,0.17480274
belebele_sot_388,0.80522317,-0.77776045
belebele_sot_389,0.73943514,0.6612007
belebele_sot_39,0.80522317,-0.77776045
belebele_sot_390,0.7338966,0.19710252
belebele_sot_391,0.7163239,1.5429639
belebele_sot_392,0.7163239,1.5429639
belebele_sot_393,0.73943514,0.6612007
belebele_sot_394,0.7163239,1.5429639
belebele_sot_395,0.7293594,-0.27954894
belebele_sot_396,0.7163239,1.5429639
belebele_sot_397,0.7477486,1.1223401
belebele_sot_398,0.80522317,-0.77776045
belebele_sot_399,0.80522317,-0.77776045
belebele_sot_4,0.80522317,-0.77776045
belebele_sot_40,0.80522317,-0.77776045
belebele_sot_400,0.6933035,0.1741344
belebele_sot_401,0.7338966,0.19710252
belebele_sot_402,0.73943514,0.6612007
belebele_sot_403,0.7477486,1.1223401
belebele_sot_404,0.7642891,-0.2684724
belebele_sot_405,0.6710693,1.0479506
belebele_sot_406,0.69447774,0.17480274
belebele_sot_407,0.7642891,-0.2684724
belebele_sot_408,0.7013139,0.63199866
belebele_sot_409,0.63821864,1.012501
belebele_sot_41,0.80522317,-0.77776045
belebele_sot_410,0.66330975,0.60132694
belebele_sot_411,0.80522317,-0.77776045
belebele_sot_412,0.80522317,-0.77776045
belebele_sot_413,0.7241757,-0.28113684
belebele_sot_414,0.7013139,0.63199866
belebele_sot_415,0.69447774,0.17480274
belebele_sot_416,0.6054193,0.55167013
belebele_sot_417,0.633549,1.0072805
belebele_sot_418,0.7163239,1.5429639
belebele_sot_419,0.69161004,-0.29073063
belebele_sot_42,0.6933035,0.1741344
belebele_sot_420,0.7338966,0.19710252
belebele_sot_421,0.80522317,-0.77776045
belebele_sot_422,0.73943514,0.6612007
belebele_sot_423,0.80522317,-0.77776045
belebele_sot_424,0.6933035,0.1741344
belebele_sot_425,0.69447774,0.17480274
belebele_sot_426,0.80522317,-0.77776045
belebele_sot_427,0.7477486,1.1223401
belebele_sot_428,0.7642891,-0.2684724
belebele_sot_429,0.7163239,1.5429639
belebele_sot_43,0.73943514,0.6612007
belebele_sot_430,0.66330975,0.60132694
belebele_sot_431,0.7163239,1.5429639
belebele_sot_432,0.60534966,0.97477794
belebele_sot_433,0.7241757,-0.28113684
belebele_sot_434,0.7241757,-0.28113684
belebele_sot_435,0.73943514,0.6612007
belebele_sot_436,0.6959062,0.62772906
belebele_sot_437,0.63821864,1.012501
belebele_sot_438,0.63821864,1.012501
belebele_sot_439,0.69161004,-0.29073063
belebele_sot_44,0.7282954,0.19395256
belebele_sot_440,0.6044916,0.55084634
belebele_sot_441,0.69447774,0.17480274
belebele_sot_442,0.7338966,0.19710252
belebele_sot_443,0.7013139,0.63199866
belebele_sot_444,0.73943514,0.6612007
belebele_sot_445,0.80522317,-0.77776045
belebele_sot_446,0.7477486,1.1223401
belebele_sot_447,0.80522317,-0.77776045
belebele_sot_448,0.7241757,-0.28113684
belebele_sot_449,0.7338966,0.19710252
belebele_sot_45,0.80522317,-0.77776045
belebele_sot_450,0.80522317,-0.77776045
belebele_sot_451,0.80522317,-0.77776045
belebele_sot_452,0.7338966,0.19710252
belebele_sot_453,0.6959062,0.62772906
belebele_sot_454,0.7642891,-0.2684724
belebele_sot_455,0.6348883,-0.3055597
belebele_sot_456,0.7293594,-0.27954894
belebele_sot_457,0.7241757,-0.28113684
belebele_sot_458,0.7642891,-0.2684724
belebele_sot_459,0.7642891,-0.2684724
belebele_sot_46,0.6933035,0.1741344
belebele_sot_460,0.80522317,-0.77776045
belebele_sot_461,0.7241757,-0.28113684
belebele_sot_462,0.69447774,0.17480274
belebele_sot_463,0.7013139,0.63199866
belebele_sot_464,0.7338966,0.19710252
belebele_sot_465,0.7293594,-0.27954894
belebele_sot_466,0.80522317,-0.77776045
belebele_sot_467,0.7477486,1.1223401
belebele_sot_468,0.6933035,0.1741344
belebele_sot_469,0.7642891,-0.2684724
belebele_sot_47,0.7642891,-0.2684724
belebele_sot_470,0.80522317,-0.77776045
belebele_sot_471,0.69447774,0.17480274
belebele_sot_472,0.63318455,0.13974576
belebele_sot_473,0.6959062,0.62772906
belebele_sot_474,0.7477486,1.1223401
belebele_sot_475,0.7642891,-0.2684724
belebele_sot_476,0.7241757,-0.28113684
belebele_sot_477,0.7293594,-0.27954894
belebele_sot_478,0.7477486,1.1223401
belebele_sot_479,0.5802621,0.5290278
belebele_sot_48,0.69161004,-0.29073063
belebele_sot_480,0.6626997,0.1566573
belebele_sot_481,0.80522317,-0.77776045
belebele_sot_482,0.7163239,1.5429639
belebele_sot_483,0.80522317,-0.77776045
belebele_sot_484,0.7293594,-0.27954894
belebele_sot_485,0.7282954,0.19395256
belebele_sot_486,0.80522317,-0.77776045
belebele_sot_487,0.7013139,0.63199866
belebele_sot_488,0.7241757,-0.28113684
belebele_sot_489,0.73943514,0.6612007
belebele_sot_49,0.7013139,0.63199866
belebele_sot_490,0.7241757,-0.28113684
belebele_sot_491,0.80522317,-0.77776045
belebele_sot_492,0.7642891,-0.2684724
belebele_sot_493,0.65816486,0.15406066
belebele_sot_494,0.80522317,-0.77776045
belebele_sot_495,0.7338966,0.19710252
belebele_sot_496,0.7477486,1.1223401
belebele_sot_497,0.69161004,-0.29073063
belebele_sot_498,0.80522317,-0.77776045
belebele_sot_499,0.7163239,1.5429639
belebele_sot_5,0.80522317,-0.77776045
belebele_sot_50,0.6959062,0.62772906
belebele_sot_500,0.7477486,1.1223401
belebele_sot_501,0.6933035,0.1741344
belebele_sot_502,0.6054193,0.55167013
belebele_sot_503,0.7642891,-0.2684724
belebele_sot_504,0.7013139,0.63199866
belebele_sot_505,0.66330975,0.60132694
belebele_sot_506,0.7477486,1.1223401
belebele_sot_507,0.7293594,-0.27954894
belebele_sot_508,0.69447774,0.17480274
belebele_sot_509,0.80522317,-0.77776045
belebele_sot_51,0.80522317,-0.77776045
belebele_sot_510,0.7293594,-0.27954894
belebele_sot_511,0.7642891,-0.2684724
belebele_sot_512,0.80522317,-0.77776045
belebele_sot_513,0.80522317,-0.77776045
belebele_sot_514,0.7642891,-0.2684724
belebele_sot_515,0.576663,0.5257382
belebele_sot_516,0.7282954,0.19395256
belebele_sot_517,0.7241757,-0.28113684
belebele_sot_518,0.7642891,-0.2684724
belebele_sot_519,0.6933035,0.1741344
belebele_sot_52,0.80522317,-0.77776045
belebele_sot_520,0.80522317,-0.77776045
belebele_sot_521,0.6933035,0.1741344
belebele_sot_522,0.633549,1.0072805
belebele_sot_523,0.7241757,-0.28113684
belebele_sot_524,0.69161004,-0.29073063
belebele_sot_525,0.69447774,0.17480274
belebele_sot_526,0.7241757,-0.28113684
belebele_sot_527,0.7642891,-0.2684724
belebele_sot_528,0.7642891,-0.2684724
belebele_sot_529,0.80522317,-0.77776045
belebele_sot_53,0.7241757,-0.28113684
belebele_sot_530,0.73943514,0.6612007
belebele_sot_531,0.6348883,-0.3055597
belebele_sot_532,0.73943514,0.6612007
belebele_sot_533,0.6710693,1.0479506
belebele_sot_534,0.73943514,0.6612007
belebele_sot_535,0.7013139,0.63199866
belebele_sot_536,0.7477486,1.1223401
belebele_sot_537,0.7642891,-0.2684724
belebele_sot_538,0.73943514,0.6612007
belebele_sot_539,0.80522317,-0.77776045
belebele_sot_54,0.6959062,0.62772906
belebele_sot_540,0.7642891,-0.2684724
belebele_sot_541,0.80522317,-0.77776045
belebele_sot_542,0.80522317,-0.77776045
belebele_sot_543,0.73943514,0.6612007
belebele_sot_544,0.80522317,-0.77776045
belebele_sot_545,0.6044916,0.55084634
belebele_sot_546,0.7642891,-0.2684724
belebele_sot_547,0.7163239,1.5429639
belebele_sot_548,0.6933035,0.1741344
belebele_sot_549,0.7338966,0.19710252
belebele_sot_55,0.69161004,-0.29073063
belebele_sot_550,0.7163239,1.5429639
belebele_sot_551,0.69447774,0.17480274
belebele_sot_552,0.7477486,1.1223401
belebele_sot_553,0.7477486,1.1223401
belebele_sot_554,0.6626997,0.1566573
belebele_sot_555,0.7013139,0.63199866
belebele_sot_556,0.69447774,0.17480274
belebele_sot_557,0.7282954,0.19395256
belebele_sot_558,0.73943514,0.6612007
belebele_sot_559,0.6044916,0.55084634
belebele_sot_56,0.80522317,-0.77776045
belebele_sot_560,0.73943514,0.6612007
belebele_sot_561,0.7338966,0.19710252
belebele_sot_562,0.7642891,-0.2684724
belebele_sot_563,0.6626997,0.1566573
belebele_sot_564,0.7642891,-0.2684724
belebele_sot_565,0.80522317,-0.77776045
belebele_sot_566,0.7642891,-0.2684724
belebele_sot_567,0.6348883,-0.3055597
belebele_sot_568,0.6044916,0.55084634
belebele_sot_569,0.7642891,-0.2684724
belebele_sot_57,0.69447774,0.17480274
belebele_sot_570,0.7477486,1.1223401
belebele_sot_571,0.6933035,0.1741344
belebele_sot_572,0.69447774,0.17480274
belebele_sot_573,0.7241757,-0.28113684
belebele_sot_574,0.7293594,-0.27954894
belebele_sot_575,0.7477486,1.1223401
belebele_sot_576,0.7013139,0.63199866
belebele_sot_577,0.7642891,-0.2684724
belebele_sot_578,0.7642891,-0.2684724
belebele_sot_579,0.6933035,0.1741344
belebele_sot_58,0.6933035,0.1741344
belebele_sot_580,0.73943514,0.6612007
belebele_sot_581,0.7013139,0.63199866
belebele_sot_582,0.7163239,1.5429639
belebele_sot_583,0.80522317,-0.77776045
belebele_sot_584,0.7163239,1.5429639
belebele_sot_585,0.7293594,-0.27954894
belebele_sot_586,0.80522317,-0.77776045
belebele_sot_587,0.80522317,-0.77776045
belebele_sot_588,0.7163239,1.5429639
belebele_sot_589,0.7477486,1.1223401
belebele_sot_59,0.7163239,1.5429639
belebele_sot_590,0.69161004,-0.29073063
belebele_sot_591,0.7642891,-0.2684724
belebele_sot_592,0.80522317,-0.77776045
belebele_sot_593,0.7477486,1.1223401
belebele_sot_594,0.80522317,-0.77776045
belebele_sot_595,0.69161004,-0.29073063
belebele_sot_596,0.80522317,-0.77776045
belebele_sot_597,0.7163239,1.5429639
belebele_sot_598,0.6364851,0.5787512
belebele_sot_599,0.7642891,-0.2684724
belebele_sot_6,0.80522317,-0.77776045
belebele_sot_60,0.5802621,0.5290278
belebele_sot_600,0.7642891,-0.2684724
belebele_sot_601,0.7338966,0.19710252
belebele_sot_602,0.7163239,1.5429639
belebele_sot_603,0.7293594,-0.27954894
belebele_sot_604,0.7013139,0.63199866
belebele_sot_605,0.7241757,-0.28113684
belebele_sot_606,0.7013139,0.63199866
belebele_sot_607,0.7013139,0.63199866
belebele_sot_608,0.73943514,0.6612007
belebele_sot_609,0.7163239,1.5429639
belebele_sot_61,0.6933035,0.1741344
belebele_sot_610,0.63821864,1.012501
belebele_sot_611,0.7477486,1.1223401
belebele_sot_612,0.7642891,-0.2684724
belebele_sot_613,0.7477486,1.1223401
belebele_sot_614,0.7338966,0.19710252
belebele_sot_615,0.7642891,-0.2684724
belebele_sot_616,0.69161004,-0.29073063
belebele_sot_617,0.7013139,0.63199866
belebele_sot_618,0.6054193,0.55167013
belebele_sot_619,0.73943514,0.6612007
belebele_sot_62,0.7241757,-0.28113684
belebele_sot_620,0.7642891,-0.2684724
belebele_sot_621,0.7013139,0.63199866
belebele_sot_622,0.6933035,0.1741344
belebele_sot_623,0.80522317,-0.77776045
belebele_sot_624,0.80522317,-0.77776045
belebele_sot_625,0.6959062,0.62772906
belebele_sot_626,0.7477486,1.1223401
belebele_sot_627,0.7477486,1.1223401
belebele_sot_628,0.7013139,0.63199866
belebele_sot_629,0.73943514,0.6612007
belebele_sot_63,0.65816486,0.15406066
belebele_sot_630,0.6933035,0.1741344
belebele_sot_631,0.7241757,-0.28113684
belebele_sot_632,0.69161004,-0.29073063
belebele_sot_633,0.7163239,1.5429639
belebele_sot_634,0.80522317,-0.77776045
belebele_sot_635,0.6959062,0.62772906
belebele_sot_636,0.6933035,0.1741344
belebele_sot_637,0.73943514,0.6612007
belebele_sot_638,0.80522317,-0.77776045
belebele_sot_639,0.80522317,-0.77776045
belebele_sot_64,0.80522317,-0.77776045
belebele_sot_640,0.7477486,1.1223401
belebele_sot_641,0.7642891,-0.2684724
belebele_sot_642,0.7477486,1.1223401
belebele_sot_643,0.7338966,0.19710252
belebele_sot_644,0.63821864,1.012501
belebele_sot_645,0.80522317,-0.77776045
belebele_sot_646,0.80522317,-0.77776045
belebele_sot_647,0.7293594,-0.27954894
belebele_sot_648,0.7013139,0.63199866
belebele_sot_649,0.7293594,-0.27954894
belebele_sot_65,0.69447774,0.17480274
belebele_sot_650,0.80522317,-0.77776045
belebele_sot_651,0.80522317,-0.77776045
belebele_sot_652,0.60534966,0.97477794
belebele_sot_653,0.80522317,-0.77776045
belebele_sot_654,0.69161004,-0.29073063
belebele_sot_655,0.80522317,-0.77776045
belebele_sot_656,0.7293594,-0.27954894
belebele_sot_657,0.80522317,-0.77776045
belebele_sot_658,0.6078216,0.12522739
belebele_sot_659,0.7163239,1.5429639
belebele_sot_66,0.69161004,-0.29073063
belebele_sot_660,0.69447774,0.17480274
belebele_sot_661,0.7338966,0.19710252
belebele_sot_662,0.7293594,-0.27954894
belebele_sot_663,0.80522317,-0.77776045
belebele_sot_664,0.5802779,0.10954206
belebele_sot_665,0.7642891,-0.2684724
belebele_sot_666,0.73943514,0.6612007
belebele_sot_667,0.80522317,-0.77776045
belebele_sot_668,0.7163239,1.5429639
belebele_sot_669,0.80522317,-0.77776045
belebele_sot_67,0.7642891,-0.2684724
belebele_sot_670,0.6710693,1.0479506
belebele_sot_671,0.6933035,0.1741344
belebele_sot_672,0.6959062,0.62772906
belebele_sot_673,0.80522317,-0.77776045
belebele_sot_674,0.7241757,-0.28113684
belebele_sot_675,0.7642891,-0.2684724
belebele_sot_676,0.7241757,-0.28113684
belebele_sot_677,0.6044916,0.55084634
belebele_sot_678,0.69161004,-0.29073063
belebele_sot_679,0.7642891,-0.2684724
belebele_sot_68,0.7642891,-0.2684724
belebele_sot_680,0.7477486,1.1223401
belebele_sot_681,0.66330975,0.60132694
belebele_sot_682,0.7642891,-0.2684724
belebele_sot_683,0.63318455,0.13974576
belebele_sot_684,0.7642891,-0.2684724
belebele_sot_685,0.7163239,1.5429639
belebele_sot_686,0.7338966,0.19710252
belebele_sot_687,0.7642891,-0.2684724
belebele_sot_688,0.66330975,0.60132694
belebele_sot_689,0.7642891,-0.2684724
belebele_sot_69,0.7293594,-0.27954894
belebele_sot_690,0.6933035,0.1741344
belebele_sot_691,0.80522317,-0.77776045
belebele_sot_692,0.6710693,1.0479506
belebele_sot_693,0.6933035,0.1741344
belebele_sot_694,0.73943514,0.6612007
belebele_sot_695,0.69447774,0.17480274
belebele_sot_696,0.7013139,0.63199866
belebele_sot_697,0.63318455,0.13974576
belebele_sot_698,0.7013139,0.63199866
belebele_sot_699,0.80522317,-0.77776045
belebele_sot_7,0.65816486,0.15406066
belebele_sot_70,0.69447774,0.17480274
belebele_sot_700,0.80522317,-0.77776045
belebele_sot_701,0.80522317,-0.77776045
belebele_sot_702,0.576663,0.5257382
belebele_sot_703,0.6933035,0.1741344
belebele_sot_704,0.7642891,-0.2684724
belebele_sot_705,0.7477486,1.1223401
belebele_sot_706,0.73943514,0.6612007
belebele_sot_707,0.6933035,0.1741344
belebele_sot_708,0.80522317,-0.77776045
belebele_sot_709,0.80522317,-0.77776045
belebele_sot_71,0.7642891,-0.2684724
belebele_sot_710,0.7013139,0.63199866
belebele_sot_711,0.7293594,-0.27954894
belebele_sot_712,0.80522317,-0.77776045
belebele_sot_713,0.66330975,0.60132694
belebele_sot_714,0.80522317,-0.77776045
belebele_sot_715,0.7163239,1.5429639
belebele_sot_716,0.7338966,0.19710252
belebele_sot_717,0.6959062,0.62772906
belebele_sot_718,0.80522317,-0.77776045
belebele_sot_719,0.7293594,-0.27954894
belebele_sot_72,0.80522317,-0.77776045
belebele_sot_720,0.7477486,1.1223401
belebele_sot_721,0.80522317,-0.77776045
belebele_sot_722,0.80522317,-0.77776045
belebele_sot_723,0.7477486,1.1223401
belebele_sot_724,0.80522317,-0.77776045
belebele_sot_725,0.80522317,-0.77776045
belebele_sot_726,0.6626997,0.1566573
belebele_sot_727,0.7477486,1.1223401
belebele_sot_728,0.7013139,0.63199866
belebele_sot_729,0.7293594,-0.27954894
belebele_sot_73,0.7013139,0.63199866
belebele_sot_730,0.69161004,-0.29073063
belebele_sot_731,0.7642891,-0.2684724
belebele_sot_732,0.6933035,0.1741344
belebele_sot_733,0.80522317,-0.77776045
belebele_sot_734,0.7163239,1.5429639
belebele_sot_735,0.80522317,-0.77776045
belebele_sot_736,0.6933035,0.1741344
belebele_sot_737,0.6933035,0.1741344
belebele_sot_738,0.80522317,-0.77776045
belebele_sot_739,0.80522317,-0.77776045
belebele_sot_74,0.7013139,0.63199866
belebele_sot_740,0.69161004,-0.29073063
belebele_sot_741,0.80522317,-0.77776045
belebele_sot_742,0.7241757,-0.28113684
belebele_sot_743,0.6959062,0.62772906
belebele_sot_744,0.7642891,-0.2684724
belebele_sot_745,0.7293594,-0.27954894
belebele_sot_746,0.69161004,-0.29073063
belebele_sot_747,0.80522317,-0.77776045
belebele_sot_748,0.66330975,0.60132694
belebele_sot_749,0.80522317,-0.77776045
belebele_sot_75,0.6933035,0.1741344
belebele_sot_750,0.80522317,-0.77776045
belebele_sot_751,0.80522317,-0.77776045
belebele_sot_752,0.7013139,0.63199866
belebele_sot_753,0.80522317,-0.77776045
belebele_sot_754,0.80522317,-0.77776045
belebele_sot_755,0.80522317,-0.77776045
belebele_sot_756,0.6933035,0.1741344
belebele_sot_757,0.6959062,0.62772906
belebele_sot_758,0.80522317,-0.77776045
belebele_sot_759,0.7163239,1.5429639
belebele_sot_76,0.7338966,0.19710252
belebele_sot_760,0.7477486,1.1223401
belebele_sot_761,0.7642891,-0.2684724
belebele_sot_762,0.6933035,0.1741344
belebele_sot_763,0.80522317,-0.77776045
belebele_sot_764,0.80522317,-0.77776045
belebele_sot_765,0.80522317,-0.77776045
belebele_sot_766,0.6626997,0.1566573
belebele_sot_767,0.80522317,-0.77776045
belebele_sot_768,0.7477486,1.1223401
belebele_sot_769,0.80522317,-0.77776045
belebele_sot_77,0.80522317,-0.77776045
belebele_sot_770,0.7013139,0.63199866
belebele_sot_771,0.6933035,0.1741344
belebele_sot_772,0.60534966,0.97477794
belebele_sot_773,0.7642891,-0.2684724
belebele_sot_774,0.80522317,-0.77776045
belebele_sot_775,0.7293594,-0.27954894
belebele_sot_776,0.69447774,0.17480274
belebele_sot_777,0.80522317,-0.77776045
belebele_sot_778,0.80522317,-0.77776045
belebele_sot_779,0.6078216,0.12522739
belebele_sot_78,0.73943514,0.6612007
belebele_sot_780,0.7241757,-0.28113684
belebele_sot_781,0.80522317,-0.77776045
belebele_sot_782,0.6933035,0.1741344
belebele_sot_783,0.80522317,-0.77776045
belebele_sot_784,0.7293594,-0.27954894
belebele_sot_785,0.7293594,-0.27954894
belebele_sot_786,0.69161004,-0.29073063
belebele_sot_787,0.80522317,-0.77776045
belebele_sot_788,0.7293594,-0.27954894
belebele_sot_789,0.6044916,0.55084634
belebele_sot_79,0.80522317,-0.77776045
belebele_sot_790,0.7338966,0.19710252
belebele_sot_791,0.80522317,-0.77776045
belebele_sot_792,0.80522317,-0.77776045
belebele_sot_793,0.80522317,-0.77776045
belebele_sot_794,0.80522317,-0.77776045
belebele_sot_795,0.7163239,1.5429639
belebele_sot_796,0.7163239,1.5429639
belebele_sot_797,0.80522317,-0.77776045
belebele_sot_798,0.80522317,-0.77776045
belebele_sot_799,0.80522317,-0.77776045
belebele_sot_8,0.7642891,-0.2684724
belebele_sot_80,0.80522317,-0.77776045
belebele_sot_800,0.60404813,0.12307197
belebele_sot_801,0.80522317,-0.77776045
belebele_sot_802,0.69447774,0.17480274
belebele_sot_803,0.6933035,0.1741344
belebele_sot_804,0.6933035,0.1741344
belebele_sot_805,0.7282954,0.19395256
belebele_sot_806,0.7338966,0.19710252
belebele_sot_807,0.6044916,0.55084634
belebele_sot_808,0.7642891,-0.2684724
belebele_sot_809,0.6959062,0.62772906
belebele_sot_81,0.80522317,-0.77776045
belebele_sot_810,0.7642891,-0.2684724
belebele_sot_811,0.7293594,-0.27954894
belebele_sot_812,0.7642891,-0.2684724
belebele_sot_813,0.7642891,-0.2684724
belebele_sot_814,0.6933035,0.1741344
belebele_sot_815,0.69447774,0.17480274
belebele_sot_816,0.7293594,-0.27954894
belebele_sot_817,0.80522317,-0.77776045
belebele_sot_818,0.6933035,0.1741344
belebele_sot_819,0.6710693,1.0479506
belebele_sot_82,0.80522317,-0.77776045
belebele_sot_820,0.69161004,-0.29073063
belebele_sot_821,0.6933035,0.1741344
belebele_sot_822,0.6933035,0.1741344
belebele_sot_823,0.6044916,0.55084634
belebele_sot_824,0.7477486,1.1223401
belebele_sot_825,0.73943514,0.6612007
belebele_sot_826,0.6044916,0.55084634
belebele_sot_827,0.80522317,-0.77776045
belebele_sot_828,0.80522317,-0.77776045
belebele_sot_829,0.80522317,-0.77776045
belebele_sot_83,0.66330975,0.60132694
belebele_sot_830,0.80522317,-0.77776045
belebele_sot_831,0.80522317,-0.77776045
belebele_sot_832,0.7642891,-0.2684724
belebele_sot_833,0.80522317,-0.77776045
belebele_sot_834,0.80522317,-0.77776045
belebele_sot_835,0.7642891,-0.2684724
belebele_sot_836,0.7338966,0.19710252
belebele_sot_837,0.80522317,-0.77776045
belebele_sot_838,0.80522317,-0.77776045
belebele_sot_839,0.69447774,0.17480274
belebele_sot_84,0.80522317,-0.77776045
belebele_sot_840,0.6933035,0.1741344
belebele_sot_841,0.7163239,1.5429639
belebele_sot_842,0.80522317,-0.77776045
belebele_sot_843,0.7642891,-0.2684724
belebele_sot_844,0.7477486,1.1223401
belebele_sot_845,0.7163239,1.5429639
belebele_sot_846,0.633549,1.0072805
belebele_sot_847,0.66330975,0.60132694
belebele_sot_848,0.6933035,0.1741344
belebele_sot_849,0.66330975,0.60132694
belebele_sot_85,0.7477486,1.1223401
belebele_sot_850,0.80522317,-0.77776045
belebele_sot_851,0.6933035,0.1741344
belebele_sot_852,0.80522317,-0.77776045
belebele_sot_853,0.80522317,-0.77776045
belebele_sot_854,0.7642891,-0.2684724
belebele_sot_855,0.80522317,-0.77776045
belebele_sot_856,0.69161004,-0.29073063
belebele_sot_857,0.63318455,0.13974576
belebele_sot_858,0.6933035,0.1741344
belebele_sot_859,0.6933035,0.1741344
belebele_sot_86,0.7241757,-0.28113684
belebele_sot_860,0.6933035,0.1741344
belebele_sot_861,0.6933035,0.1741344
belebele_sot_862,0.80522317,-0.77776045
belebele_sot_863,0.7293594,-0.27954894
belebele_sot_864,0.7013139,0.63199866
belebele_sot_865,0.7241757,-0.28113684
belebele_sot_866,0.69161004,-0.29073063
belebele_sot_867,0.80522317,-0.77776045
belebele_sot_868,0.7241757,-0.28113684
belebele_sot_869,0.7241757,-0.28113684
belebele_sot_87,0.80522317,-0.77776045
belebele_sot_870,0.69161004,-0.29073063
belebele_sot_871,0.80522317,-0.77776045
belebele_sot_872,0.69447774,0.17480274
belebele_sot_873,0.80522317,-0.77776045
belebele_sot_874,0.7642891,-0.2684724
belebele_sot_875,0.6933035,0.1741344
belebele_sot_876,0.80522317,-0.77776045
belebele_sot_877,0.80522317,-0.77776045
belebele_sot_878,0.80522317,-0.77776045
belebele_sot_879,0.7293594,-0.27954894
belebele_sot_88,0.69161004,-0.29073063
belebele_sot_880,0.80522317,-0.77776045
belebele_sot_881,0.80522317,-0.77776045
belebele_sot_882,0.69447774,0.17480274
belebele_sot_883,0.69447774,0.17480274
belebele_sot_884,0.80522317,-0.77776045
belebele_sot_885,0.6044916,0.55084634
belebele_sot_886,0.69161004,-0.29073063
belebele_sot_887,0.80522317,-0.77776045
belebele_sot_888,0.80522317,-0.77776045
belebele_sot_889,0.80522317,-0.77776045
belebele_sot_89,0.80522317,-0.77776045
belebele_sot_890,0.6933035,0.1741344
belebele_sot_891,0.80522317,-0.77776045
belebele_sot_892,0.6710693,1.0479506
belebele_sot_893,0.60534966,0.97477794
belebele_sot_894,0.73943514,0.6612007
belebele_sot_895,0.69447774,0.17480274
belebele_sot_896,0.6959062,0.62772906
belebele_sot_897,0.6320794,0.574971
belebele_sot_898,0.7013139,0.63199866
belebele_sot_899,0.7013139,0.63199866
belebele_sot_9,0.80522317,-0.77776045
belebele_sot_90,0.80522317,-0.77776045
belebele_sot_91,0.6933035,0.1741344
belebele_sot_92,0.80522317,-0.77776045
belebele_sot_93,0.7642891,-0.2684724
belebele_sot_94,0.80522317,-0.77776045
belebele_sot_95,0.73943514,0.6612007
belebele_sot_96,0.7642891,-0.2684724
belebele_sot_97,0.6933035,0.1741344
belebele_sot_98,0.6916101,-0.29073063
belebele_sot_99,0.69447774,0.17480274
belebele_swa_0,0.80522317,-0.77776045
belebele_swa_1,0.80522317,-0.77776045
belebele_swa_10,0.6933035,0.1741344
belebele_swa_100,0.69161004,-0.29073063
belebele_swa_101,0.6933035,0.1741344
belebele_swa_102,0.80522317,-0.77776045
belebele_swa_103,0.6933035,0.1741344
belebele_swa_104,0.6933035,0.1741344
belebele_swa_105,0.65816486,0.15406066
belebele_swa_106,0.80522317,-0.77776045
belebele_swa_107,0.7338966,0.19710252
belebele_swa_108,0.7642891,-0.2684724
belebele_swa_109,0.6933035,0.1741344
belebele_swa_11,0.80522317,-0.77776045
belebele_swa_110,0.7241757,-0.28113684
belebele_swa_111,0.69161004,-0.29073063
belebele_swa_112,0.80522317,-0.77776045
belebele_swa_113,0.73943514,0.6612007
belebele_swa_114,0.80522317,-0.77776045
belebele_swa_115,0.80522317,-0.77776045
belebele_swa_116,0.6710693,1.0479506
belebele_swa_117,0.6078216,0.12522739
belebele_swa_118,0.6933035,0.1741344
belebele_swa_119,0.7642891,-0.2684724
belebele_swa_12,0.80522317,-0.77776045
belebele_swa_120,0.7477486,1.1223401
belebele_swa_121,0.6933035,0.1741344
belebele_swa_122,0.6933035,0.1741344
belebele_swa_123,0.80522317,-0.77776045
belebele_swa_124,0.80522317,-0.77776045
belebele_swa_125,0.69161004,-0.29073063
belebele_swa_126,0.80522317,-0.77776045
belebele_swa_127,0.80522317,-0.77776045
belebele_swa_128,0.73943514,0.6612007
belebele_swa_129,0.80522317,-0.77776045
belebele_swa_13,0.7642891,-0.2684724
belebele_swa_130,0.80522317,-0.77776045
belebele_swa_131,0.80522317,-0.77776045
belebele_swa_132,0.80522317,-0.77776045
belebele_swa_133,0.80522317,-0.77776045
belebele_swa_134,0.80522317,-0.77776045
belebele_swa_135,0.6710693,1.0479506
belebele_swa_136,0.80522317,-0.77776045
belebele_swa_137,0.80522317,-0.77776045
belebele_swa_138,0.69161004,-0.29073063
belebele_swa_139,0.80522317,-0.77776045
belebele_swa_14,0.7642891,-0.2684724
belebele_swa_140,0.80522317,-0.77776045
belebele_swa_141,0.80522317,-0.77776045
belebele_swa_142,0.6959062,0.62772906
belebele_swa_143,0.6933035,0.1741344
belebele_swa_144,0.80522317,-0.77776045
belebele_swa_145,0.69161004,-0.29073063
belebele_swa_146,0.6933035,0.1741344
belebele_swa_147,0.7477486,1.1223401
belebele_swa_148,0.80522317,-0.77776045
belebele_swa_149,0.7163239,1.5429639
belebele_swa_15,0.6933035,0.1741344
belebele_swa_150,0.80522317,-0.77776045
belebele_swa_151,0.80522317,-0.77776045
belebele_swa_152,0.69161004,-0.29073063
belebele_swa_153,0.80522317,-0.77776045
belebele_swa_154,0.7282954,0.19395256
belebele_swa_155,0.80522317,-0.77776045
belebele_swa_156,0.80522317,-0.77776045
belebele_swa_157,0.80522317,-0.77776045
belebele_swa_158,0.80522317,-0.77776045
belebele_swa_159,0.7642891,-0.2684724
belebele_swa_16,0.80522317,-0.77776045
belebele_swa_160,0.80522317,-0.77776045
belebele_swa_161,0.80522317,-0.77776045
belebele_swa_162,0.80522317,-0.77776045
belebele_swa_163,0.7338966,0.19710252
belebele_swa_164,0.80522317,-0.77776045
belebele_swa_165,0.80522317,-0.77776045
belebele_swa_166,0.80522317,-0.77776045
belebele_swa_167,0.69161004,-0.29073063
belebele_swa_168,0.80522317,-0.77776045
belebele_swa_169,0.69447774,0.17480274
belebele_swa_17,0.80522317,-0.77776045
belebele_swa_170,0.69161004,-0.29073063
belebele_swa_171,0.7642891,-0.2684724
belebele_swa_172,0.80522317,-0.77776045
belebele_swa_173,0.80522317,-0.77776045
belebele_swa_174,0.7477486,1.1223401
belebele_swa_175,0.80522317,-0.77776045
belebele_swa_176,0.7642891,-0.2684724
belebele_swa_177,0.7013139,0.63199866
belebele_swa_178,0.80522317,-0.77776045
belebele_swa_179,0.80522317,-0.77776045
belebele_swa_18,0.80522317,-0.77776045
belebele_swa_180,0.80522317,-0.77776045
belebele_swa_181,0.7013139,0.63199866
belebele_swa_182,0.7293594,-0.27954894
belebele_swa_183,0.80522317,-0.77776045
belebele_swa_184,0.80522317,-0.77776045
belebele_swa_185,0.69161004,-0.29073063
belebele_swa_186,0.69161004,-0.29073063
belebele_swa_187,0.73943514,0.6612007
belebele_swa_188,0.7642891,-0.2684724
belebele_swa_189,0.80522317,-0.77776045
belebele_swa_19,0.6933035,0.1741344
belebele_swa_190,0.80522317,-0.77776045
belebele_swa_191,0.80522317,-0.77776045
belebele_swa_192,0.6933035,0.1741344
belebele_swa_193,0.80522317,-0.77776045
belebele_swa_194,0.80522317,-0.77776045
belebele_swa_195,0.80522317,-0.77776045
belebele_swa_196,0.80522317,-0.77776045
belebele_swa_197,0.80522317,-0.77776045
belebele_swa_198,0.80522317,-0.77776045
belebele_swa_199,0.6933035,0.1741344
belebele_swa_2,0.80522317,-0.77776045
belebele_swa_20,0.80522317,-0.77776045
belebele_swa_200,0.6626997,0.1566573
belebele_swa_201,0.80522317,-0.77776045
belebele_swa_202,0.80522317,-0.77776045
belebele_swa_203,0.69447774,0.17480274
belebele_swa_204,0.6959062,0.62772906
belebele_swa_205,0.80522317,-0.77776045
belebele_swa_206,0.80522317,-0.77776045
belebele_swa_207,0.80522317,-0.77776045
belebele_swa_208,0.80522317,-0.77776045
belebele_swa_209,0.80522317,-0.77776045
belebele_swa_21,0.7013139,0.63199866
belebele_swa_210,0.80522317,-0.77776045
belebele_swa_211,0.80522317,-0.77776045
belebele_swa_212,0.69161004,-0.29073063
belebele_swa_213,0.80522317,-0.77776045
belebele_swa_214,0.80522317,-0.77776045
belebele_swa_215,0.80522317,-0.77776045
belebele_swa_216,0.80522317,-0.77776045
belebele_swa_217,0.7338966,0.19710252
belebele_swa_218,0.7293594,-0.27954894
belebele_swa_219,0.7642891,-0.2684724
belebele_swa_22,0.7241757,-0.28113684
belebele_swa_220,0.80522317,-0.77776045
belebele_swa_221,0.66330975,0.60132694
belebele_swa_222,0.80522317,-0.77776045
belebele_swa_223,0.80522317,-0.77776045
belebele_swa_224,0.80522317,-0.77776045
belebele_swa_225,0.7241757,-0.28113684
belebele_swa_226,0.80522317,-0.77776045
belebele_swa_227,0.80522317,-0.77776045
belebele_swa_228,0.7642891,-0.2684724
belebele_swa_229,0.7642891,-0.2684724
belebele_swa_23,0.69161004,-0.29073063
belebele_swa_230,0.7241757,-0.28113684
belebele_swa_231,0.7642891,-0.2684724
belebele_swa_232,0.80522317,-0.77776045
belebele_swa_233,0.80522317,-0.77776045
belebele_swa_234,0.60404813,0.12307197
belebele_swa_235,0.80522317,-0.77776045
belebele_swa_236,0.80522317,-0.77776045
belebele_swa_237,0.80522317,-0.77776045
belebele_swa_238,0.80522317,-0.77776045
belebele_swa_239,0.7013139,0.63199866
belebele_swa_24,0.7477486,1.1223401
belebele_swa_240,0.80522317,-0.77776045
belebele_swa_241,0.7642891,-0.2684724
belebele_swa_242,0.80522317,-0.77776045
belebele_swa_243,0.80522317,-0.77776045
belebele_swa_244,0.80522317,-0.77776045
belebele_swa_245,0.80522317,-0.77776045
belebele_swa_246,0.80522317,-0.77776045
belebele_swa_247,0.69161004,-0.29073063
belebele_swa_248,0.80522317,-0.77776045
belebele_swa_249,0.80522317,-0.77776045
belebele_swa_25,0.6933035,0.1741344
belebele_swa_250,0.80522317,-0.77776045
belebele_swa_251,0.80522317,-0.77776045
belebele_swa_252,0.80522317,-0.77776045
belebele_swa_253,0.80522317,-0.77776045
belebele_swa_254,0.80522317,-0.77776045
belebele_swa_255,0.80522317,-0.77776045
belebele_swa_256,0.80522317,-0.77776045
belebele_swa_257,0.80522317,-0.77776045
belebele_swa_258,0.7642891,-0.2684724
belebele_swa_259,0.66330975,0.60132694
belebele_swa_26,0.7642891,-0.2684724
belebele_swa_260,0.80522317,-0.77776045
belebele_swa_261,0.80522317,-0.77776045
belebele_swa_262,0.80522317,-0.77776045
belebele_swa_263,0.80522317,-0.77776045
belebele_swa_264,0.6933035,0.1741344
belebele_swa_265,0.80522317,-0.77776045
belebele_swa_266,0.80522317,-0.77776045
belebele_swa_267,0.80522317,-0.77776045
belebele_swa_268,0.7642891,-0.2684724
belebele_swa_269,0.80522317,-0.77776045
belebele_swa_27,0.6933035,0.1741344
belebele_swa_270,0.80522317,-0.77776045
belebele_swa_271,0.80522317,-0.77776045
belebele_swa_272,0.6933035,0.1741344
belebele_swa_273,0.80522317,-0.77776045
belebele_swa_274,0.80522317,-0.77776045
belebele_swa_275,0.80522317,-0.77776045
belebele_swa_276,0.7642891,-0.2684724
belebele_swa_277,0.7642891,-0.2684724
belebele_swa_278,0.80522317,-0.77776045
belebele_swa_279,0.80522317,-0.77776045
belebele_swa_28,0.7477486,1.1223401
belebele_swa_280,0.69447774,0.17480274
belebele_swa_281,0.7642891,-0.2684724
belebele_swa_282,0.80522317,-0.77776045
belebele_swa_283,0.7338966,0.19710252
belebele_swa_284,0.80522317,-0.77776045
belebele_swa_285,0.7642891,-0.2684724
belebele_swa_286,0.80522317,-0.77776045
belebele_swa_287,0.80522317,-0.77776045
belebele_swa_288,0.69161004,-0.29073063
belebele_swa_289,0.7642891,-0.2684724
belebele_swa_29,0.7163239,1.5429639
belebele_swa_290,0.80522317,-0.77776045
belebele_swa_291,0.80522317,-0.77776045
belebele_swa_292,0.80522317,-0.77776045
belebele_swa_293,0.80522317,-0.77776045
belebele_swa_294,0.80522317,-0.77776045
belebele_swa_295,0.80522317,-0.77776045
belebele_swa_296,0.80522317,-0.77776045
belebele_swa_297,0.6959062,0.62772906
belebele_swa_298,0.73943514,0.6612007
belebele_swa_299,0.80522317,-0.77776045
belebele_swa_3,0.7241757,-0.28113684
belebele_swa_30,0.7642891,-0.2684724
belebele_swa_300,0.80522317,-0.77776045
belebele_swa_301,0.7477486,1.1223401
belebele_swa_302,0.80522317,-0.77776045
belebele_swa_303,0.80522317,-0.77776045
belebele_swa_304,0.80522317,-0.77776045
belebele_swa_305,0.80522317,-0.77776045
belebele_swa_306,0.7241757,-0.28113684
belebele_swa_307,0.7642891,-0.2684724
belebele_swa_308,0.80522317,-0.77776045
belebele_swa_309,0.7338966,0.19710252
belebele_swa_31,0.80522317,-0.77776045
belebele_swa_310,0.80522317,-0.77776045
belebele_swa_311,0.7642891,-0.2684724
belebele_swa_312,0.80522317,-0.77776045
belebele_swa_313,0.7338966,0.19710252
belebele_swa_314,0.7642891,-0.2684724
belebele_swa_315,0.7293594,-0.27954894
belebele_swa_316,0.7241757,-0.28113684
belebele_swa_317,0.6933035,0.1741344
belebele_swa_318,0.80522317,-0.77776045
belebele_swa_319,0.80522317,-0.77776045
belebele_swa_32,0.69161004,-0.29073063
belebele_swa_320,0.6078216,0.12522739
belebele_swa_321,0.7642891,-0.2684724
belebele_swa_322,0.80522317,-0.77776045
belebele_swa_323,0.60404813,0.12307197
belebele_swa_324,0.7477486,1.1223401
belebele_swa_325,0.69161004,-0.29073063
belebele_swa_326,0.73943514,0.6612007
belebele_swa_327,0.7338966,0.19710252
belebele_swa_328,0.6933035,0.1741344
belebele_swa_329,0.6933035,0.1741344
belebele_swa_33,0.80522317,-0.77776045
belebele_swa_330,0.69161004,-0.29073063
belebele_swa_331,0.80522317,-0.77776045
belebele_swa_332,0.7642891,-0.2684724
belebele_swa_333,0.69161004,-0.29073063
belebele_swa_334,0.80522317,-0.77776045
belebele_swa_335,0.7282954,0.19395256
belebele_swa_336,0.80522317,-0.77776045
belebele_swa_337,0.7642891,-0.2684724
belebele_swa_338,0.80522317,-0.77776045
belebele_swa_339,0.80522317,-0.77776045
belebele_swa_34,0.7642891,-0.2684724
belebele_swa_340,0.80522317,-0.77776045
belebele_swa_341,0.80522317,-0.77776045
belebele_swa_342,0.7293594,-0.27954894
belebele_swa_343,0.66330975,0.60132694
belebele_swa_344,0.69161004,-0.29073063
belebele_swa_345,0.69161004,-0.29073063
belebele_swa_346,0.80522317,-0.77776045
belebele_swa_347,0.7293594,-0.27954894
belebele_swa_348,0.6933035,0.1741344
belebele_swa_349,0.7241757,-0.28113684
belebele_swa_35,0.80522317,-0.77776045
belebele_swa_350,0.80522317,-0.77776045
belebele_swa_351,0.80522317,-0.77776045
belebele_swa_352,0.80522317,-0.77776045
belebele_swa_353,0.80522317,-0.77776045
belebele_swa_354,0.7241757,-0.28113684
belebele_swa_355,0.80522317,-0.77776045
belebele_swa_356,0.80522317,-0.77776045
belebele_swa_357,0.80522317,-0.77776045
belebele_swa_358,0.69447774,0.17480274
belebele_swa_359,0.80522317,-0.77776045
belebele_swa_36,0.80522317,-0.77776045
belebele_swa_360,0.7013139,0.63199866
belebele_swa_361,0.66330975,0.60132694
belebele_swa_362,0.80522317,-0.77776045
belebele_swa_363,0.7642891,-0.2684724
belebele_swa_364,0.80522317,-0.77776045
belebele_swa_365,0.80522317,-0.77776045
belebele_swa_366,0.7642891,-0.2684724
belebele_swa_367,0.7642891,-0.2684724
belebele_swa_368,0.7293594,-0.27954894
belebele_swa_369,0.7642891,-0.2684724
belebele_swa_37,0.80522317,-0.77776045
belebele_swa_370,0.7642891,-0.2684724
belebele_swa_371,0.80522317,-0.77776045
belebele_swa_372,0.6933035,0.1741344
belebele_swa_373,0.7241757,-0.28113684
belebele_swa_374,0.7642891,-0.2684724
belebele_swa_375,0.80522317,-0.77776045
belebele_swa_376,0.6054193,0.55167013
belebele_swa_377,0.6933035,0.1741344
belebele_swa_378,0.80522317,-0.77776045
belebele_swa_379,0.80522317,-0.77776045
belebele_swa_38,0.80522317,-0.77776045
belebele_swa_380,0.80522317,-0.77776045
belebele_swa_381,0.69161004,-0.29073063
belebele_swa_382,0.6959062,0.62772906
belebele_swa_383,0.7642891,-0.2684724
belebele_swa_384,0.80522317,-0.77776045
belebele_swa_385,0.80522317,-0.77776045
belebele_swa_386,0.80522317,-0.77776045
belebele_swa_387,0.80522317,-0.77776045
belebele_swa_388,0.80522317,-0.77776045
belebele_swa_389,0.80522317,-0.77776045
belebele_swa_39,0.7642891,-0.2684724
belebele_swa_390,0.6933035,0.1741344
belebele_swa_391,0.80522317,-0.77776045
belebele_swa_392,0.6933035,0.1741344
belebele_swa_393,0.80522317,-0.77776045
belebele_swa_394,0.7642891,-0.2684724
belebele_swa_395,0.6959062,0.62772906
belebele_swa_396,0.80522317,-0.77776045
belebele_swa_397,0.80522317,-0.77776045
belebele_swa_398,0.80522317,-0.77776045
belebele_swa_399,0.7293594,-0.27954894
belebele_swa_4,0.80522317,-0.77776045
belebele_swa_40,0.60534966,0.97477794
belebele_swa_400,0.80522317,-0.77776045
belebele_swa_401,0.7241757,-0.28113684
belebele_swa_402,0.80522317,-0.77776045
belebele_swa_403,0.576663,0.5257382
belebele_swa_404,0.80522317,-0.77776045
belebele_swa_405,0.73943514,0.6612007
belebele_swa_406,0.69161004,-0.29073063
belebele_swa_407,0.80522317,-0.77776045
belebele_swa_408,0.80522317,-0.77776045
belebele_swa_409,0.80522317,-0.77776045
belebele_swa_41,0.69161004,-0.29073063
belebele_swa_410,0.80522317,-0.77776045
belebele_swa_411,0.66330975,0.60132694
belebele_swa_412,0.80522317,-0.77776045
belebele_swa_413,0.80522317,-0.77776045
belebele_swa_414,0.69161004,-0.29073063
belebele_swa_415,0.6933035,0.1741344
belebele_swa_416,0.7477486,1.1223401
belebele_swa_417,0.80522317,-0.77776045
belebele_swa_418,0.80522317,-0.77776045
belebele_swa_419,0.80522317,-0.77776045
belebele_swa_42,0.6933035,0.1741344
belebele_swa_420,0.7642891,-0.2684724
belebele_swa_421,0.7163239,1.5429639
belebele_swa_422,0.7241757,-0.28113684
belebele_swa_423,0.80522317,-0.77776045
belebele_swa_424,0.80522317,-0.77776045
belebele_swa_425,0.80522317,-0.77776045
belebele_swa_426,0.7293594,-0.27954894
belebele_swa_427,0.80522317,-0.77776045
belebele_swa_428,0.80522317,-0.77776045
belebele_swa_429,0.80522317,-0.77776045
belebele_swa_43,0.6933035,0.1741344
belebele_swa_430,0.80522317,-0.77776045
belebele_swa_431,0.80522317,-0.77776045
belebele_swa_432,0.80522317,-0.77776045
belebele_swa_433,0.80522317,-0.77776045
belebele_swa_434,0.80522317,-0.77776045
belebele_swa_435,0.73943514,0.6612007
belebele_swa_436,0.80522317,-0.77776045
belebele_swa_437,0.80522317,-0.77776045
belebele_swa_438,0.80522317,-0.77776045
belebele_swa_439,0.7163239,1.5429639
belebele_swa_44,0.7477486,1.1223401
belebele_swa_440,0.6959062,0.62772906
belebele_swa_441,0.80522317,-0.77776045
belebele_swa_442,0.80522317,-0.77776045
belebele_swa_443,0.80522317,-0.77776045
belebele_swa_444,0.69161004,-0.29073063
belebele_swa_445,0.7241757,-0.28113684
belebele_swa_446,0.6933035,0.1741344
belebele_swa_447,0.7163239,1.5429639
belebele_swa_448,0.80522317,-0.77776045
belebele_swa_449,0.80522317,-0.77776045
belebele_swa_45,0.80522317,-0.77776045
belebele_swa_450,0.7642891,-0.2684724
belebele_swa_451,0.6933035,0.1741344
belebele_swa_452,0.69161004,-0.29073063
belebele_swa_453,0.80522317,-0.77776045
belebele_swa_454,0.6626997,0.1566573
belebele_swa_455,0.7642891,-0.2684724
belebele_swa_456,0.7642891,-0.2684724
belebele_swa_457,0.80522317,-0.77776045
belebele_swa_458,0.69161004,-0.29073063
belebele_swa_459,0.69161004,-0.29073063
belebele_swa_46,0.80522317,-0.77776045
belebele_swa_460,0.6959062,0.62772906
belebele_swa_461,0.80522317,-0.77776045
belebele_swa_462,0.7642891,-0.2684724
belebele_swa_463,0.80522317,-0.77776045
belebele_swa_464,0.80522317,-0.77776045
belebele_swa_465,0.80522317,-0.77776045
belebele_swa_466,0.7241757,-0.28113684
belebele_swa_467,0.7293594,-0.27954894
belebele_swa_468,0.7241757,-0.28113684
belebele_swa_469,0.80522317,-0.77776045
belebele_swa_47,0.6626997,0.1566573
belebele_swa_470,0.6710693,1.0479506
belebele_swa_471,0.80522317,-0.77776045
belebele_swa_472,0.80522317,-0.77776045
belebele_swa_473,0.80522317,-0.77776045
belebele_swa_474,0.7642891,-0.2684724
belebele_swa_475,0.80522317,-0.77776045
belebele_swa_476,0.80522317,-0.77776045
belebele_swa_477,0.80522317,-0.77776045
belebele_swa_478,0.80522317,-0.77776045
belebele_swa_479,0.7642891,-0.2684724
belebele_swa_48,0.6710693,1.0479506
belebele_swa_480,0.80522317,-0.77776045
belebele_swa_481,0.80522317,-0.77776045
belebele_swa_482,0.80522317,-0.77776045
belebele_swa_483,0.7642891,-0.2684724
belebele_swa_484,0.80522317,-0.77776045
belebele_swa_485,0.80522317,-0.77776045
belebele_swa_486,0.66330975,0.60132694
belebele_swa_487,0.633549,1.0072805
belebele_swa_488,0.80522317,-0.77776045
belebele_swa_489,0.7642891,-0.2684724
belebele_swa_49,0.80522317,-0.77776045
belebele_swa_490,0.80522317,-0.77776045
belebele_swa_491,0.80522317,-0.77776045
belebele_swa_492,0.80522317,-0.77776045
belebele_swa_493,0.7013139,0.63199866
belebele_swa_494,0.7241757,-0.28113684
belebele_swa_495,0.80522317,-0.77776045
belebele_swa_496,0.80522317,-0.77776045
belebele_swa_497,0.80522317,-0.77776045
belebele_swa_498,0.7163239,1.5429639
belebele_swa_499,0.80522317,-0.77776045
belebele_swa_5,0.80522317,-0.77776045
belebele_swa_50,0.7642891,-0.2684724
belebele_swa_500,0.80522317,-0.77776045
belebele_swa_501,0.7642891,-0.2684724
belebele_swa_502,0.7477486,1.1223401
belebele_swa_503,0.6933035,0.1741344
belebele_swa_504,0.80522317,-0.77776045
belebele_swa_505,0.80522317,-0.77776045
belebele_swa_506,0.80522317,-0.77776045
belebele_swa_507,0.80522317,-0.77776045
belebele_swa_508,0.80522317,-0.77776045
belebele_swa_509,0.80522317,-0.77776045
belebele_swa_51,0.6933035,0.1741344
belebele_swa_510,0.80522317,-0.77776045
belebele_swa_511,0.69161004,-0.29073063
belebele_swa_512,0.7163239,1.5429639
belebele_swa_513,0.80522317,-0.77776045
belebele_swa_514,0.80522317,-0.77776045
belebele_swa_515,0.80522317,-0.77776045
belebele_swa_516,0.73943514,0.6612007
belebele_swa_517,0.7642891,-0.2684724
belebele_swa_518,0.80522317,-0.77776045
belebele_swa_519,0.6933035,0.1741344
belebele_swa_52,0.69161004,-0.29073063
belebele_swa_520,0.80522317,-0.77776045
belebele_swa_521,0.7241757,-0.28113684
belebele_swa_522,0.6933035,0.1741344
belebele_swa_523,0.69161004,-0.29073063
belebele_swa_524,0.6933035,0.1741344
belebele_swa_525,0.6933035,0.1741344
belebele_swa_526,0.80522317,-0.77776045
belebele_swa_527,0.80522317,-0.77776045
belebele_swa_528,0.7163239,1.5429639
belebele_swa_529,0.7013139,0.63199866
belebele_swa_53,0.80522317,-0.77776045
belebele_swa_530,0.80522317,-0.77776045
belebele_swa_531,0.80522317,-0.77776045
belebele_swa_532,0.80522317,-0.77776045
belebele_swa_533,0.7642891,-0.2684724
belebele_swa_534,0.80522317,-0.77776045
belebele_swa_535,0.6710693,1.0479506
belebele_swa_536,0.80522317,-0.77776045
belebele_swa_537,0.80522317,-0.77776045
belebele_swa_538,0.80522317,-0.77776045
belebele_swa_539,0.6933035,0.1741344
belebele_swa_54,0.80522317,-0.77776045
belebele_swa_540,0.7642891,-0.2684724
belebele_swa_541,0.6933035,0.1741344
belebele_swa_542,0.80522317,-0.77776045
belebele_swa_543,0.80522317,-0.77776045
belebele_swa_544,0.7642891,-0.2684724
belebele_swa_545,0.6933035,0.1741344
belebele_swa_546,0.69161004,-0.29073063
belebele_swa_547,0.80522317,-0.77776045
belebele_swa_548,0.7642891,-0.2684724
belebele_swa_549,0.80522317,-0.77776045
belebele_swa_55,0.73943514,0.6612007
belebele_swa_550,0.69161004,-0.29073063
belebele_swa_551,0.80522317,-0.77776045
belebele_swa_552,0.80522317,-0.77776045
belebele_swa_553,0.80522317,-0.77776045
belebele_swa_554,0.80522317,-0.77776045
belebele_swa_555,0.80522317,-0.77776045
belebele_swa_556,0.60534966,0.97477794
belebele_swa_557,0.7642891,-0.2684724
belebele_swa_558,0.80522317,-0.77776045
belebele_swa_559,0.80522317,-0.77776045
belebele_swa_56,0.7642891,-0.2684724
belebele_swa_560,0.6959062,0.62772906
belebele_swa_561,0.7338966,0.19710252
belebele_swa_562,0.69161004,-0.29073063
belebele_swa_563,0.80522317,-0.77776045
belebele_swa_564,0.7293594,-0.27954894
belebele_swa_565,0.80522317,-0.77776045
belebele_swa_566,0.69161004,-0.29073063
belebele_swa_567,0.7241757,-0.28113684
belebele_swa_568,0.80522317,-0.77776045
belebele_swa_569,0.80522317,-0.77776045
belebele_swa_57,0.7013139,0.63199866
belebele_swa_570,0.80522317,-0.77776045
belebele_swa_571,0.80522317,-0.77776045
belebele_swa_572,0.7642891,-0.2684724
belebele_swa_573,0.7642891,-0.2684724
belebele_swa_574,0.80522317,-0.77776045
belebele_swa_575,0.80522317,-0.77776045
belebele_swa_576,0.66330975,0.60132694
belebele_swa_577,0.80522317,-0.77776045
belebele_swa_578,0.80522317,-0.77776045
belebele_swa_579,0.80522317,-0.77776045
belebele_swa_58,0.7013139,0.63199866
belebele_swa_580,0.80522317,-0.77776045
belebele_swa_581,0.7642891,-0.2684724
belebele_swa_582,0.80522317,-0.77776045
belebele_swa_583,0.80522317,-0.77776045
belebele_swa_584,0.69161004,-0.29073063
belebele_swa_585,0.80522317,-0.77776045
belebele_swa_586,0.6933035,0.1741344
belebele_swa_587,0.80522317,-0.77776045
belebele_swa_588,0.80522317,-0.77776045
belebele_swa_589,0.6933035,0.1741344
belebele_swa_59,0.80522317,-0.77776045
belebele_swa_590,0.7477486,1.1223401
belebele_swa_591,0.6933035,0.1741344
belebele_swa_592,0.80522317,-0.77776045
belebele_swa_593,0.80522317,-0.77776045
belebele_swa_594,0.80522317,-0.77776045
belebele_swa_595,0.69161004,-0.29073063
belebele_swa_596,0.80522317,-0.77776045
belebele_swa_597,0.80522317,-0.77776045
belebele_swa_598,0.69447774,0.17480274
belebele_swa_599,0.7642891,-0.2684724
belebele_swa_6,0.80522317,-0.77776045
belebele_swa_60,0.80522317,-0.77776045
belebele_swa_600,0.80522317,-0.77776045
belebele_swa_601,0.80522317,-0.77776045
belebele_swa_602,0.80522317,-0.77776045
belebele_swa_603,0.7241757,-0.28113684
belebele_swa_604,0.80522317,-0.77776045
belebele_swa_605,0.80522317,-0.77776045
belebele_swa_606,0.7642891,-0.2684724
belebele_swa_607,0.80522317,-0.77776045
belebele_swa_608,0.69161004,-0.29073063
belebele_swa_609,0.73943514,0.6612007
belebele_swa_61,0.80522317,-0.77776045
belebele_swa_610,0.80522317,-0.77776045
belebele_swa_611,0.80522317,-0.77776045
belebele_swa_612,0.7642891,-0.2684724
belebele_swa_613,0.80522317,-0.77776045
belebele_swa_614,0.6710693,1.0479506
belebele_swa_615,0.80522317,-0.77776045
belebele_swa_616,0.80522317,-0.77776045
belebele_swa_617,0.7642891,-0.2684724
belebele_swa_618,0.7642891,-0.2684724
belebele_swa_619,0.80522317,-0.77776045
belebele_swa_62,0.7642891,-0.2684724
belebele_swa_620,0.80522317,-0.77776045
belebele_swa_621,0.80522317,-0.77776045
belebele_swa_622,0.5802779,0.10954206
belebele_swa_623,0.80522317,-0.77776045
belebele_swa_624,0.73943514,0.6612007
belebele_swa_625,0.7642891,-0.2684724
belebele_swa_626,0.7642891,-0.2684724
belebele_swa_627,0.7282954,0.19395256
belebele_swa_628,0.6710693,1.0479506
belebele_swa_629,0.80522317,-0.77776045
belebele_swa_63,0.69161004,-0.29073063
belebele_swa_630,0.7282954,0.19395256
belebele_swa_631,0.6044916,0.55084634
belebele_swa_632,0.7293594,-0.27954894
belebele_swa_633,0.80522317,-0.77776045
belebele_swa_634,0.69161004,-0.29073063
belebele_swa_635,0.80522317,-0.77776045
belebele_swa_636,0.80522317,-0.77776045
belebele_swa_637,0.80522317,-0.77776045
belebele_swa_638,0.80522317,-0.77776045
belebele_swa_639,0.7163239,1.5429639
belebele_swa_64,0.80522317,-0.77776045
belebele_swa_640,0.80522317,-0.77776045
belebele_swa_641,0.7642891,-0.2684724
belebele_swa_642,0.7293594,-0.27954894
belebele_swa_643,0.6933035,0.1741344
belebele_swa_644,0.7163239,1.5429639
belebele_swa_645,0.7163239,1.5429639
belebele_swa_646,0.80522317,-0.77776045
belebele_swa_647,0.7163239,1.5429639
belebele_swa_648,0.80522317,-0.77776045
belebele_swa_649,0.7642891,-0.2684724
belebele_swa_65,0.80522317,-0.77776045
belebele_swa_650,0.80522317,-0.77776045
belebele_swa_651,0.80522317,-0.77776045
belebele_swa_652,0.6933035,0.1741344
belebele_swa_653,0.69161004,-0.29073063
belebele_swa_654,0.80522317,-0.77776045
belebele_swa_655,0.6933035,0.1741344
belebele_swa_656,0.80522317,-0.77776045
belebele_swa_657,0.6933035,0.1741344
belebele_swa_658,0.80522317,-0.77776045
belebele_swa_659,0.80522317,-0.77776045
belebele_swa_66,0.7338966,0.19710252
belebele_swa_660,0.7642891,-0.2684724
belebele_swa_661,0.7642891,-0.2684724
belebele_swa_662,0.80522317,-0.77776045
belebele_swa_663,0.80522317,-0.77776045
belebele_swa_664,0.69161004,-0.29073063
belebele_swa_665,0.7642891,-0.2684724
belebele_swa_666,0.69161004,-0.29073063
belebele_swa_667,0.7477486,1.1223401
belebele_swa_668,0.7163239,1.5429639
belebele_swa_669,0.7338966,0.19710252
belebele_swa_67,0.7163239,1.5429639
belebele_swa_670,0.7642891,-0.2684724
belebele_swa_671,0.7642891,-0.2684724
belebele_swa_672,0.6626997,0.1566573
belebele_swa_673,0.80522317,-0.77776045
belebele_swa_674,0.80522317,-0.77776045
belebele_swa_675,0.7293594,-0.27954894
belebele_swa_676,0.80522317,-0.77776045
belebele_swa_677,0.80522317,-0.77776045
belebele_swa_678,0.6933035,0.1741344
belebele_swa_679,0.80522317,-0.77776045
belebele_swa_68,0.7642891,-0.2684724
belebele_swa_680,0.7642891,-0.2684724
belebele_swa_681,0.80522317,-0.77776045
belebele_swa_682,0.80522317,-0.77776045
belebele_swa_683,0.69161004,-0.29073063
belebele_swa_684,0.69161004,-0.29073063
belebele_swa_685,0.80522317,-0.77776045
belebele_swa_686,0.65816486,0.15406066
belebele_swa_687,0.80522317,-0.77776045
belebele_swa_688,0.7241757,-0.28113684
belebele_swa_689,0.7642891,-0.2684724
belebele_swa_69,0.69161004,-0.29073063
belebele_swa_690,0.6044916,0.55084634
belebele_swa_691,0.7642891,-0.2684724
belebele_swa_692,0.80522317,-0.77776045
belebele_swa_693,0.73943514,0.6612007
belebele_swa_694,0.80522317,-0.77776045
belebele_swa_695,0.7163239,1.5429639
belebele_swa_696,0.6933035,0.1741344
belebele_swa_697,0.80522317,-0.77776045
belebele_swa_698,0.80522317,-0.77776045
belebele_swa_699,0.7642891,-0.2684724
belebele_swa_7,0.80522317,-0.77776045
belebele_swa_70,0.80522317,-0.77776045
belebele_swa_700,0.80522317,-0.77776045
belebele_swa_701,0.7642891,-0.2684724
belebele_swa_702,0.6933035,0.1741344
belebele_swa_703,0.69161004,-0.29073063
belebele_swa_704,0.7642891,-0.2684724
belebele_swa_705,0.73943514,0.6612007
belebele_swa_706,0.80522317,-0.77776045
belebele_swa_707,0.80522317,-0.77776045
belebele_swa_708,0.6933035,0.1741344
belebele_swa_709,0.7642891,-0.2684724
belebele_swa_71,0.7642891,-0.2684724
belebele_swa_710,0.80522317,-0.77776045
belebele_swa_711,0.80522317,-0.77776045
belebele_swa_712,0.7241757,-0.28113684
belebele_swa_713,0.6933035,0.1741344
belebele_swa_714,0.7293594,-0.27954894
belebele_swa_715,0.80522317,-0.77776045
belebele_swa_716,0.7338966,0.19710252
belebele_swa_717,0.7163239,1.5429639
belebele_swa_718,0.7642891,-0.2684724
belebele_swa_719,0.7013139,0.63199866
belebele_swa_72,0.80522317,-0.77776045
belebele_swa_720,0.80522317,-0.77776045
belebele_swa_721,0.7642891,-0.2684724
belebele_swa_722,0.80522317,-0.77776045
belebele_swa_723,0.80522317,-0.77776045
belebele_swa_724,0.80522317,-0.77776045
belebele_swa_725,0.80522317,-0.77776045
belebele_swa_726,0.7642891,-0.2684724
belebele_swa_727,0.6933035,0.1741344
belebele_swa_728,0.69447774,0.17480274
belebele_swa_729,0.80522317,-0.77776045
belebele_swa_73,0.80522317,-0.77776045
belebele_swa_730,0.80522317,-0.77776045
belebele_swa_731,0.80522317,-0.77776045
belebele_swa_732,0.80522317,-0.77776045
belebele_swa_733,0.80522317,-0.77776045
belebele_swa_734,0.80522317,-0.77776045
belebele_swa_735,0.80522317,-0.77776045
belebele_swa_736,0.7642891,-0.2684724
belebele_swa_737,0.7338966,0.19710252
belebele_swa_738,0.69161004,-0.29073063
belebele_swa_739,0.80522317,-0.77776045
belebele_swa_74,0.69161004,-0.29073063
belebele_swa_740,0.80522317,-0.77776045
belebele_swa_741,0.7013139,0.63199866
belebele_swa_742,0.6933035,0.1741344
belebele_swa_743,0.80522317,-0.77776045
belebele_swa_744,0.7642891,-0.2684724
belebele_swa_745,0.80522317,-0.77776045
belebele_swa_746,0.80522317,-0.77776045
belebele_swa_747,0.80522317,-0.77776045
belebele_swa_748,0.6933035,0.1741344
belebele_swa_749,0.80522317,-0.77776045
belebele_swa_75,0.7338966,0.19710252
belebele_swa_750,0.80522317,-0.77776045
belebele_swa_751,0.7642891,-0.2684724
belebele_swa_752,0.7642891,-0.2684724
belebele_swa_753,0.7163239,1.5429639
belebele_swa_754,0.80522317,-0.77776045
belebele_swa_755,0.80522317,-0.77776045
belebele_swa_756,0.80522317,-0.77776045
belebele_swa_757,0.7642891,-0.2684724
belebele_swa_758,0.80522317,-0.77776045
belebele_swa_759,0.80522317,-0.77776045
belebele_swa_76,0.80522317,-0.77776045
belebele_swa_760,0.80522317,-0.77776045
belebele_swa_761,0.7293594,-0.27954894
belebele_swa_762,0.7642891,-0.2684724
belebele_swa_763,0.80522317,-0.77776045
belebele_swa_764,0.80522317,-0.77776045
belebele_swa_765,0.80522317,-0.77776045
belebele_swa_766,0.6933035,0.1741344
belebele_swa_767,0.80522317,-0.77776045
belebele_swa_768,0.7642891,-0.2684724
belebele_swa_769,0.80522317,-0.77776045
belebele_swa_77,0.80522317,-0.77776045
belebele_swa_770,0.80522317,-0.77776045
belebele_swa_771,0.6959062,0.62772906
belebele_swa_772,0.69161004,-0.29073063
belebele_swa_773,0.66330975,0.60132694
belebele_swa_774,0.69161004,-0.29073063
belebele_swa_775,0.80522317,-0.77776045
belebele_swa_776,0.7642891,-0.2684724
belebele_swa_777,0.69161004,-0.29073063
belebele_swa_778,0.80522317,-0.77776045
belebele_swa_779,0.80522317,-0.77776045
belebele_swa_78,0.80522317,-0.77776045
belebele_swa_780,0.80522317,-0.77776045
belebele_swa_781,0.69161004,-0.29073063
belebele_swa_782,0.80522317,-0.77776045
belebele_swa_783,0.80522317,-0.77776045
belebele_swa_784,0.7282954,0.19395256
belebele_swa_785,0.80522317,-0.77776045
belebele_swa_786,0.7338966,0.19710252
belebele_swa_787,0.63318455,0.13974576
belebele_swa_788,0.7163239,1.5429639
belebele_swa_789,0.80522317,-0.77776045
belebele_swa_79,0.80522317,-0.77776045
belebele_swa_790,0.80522317,-0.77776045
belebele_swa_791,0.7642891,-0.2684724
belebele_swa_792,0.7642891,-0.2684724
belebele_swa_793,0.80522317,-0.77776045
belebele_swa_794,0.80522317,-0.77776045
belebele_swa_795,0.63318455,0.13974576
belebele_swa_796,0.80522317,-0.77776045
belebele_swa_797,0.69447774,0.17480274
belebele_swa_798,0.6959062,0.62772906
belebele_swa_799,0.69161004,-0.29073063
belebele_swa_8,0.80522317,-0.77776045
belebele_swa_80,0.69161004,-0.29073063
belebele_swa_800,0.80522317,-0.77776045
belebele_swa_801,0.7241757,-0.28113684
belebele_swa_802,0.80522317,-0.77776045
belebele_swa_803,0.6933035,0.1741344
belebele_swa_804,0.7241757,-0.28113684
belebele_swa_805,0.69161004,-0.29073063
belebele_swa_806,0.69161004,-0.29073063
belebele_swa_807,0.6959062,0.62772906
belebele_swa_808,0.80522317,-0.77776045
belebele_swa_809,0.7338966,0.19710252
belebele_swa_81,0.69161004,-0.29073063
belebele_swa_810,0.80522317,-0.77776045
belebele_swa_811,0.7642891,-0.2684724
belebele_swa_812,0.80522317,-0.77776045
belebele_swa_813,0.80522317,-0.77776045
belebele_swa_814,0.7241757,-0.28113684
belebele_swa_815,0.80522317,-0.77776045
belebele_swa_816,0.80522317,-0.77776045
belebele_swa_817,0.7642891,-0.2684724
belebele_swa_818,0.7642891,-0.2684724
belebele_swa_819,0.80522317,-0.77776045
belebele_swa_82,0.69161004,-0.29073063
belebele_swa_820,0.7642891,-0.2684724
belebele_swa_821,0.7477486,1.1223401
belebele_swa_822,0.69161004,-0.29073063
belebele_swa_823,0.6933035,0.1741344
belebele_swa_824,0.80522317,-0.77776045
belebele_swa_825,0.80522317,-0.77776045
belebele_swa_826,0.7013139,0.63199866
belebele_swa_827,0.80522317,-0.77776045
belebele_swa_828,0.80522317,-0.77776045
belebele_swa_829,0.7642891,-0.2684724
belebele_swa_83,0.7163239,1.5429639
belebele_swa_830,0.80522317,-0.77776045
belebele_swa_831,0.69161004,-0.29073063
belebele_swa_832,0.73943514,0.6612007
belebele_swa_833,0.6933035,0.1741344
belebele_swa_834,0.6933035,0.1741344
belebele_swa_835,0.80522317,-0.77776045
belebele_swa_836,0.7642891,-0.2684724
belebele_swa_837,0.7642891,-0.2684724
belebele_swa_838,0.80522317,-0.77776045
belebele_swa_839,0.80522317,-0.77776045
belebele_swa_84,0.80522317,-0.77776045
belebele_swa_840,0.7241757,-0.28113684
belebele_swa_841,0.80522317,-0.77776045
belebele_swa_842,0.7642891,-0.2684724
belebele_swa_843,0.80522317,-0.77776045
belebele_swa_844,0.7642891,-0.2684724
belebele_swa_845,0.80522317,-0.77776045
belebele_swa_846,0.7163239,1.5429639
belebele_swa_847,0.7642891,-0.2684724
belebele_swa_848,0.7642891,-0.2684724
belebele_swa_849,0.7163239,1.5429639
belebele_swa_85,0.60534966,0.97477794
belebele_swa_850,0.80522317,-0.77776045
belebele_swa_851,0.80522317,-0.77776045
belebele_swa_852,0.6933035,0.1741344
belebele_swa_853,0.7477486,1.1223401
belebele_swa_854,0.6933035,0.1741344
belebele_swa_855,0.60534966,0.97477794
belebele_swa_856,0.6933035,0.1741344
belebele_swa_857,0.7477486,1.1223401
belebele_swa_858,0.7642891,-0.2684724
belebele_swa_859,0.6933035,0.1741344
belebele_swa_86,0.80522317,-0.77776045
belebele_swa_860,0.7642891,-0.2684724
belebele_swa_861,0.69161004,-0.29073063
belebele_swa_862,0.80522317,-0.77776045
belebele_swa_863,0.80522317,-0.77776045
belebele_swa_864,0.80522317,-0.77776045
belebele_swa_865,0.80522317,-0.77776045
belebele_swa_866,0.69161004,-0.29073063
belebele_swa_867,0.80522317,-0.77776045
belebele_swa_868,0.73943514,0.6612007
belebele_swa_869,0.6710693,1.0479506
belebele_swa_87,0.7338966,0.19710252
belebele_swa_870,0.69161004,-0.29073063
belebele_swa_871,0.7163239,1.5429639
belebele_swa_872,0.80522317,-0.77776045
belebele_swa_873,0.80522317,-0.77776045
belebele_swa_874,0.633549,1.0072805
belebele_swa_875,0.7013139,0.63199866
belebele_swa_876,0.69161004,-0.29073063
belebele_swa_877,0.6933035,0.1741344
belebele_swa_878,0.6933035,0.1741344
belebele_swa_879,0.6933035,0.1741344
belebele_swa_88,0.80522317,-0.77776045
belebele_swa_880,0.7642891,-0.2684724
belebele_swa_881,0.7163239,1.5429639
belebele_swa_882,0.80522317,-0.77776045
belebele_swa_883,0.7477486,1.1223401
belebele_swa_884,0.80522317,-0.77776045
belebele_swa_885,0.7642891,-0.2684724
belebele_swa_886,0.80522317,-0.77776045
belebele_swa_887,0.80522317,-0.77776045
belebele_swa_888,0.80522317,-0.77776045
belebele_swa_889,0.7241757,-0.28113684
belebele_swa_89,0.80522317,-0.77776045
belebele_swa_890,0.7013139,0.63199866
belebele_swa_891,0.80522317,-0.77776045
belebele_swa_892,0.6933035,0.1741344
belebele_swa_893,0.80522317,-0.77776045
belebele_swa_894,0.7013139,0.63199866
belebele_swa_895,0.7163239,1.5429639
belebele_swa_896,0.7477486,1.1223401
belebele_swa_897,0.73943514,0.6612007
belebele_swa_898,0.6933035,0.1741344
belebele_swa_899,0.7013139,0.63199866
belebele_swa_9,0.80522317,-0.77776045
belebele_swa_90,0.80522317,-0.77776045
belebele_swa_91,0.80522317,-0.77776045
belebele_swa_92,0.7642891,-0.2684724
belebele_swa_93,0.80522317,-0.77776045
belebele_swa_94,0.80522317,-0.77776045
belebele_swa_95,0.80522317,-0.77776045
belebele_swa_96,0.80522317,-0.77776045
belebele_swa_97,0.7642891,-0.2684724
belebele_swa_98,0.7642891,-0.2684724
belebele_swa_99,0.80522317,-0.77776045
belebele_wol_0,0.72081393,-0.06779348
belebele_wol_1,0.5888396,0.33380476
belebele_wol_10,0.70774436,0.91588664
belebele_wol_100,0.63816136,0.83923864
belebele_wol_101,0.63816136,0.83923864
belebele_wol_102,0.71240824,0.43176785
belebele_wol_103,0.67151207,1.3479848
belebele_wol_104,0.7849863,-0.5951229
belebele_wol_105,0.72081393,-0.06779348
belebele_wol_106,0.7849863,-0.5951229
belebele_wol_107,0.71240824,0.43176785
belebele_wol_108,0.71240824,0.43176785
belebele_wol_109,0.71240824,0.43176785
belebele_wol_11,0.726103,-0.065489724
belebele_wol_110,0.67151207,1.3479848
belebele_wol_111,0.71240824,0.43176785
belebele_wol_112,0.726103,-0.065489724
belebele_wol_113,0.726103,-0.065489724
belebele_wol_114,0.6085382,0.8045358
belebele_wol_115,0.6182879,0.35756016
belebele_wol_116,0.6085382,0.8045358
belebele_wol_117,0.71240824,0.43176785
belebele_wol_118,0.71240824,0.43176785
belebele_wol_119,0.63816136,0.83923864
belebele_wol_12,0.63816136,0.83923864
belebele_wol_120,0.71240824,0.43176785
belebele_wol_121,0.71240824,0.43176785
belebele_wol_122,0.63816136,0.83923864
belebele_wol_123,0.70774436,0.91588664
belebele_wol_124,0.726103,-0.065489724
belebele_wol_125,0.71240824,0.43176785
belebele_wol_126,0.68766505,-0.081960544
belebele_wol_127,0.726103,-0.065489724
belebele_wol_128,0.71240824,0.43176785
belebele_wol_129,0.7849863,-0.5951229
belebele_wol_13,0.7849863,-0.5951229
belebele_wol_130,0.70774436,0.91588664
belebele_wol_131,0.71240824,0.43176785
belebele_wol_132,0.72081393,-0.06779348
belebele_wol_133,0.63816136,0.83923864
belebele_wol_134,0.72081393,-0.06779348
belebele_wol_135,0.67151207,1.3479848
belebele_wol_136,0.5888396,0.33380476
belebele_wol_137,0.71240824,0.43176785
belebele_wol_138,0.63816136,0.83923864
belebele_wol_139,0.7849863,-0.5951229
belebele_wol_14,0.63816136,0.83923864
belebele_wol_140,0.726103,-0.065489724
belebele_wol_141,0.726103,-0.065489724
belebele_wol_142,0.71240824,0.43176785
belebele_wol_143,0.70774436,0.91588664
belebele_wol_144,0.67151207,1.3479848
belebele_wol_145,0.72081393,-0.06779348
belebele_wol_146,0.726103,-0.065489724
belebele_wol_147,0.63816136,0.83923864
belebele_wol_148,0.6182879,0.35756016
belebele_wol_149,0.63816136,0.83923864
belebele_wol_15,0.726103,-0.065489724
belebele_wol_150,0.726103,-0.065489724
belebele_wol_151,0.7849863,-0.5951229
belebele_wol_152,0.70774436,0.91588664
belebele_wol_153,0.7849863,-0.5951229
belebele_wol_154,0.67151207,1.3479848
belebele_wol_155,0.726103,-0.065489724
belebele_wol_156,0.7849863,-0.5951229
belebele_wol_157,0.7849863,-0.5951229
belebele_wol_158,0.7849863,-0.5951229
belebele_wol_159,0.63816136,0.83923864
belebele_wol_16,0.71240824,0.43176785
belebele_wol_160,0.71240824,0.43176785
belebele_wol_161,0.6182879,0.35756016
belebele_wol_162,0.726103,-0.065489724
belebele_wol_163,0.71240824,0.43176785
belebele_wol_164,0.726103,-0.065489724
belebele_wol_165,0.6302503,-0.10513147
belebele_wol_166,0.7849863,-0.5951229
belebele_wol_167,0.71240824,0.43176785
belebele_wol_168,0.67151207,1.3479848
belebele_wol_169,0.726103,-0.065489724
belebele_wol_17,0.71240824,0.43176785
belebele_wol_170,0.67269474,0.40085033
belebele_wol_171,0.71240824,0.43176785
belebele_wol_172,0.71240824,0.43176785
belebele_wol_173,0.68766505,-0.081960544
belebele_wol_174,0.67151207,1.3479848
belebele_wol_175,0.726103,-0.065489724
belebele_wol_176,0.6776328,0.40472978
belebele_wol_177,0.6182879,0.35756016
belebele_wol_178,0.726103,-0.065489724
belebele_wol_179,0.7849863,-0.5951229
belebele_wol_18,0.72081393,-0.06779348
belebele_wol_180,0.6182879,0.35756016
belebele_wol_181,0.67151207,1.3479848
belebele_wol_182,0.70774436,0.91588664
belebele_wol_183,0.63816136,0.83923864
belebele_wol_184,0.6043317,0.79951
belebele_wol_185,0.71240824,0.43176785
belebele_wol_186,0.71240824,0.43176785
belebele_wol_187,0.63816136,0.83923864
belebele_wol_188,0.726103,-0.065489724
belebele_wol_189,0.7849863,-0.5951229
belebele_wol_19,0.71240824,0.43176785
belebele_wol_190,0.71240824,0.43176785
belebele_wol_191,0.7849863,-0.5951229
belebele_wol_192,0.71240824,0.43176785
belebele_wol_193,0.726103,-0.065489724
belebele_wol_194,0.7849863,-0.5951229
belebele_wol_195,0.68766505,-0.081960544
belebele_wol_196,0.5888396,0.33380476
belebele_wol_197,0.71240824,0.43176785
belebele_wol_198,0.63816136,0.83923864
belebele_wol_199,0.72081393,-0.06779348
belebele_wol_2,0.726103,-0.065489724
belebele_wol_20,0.70774436,0.91588664
belebele_wol_200,0.71240824,0.43176785
belebele_wol_201,0.71240824,0.43176785
belebele_wol_202,0.71240824,0.43176785
belebele_wol_203,0.67269474,0.40085033
belebele_wol_204,0.71240824,0.43176785
belebele_wol_205,0.71240824,0.43176785
belebele_wol_206,0.7849863,-0.5951229
belebele_wol_207,0.7849863,-0.5951229
belebele_wol_208,0.5888396,0.33380476
belebele_wol_209,0.7849863,-0.5951229
belebele_wol_21,0.71240824,0.43176785
belebele_wol_210,0.67151207,1.3479848
belebele_wol_211,0.7849863,-0.5951229
belebele_wol_212,0.726103,-0.065489724
belebele_wol_213,0.7849863,-0.5951229
belebele_wol_214,0.726103,-0.065489724
belebele_wol_215,0.6182879,0.35756016
belebele_wol_216,0.5888396,0.33380476
belebele_wol_217,0.70774436,0.91588664
belebele_wol_218,0.67151207,1.3479848
belebele_wol_219,0.67151207,1.3479848
belebele_wol_22,0.63816136,0.83923864
belebele_wol_220,0.726103,-0.065489724
belebele_wol_221,0.67151207,1.3479848
belebele_wol_222,0.726103,-0.065489724
belebele_wol_223,0.67269474,0.40085033
belebele_wol_224,0.726103,-0.065489724
belebele_wol_225,0.71240824,0.43176785
belebele_wol_226,0.6302503,-0.10513147
belebele_wol_227,0.63816136,0.83923864
belebele_wol_228,0.70774436,0.91588664
belebele_wol_229,0.7849863,-0.5951229
belebele_wol_23,0.6043317,0.79951
belebele_wol_230,0.71240824,0.43176785
belebele_wol_231,0.6776328,0.40472978
belebele_wol_232,0.7849863,-0.5951229
belebele_wol_233,0.726103,-0.065489724
belebele_wol_234,0.67151207,1.3479848
belebele_wol_235,0.726103,-0.065489724
belebele_wol_236,0.6182879,0.35756016
belebele_wol_237,0.63816136,0.83923864
belebele_wol_238,0.63816136,0.83923864
belebele_wol_239,0.67151207,1.3479848
belebele_wol_24,0.67151207,1.3479848
belebele_wol_240,0.67151207,1.3479848
belebele_wol_241,0.71240824,0.43176785
belebele_wol_242,0.7849863,-0.5951229
belebele_wol_243,0.7849863,-0.5951229
belebele_wol_244,0.6085382,0.8045358
belebele_wol_245,0.70774436,0.91588664
belebele_wol_246,0.5888396,0.33380476
belebele_wol_247,0.63816136,0.83923864
belebele_wol_248,0.71240824,0.43176785
belebele_wol_249,0.72081393,-0.06779348
belebele_wol_25,0.6182879,0.35756016
belebele_wol_250,0.67151207,1.3479848
belebele_wol_251,0.63816136,0.83923864
belebele_wol_252,0.7849863,-0.5951229
belebele_wol_253,0.7849863,-0.5951229
belebele_wol_254,0.68766505,-0.081960544
belebele_wol_255,0.70774436,0.91588664
belebele_wol_256,0.71240824,0.43176785
belebele_wol_257,0.7849863,-0.5951229
belebele_wol_258,0.70774436,0.91588664
belebele_wol_259,0.63816136,0.83923864
belebele_wol_26,0.67151207,1.3479848
belebele_wol_260,0.72081393,-0.06779348
belebele_wol_261,0.63816136,0.83923864
belebele_wol_262,0.71240824,0.43176785
belebele_wol_263,0.7849863,-0.5951229
belebele_wol_264,0.6043317,0.79951
belebele_wol_265,0.7849863,-0.5951229
belebele_wol_266,0.71240824,0.43176785
belebele_wol_267,0.7849863,-0.5951229
belebele_wol_268,0.7849863,-0.5951229
belebele_wol_269,0.67151207,1.3479848
belebele_wol_27,0.70774436,0.91588664
belebele_wol_270,0.7849863,-0.5951229
belebele_wol_271,0.70774436,0.91588664
belebele_wol_272,0.68766505,-0.081960544
belebele_wol_273,0.7849863,-0.5951229
belebele_wol_274,0.726103,-0.065489724
belebele_wol_275,0.71240824,0.43176785
belebele_wol_276,0.6182879,0.35756016
belebele_wol_277,0.7849863,-0.5951229
belebele_wol_278,0.7849863,-0.5951229
belebele_wol_279,0.7849863,-0.5951229
belebele_wol_28,0.67151207,1.3479848
belebele_wol_280,0.6043317,0.79951
belebele_wol_281,0.71240824,0.43176785
belebele_wol_282,0.6302503,-0.10513147
belebele_wol_283,0.6182879,0.35756016
belebele_wol_284,0.7849863,-0.5951229
belebele_wol_285,0.70774436,0.91588664
belebele_wol_286,0.6142404,0.35430574
belebele_wol_287,0.71240824,0.43176785
belebele_wol_288,0.726103,-0.065489724
belebele_wol_289,0.72081393,-0.06779348
belebele_wol_29,0.726103,-0.065489724
belebele_wol_290,0.63816136,0.83923864
belebele_wol_291,0.7849863,-0.5951229
belebele_wol_292,0.7849863,-0.5951229
belebele_wol_293,0.7849863,-0.5951229
belebele_wol_294,0.7849863,-0.5951229
belebele_wol_295,0.7849863,-0.5951229
belebele_wol_296,0.726103,-0.065489724
belebele_wol_297,0.71240824,0.43176785
belebele_wol_298,0.71240824,0.43176785
belebele_wol_299,0.7849863,-0.5951229
belebele_wol_3,0.70774436,0.91588664
belebele_wol_30,0.70774436,0.91588664
belebele_wol_300,0.726103,-0.065489724
belebele_wol_301,0.63816136,0.83923864
belebele_wol_302,0.72081393,-0.06779348
belebele_wol_303,0.7849863,-0.5951229
belebele_wol_304,0.7849863,-0.5951229
belebele_wol_305,0.7849863,-0.5951229
belebele_wol_306,0.70774436,0.91588664
belebele_wol_307,0.7849863,-0.5951229
belebele_wol_308,0.71240824,0.43176785
belebele_wol_309,0.7849863,-0.5951229
belebele_wol_31,0.63816136,0.83923864
belebele_wol_310,0.6182879,0.35756016
belebele_wol_311,0.7849863,-0.5951229
belebele_wol_312,0.7849863,-0.5951229
belebele_wol_313,0.726103,-0.065489724
belebele_wol_314,0.71240824,0.43176785
belebele_wol_315,0.71240824,0.43176785
belebele_wol_316,0.70774436,0.91588664
belebele_wol_317,0.63816136,0.83923864
belebele_wol_318,0.67151207,1.3479848
belebele_wol_319,0.67151207,1.3479848
belebele_wol_32,0.6043317,0.79951
belebele_wol_320,0.6142404,0.35430574
belebele_wol_321,0.71240824,0.43176785
belebele_wol_322,0.6043317,0.79951
belebele_wol_323,0.5888396,0.33380476
belebele_wol_324,0.70774436,0.91588664
belebele_wol_325,0.67151207,1.3479848
belebele_wol_326,0.71240824,0.43176785
belebele_wol_327,0.71240824,0.43176785
belebele_wol_328,0.72081393,-0.06779348
belebele_wol_329,0.63816136,0.83923864
belebele_wol_33,0.63816136,0.83923864
belebele_wol_330,0.5888396,0.33380476
belebele_wol_331,0.726103,-0.065489724
belebele_wol_332,0.726103,-0.065489724
belebele_wol_333,0.71240824,0.43176785
belebele_wol_334,0.72081393,-0.06779348
belebele_wol_335,0.72081393,-0.06779348
belebele_wol_336,0.71240824,0.43176785
belebele_wol_337,0.71240824,0.43176785
belebele_wol_338,0.7849863,-0.5951229
belebele_wol_339,0.726103,-0.065489724
belebele_wol_34,0.70774436,0.91588664
belebele_wol_340,0.726103,-0.065489724
belebele_wol_341,0.72081393,-0.06779348
belebele_wol_342,0.6142404,0.35430574
belebele_wol_343,0.70774436,0.91588664
belebele_wol_344,0.6043317,0.79951
belebele_wol_345,0.63816136,0.83923864
belebele_wol_346,0.71240824,0.43176785
belebele_wol_347,0.726103,-0.065489724
belebele_wol_348,0.63816136,0.83923864
belebele_wol_349,0.72081393,-0.06779348
belebele_wol_35,0.7849863,-0.5951229
belebele_wol_350,0.7849863,-0.5951229
belebele_wol_351,0.71240824,0.43176785
belebele_wol_352,0.71240824,0.43176785
belebele_wol_353,0.67151207,1.3479848
belebele_wol_354,0.63816136,0.83923864
belebele_wol_355,0.726103,-0.065489724
belebele_wol_356,0.7849863,-0.5951229
belebele_wol_357,0.63816136,0.83923864
belebele_wol_358,0.63816136,0.83923864
belebele_wol_359,0.6182879,0.35756016
belebele_wol_36,0.71240824,0.43176785
belebele_wol_360,0.63816136,0.83923864
belebele_wol_361,0.67151207,1.3479848
belebele_wol_362,0.7849863,-0.5951229
belebele_wol_363,0.7849863,-0.5951229
belebele_wol_364,0.726103,-0.065489724
belebele_wol_365,0.70774436,0.91588664
belebele_wol_366,0.7849863,-0.5951229
belebele_wol_367,0.71240824,0.43176785
belebele_wol_368,0.726103,-0.065489724
belebele_wol_369,0.72081393,-0.06779348
belebele_wol_37,0.63816136,0.83923864
belebele_wol_370,0.726103,-0.065489724
belebele_wol_371,0.63816136,0.83923864
belebele_wol_372,0.63816136,0.83923864
belebele_wol_373,0.70774436,0.91588664
belebele_wol_374,0.63816136,0.83923864
belebele_wol_375,0.70774436,0.91588664
belebele_wol_376,0.6182879,0.35756016
belebele_wol_377,0.70774436,0.91588664
belebele_wol_378,0.63816136,0.83923864
belebele_wol_379,0.71240824,0.43176785
belebele_wol_38,0.63816136,0.83923864
belebele_wol_380,0.7849863,-0.5951229
belebele_wol_381,0.71240824,0.43176785
belebele_wol_382,0.68766505,-0.081960544
belebele_wol_383,0.7849863,-0.5951229
belebele_wol_384,0.67151207,1.3479848
belebele_wol_385,0.7849863,-0.5951229
belebele_wol_386,0.7849863,-0.5951229
belebele_wol_387,0.67151207,1.3479848
belebele_wol_388,0.726103,-0.065489724
belebele_wol_389,0.6776328,0.40472978
belebele_wol_39,0.6085382,0.8045358
belebele_wol_390,0.726103,-0.065489724
belebele_wol_391,0.726103,-0.065489724
belebele_wol_392,0.726103,-0.065489724
belebele_wol_393,0.68766505,-0.081960544
belebele_wol_394,0.72081393,-0.06779348
belebele_wol_395,0.71240824,0.43176785
belebele_wol_396,0.72081393,-0.06779348
belebele_wol_397,0.6085382,0.8045358
belebele_wol_398,0.71240824,0.43176785
belebele_wol_399,0.726103,-0.065489724
belebele_wol_4,0.7849863,-0.5951229
belebele_wol_40,0.67151207,1.3479848
belebele_wol_400,0.726103,-0.065489724
belebele_wol_401,0.70774436,0.91588664
belebele_wol_402,0.71240824,0.43176785
belebele_wol_403,0.67151207,1.3479848
belebele_wol_404,0.726103,-0.065489724
belebele_wol_405,0.7849863,-0.5951229
belebele_wol_406,0.6776328,0.40472978
belebele_wol_407,0.71240824,0.43176785
belebele_wol_408,0.726103,-0.065489724
belebele_wol_409,0.726103,-0.065489724
belebele_wol_41,0.67151207,1.3479848
belebele_wol_410,0.72081393,-0.06779348
belebele_wol_411,0.67151207,1.3479848
belebele_wol_412,0.7849863,-0.5951229
belebele_wol_413,0.63816136,0.83923864
belebele_wol_414,0.6776328,0.40472978
belebele_wol_415,0.72081393,-0.06779348
belebele_wol_416,0.71240824,0.43176785
belebele_wol_417,0.7849863,-0.5951229
belebele_wol_418,0.7849863,-0.5951229
belebele_wol_419,0.7849863,-0.5951229
belebele_wol_42,0.70774436,0.91588664
belebele_wol_420,0.6043317,0.79951
belebele_wol_421,0.70774436,0.91588664
belebele_wol_422,0.71240824,0.43176785
belebele_wol_423,0.71240824,0.43176785
belebele_wol_424,0.7849863,-0.5951229
belebele_wol_425,0.7849863,-0.5951229
belebele_wol_426,0.72081393,-0.06779348
belebele_wol_427,0.726103,-0.065489724
belebele_wol_428,0.72081393,-0.06779348
belebele_wol_429,0.726103,-0.065489724
belebele_wol_43,0.6182879,0.35756016
belebele_wol_430,0.726103,-0.065489724
belebele_wol_431,0.71240824,0.43176785
belebele_wol_432,0.7849863,-0.5951229
belebele_wol_433,0.63816136,0.83923864
belebele_wol_434,0.63816136,0.83923864
belebele_wol_435,0.6043317,0.79951
belebele_wol_436,0.67151207,1.3479848
belebele_wol_437,0.71240824,0.43176785
belebele_wol_438,0.7849863,-0.5951229
belebele_wol_439,0.67151207,1.3479848
belebele_wol_44,0.67151207,1.3479848
belebele_wol_440,0.72081393,-0.06779348
belebele_wol_441,0.6182879,0.35756016
belebele_wol_442,0.726103,-0.065489724
belebele_wol_443,0.7849863,-0.5951229
belebele_wol_444,0.726103,-0.065489724
belebele_wol_445,0.63816136,0.83923864
belebele_wol_446,0.70774436,0.91588664
belebele_wol_447,0.67151207,1.3479848
belebele_wol_448,0.726103,-0.065489724
belebele_wol_449,0.726103,-0.065489724
belebele_wol_45,0.67151207,1.3479848
belebele_wol_450,0.726103,-0.065489724
belebele_wol_451,0.63816136,0.83923864
belebele_wol_452,0.72081393,-0.06779348
belebele_wol_453,0.71240824,0.43176785
belebele_wol_454,0.67151207,1.3479848
belebele_wol_455,0.6776328,0.40472978
belebele_wol_456,0.726103,-0.065489724
belebele_wol_457,0.6182879,0.35756016
belebele_wol_458,0.70774436,0.91588664
belebele_wol_459,0.71240824,0.43176785
belebele_wol_46,0.726103,-0.065489724
belebele_wol_460,0.71240824,0.43176785
belebele_wol_461,0.7849863,-0.5951229
belebele_wol_462,0.726103,-0.065489724
belebele_wol_463,0.7849863,-0.5951229
belebele_wol_464,0.7849863,-0.5951229
belebele_wol_465,0.726103,-0.065489724
belebele_wol_466,0.63816136,0.83923864
belebele_wol_467,0.68766505,-0.081960544
belebele_wol_468,0.72081393,-0.06779348
belebele_wol_469,0.7849863,-0.5951229
belebele_wol_47,0.71240824,0.43176785
belebele_wol_470,0.72081393,-0.06779348
belebele_wol_471,0.726103,-0.065489724
belebele_wol_472,0.70774436,0.91588664
belebele_wol_473,0.7849863,-0.5951229
belebele_wol_474,0.71240824,0.43176785
belebele_wol_475,0.7849863,-0.5951229
belebele_wol_476,0.63816136,0.83923864
belebele_wol_477,0.71240824,0.43176785
belebele_wol_478,0.726103,-0.065489724
belebele_wol_479,0.71240824,0.43176785
belebele_wol_48,0.6142404,0.35430574
belebele_wol_480,0.7849863,-0.5951229
belebele_wol_481,0.7849863,-0.5951229
belebele_wol_482,0.68766505,-0.081960544
belebele_wol_483,0.70774436,0.91588664
belebele_wol_484,0.726103,-0.065489724
belebele_wol_485,0.71240824,0.43176785
belebele_wol_486,0.67151207,1.3479848
belebele_wol_487,0.67151207,1.3479848
belebele_wol_488,0.71240824,0.43176785
belebele_wol_489,0.726103,-0.065489724
belebele_wol_49,0.726103,-0.065489724
belebele_wol_490,0.71240824,0.43176785
belebele_wol_491,0.7849863,-0.5951229
belebele_wol_492,0.7849863,-0.5951229
belebele_wol_493,0.70774436,0.91588664
belebele_wol_494,0.5888396,0.33380476
belebele_wol_495,0.726103,-0.065489724
belebele_wol_496,0.726103,-0.065489724
belebele_wol_497,0.67269474,0.40085033
belebele_wol_498,0.67151207,1.3479848
belebele_wol_499,0.63816136,0.83923864
belebele_wol_5,0.70774436,0.91588664
belebele_wol_50,0.67151207,1.3479848
belebele_wol_500,0.726103,-0.065489724
belebele_wol_501,0.71240824,0.43176785
belebele_wol_502,0.71240824,0.43176785
belebele_wol_503,0.726103,-0.065489724
belebele_wol_504,0.71240824,0.43176785
belebele_wol_505,0.726103,-0.065489724
belebele_wol_506,0.726103,-0.065489724
belebele_wol_507,0.67151207,1.3479848
belebele_wol_508,0.63816136,0.83923864
belebele_wol_509,0.67151207,1.3479848
belebele_wol_51,0.7849863,-0.5951229
belebele_wol_510,0.67151207,1.3479848
belebele_wol_511,0.72081393,-0.06779348
belebele_wol_512,0.70774436,0.91588664
belebele_wol_513,0.63816136,0.83923864
belebele_wol_514,0.71240824,0.43176785
belebele_wol_515,0.6776328,0.40472978
belebele_wol_516,0.63816136,0.83923864
belebele_wol_517,0.7849863,-0.5951229
belebele_wol_518,0.71240824,0.43176785
belebele_wol_519,0.6776328,0.40472978
belebele_wol_52,0.72081393,-0.06779348
belebele_wol_520,0.726103,-0.065489724
belebele_wol_521,0.72081393,-0.06779348
belebele_wol_522,0.67151207,1.3479848
belebele_wol_523,0.6043317,0.79951
belebele_wol_524,0.726103,-0.065489724
belebele_wol_525,0.72081393,-0.06779348
belebele_wol_526,0.726103,-0.065489724
belebele_wol_527,0.7849863,-0.5951229
belebele_wol_528,0.67269474,0.40085033
belebele_wol_529,0.71240824,0.43176785
belebele_wol_53,0.7849863,-0.5951229
belebele_wol_530,0.72081393,-0.06779348
belebele_wol_531,0.71240824,0.43176785
belebele_wol_532,0.7849863,-0.5951229
belebele_wol_533,0.72081393,-0.06779348
belebele_wol_534,0.71240824,0.43176785
belebele_wol_535,0.71240824,0.43176785
belebele_wol_536,0.7849863,-0.5951229
belebele_wol_537,0.726103,-0.065489724
belebele_wol_538,0.7849863,-0.5951229
belebele_wol_539,0.71240824,0.43176785
belebele_wol_54,0.726103,-0.065489724
belebele_wol_540,0.6142404,0.35430574
belebele_wol_541,0.71240824,0.43176785
belebele_wol_542,0.71240824,0.43176785
belebele_wol_543,0.726103,-0.065489724
belebele_wol_544,0.70774436,0.91588664
belebele_wol_545,0.63816136,0.83923864
belebele_wol_546,0.726103,-0.065489724
belebele_wol_547,0.67151207,1.3479848
belebele_wol_548,0.71240824,0.43176785
belebele_wol_549,0.726103,-0.065489724
belebele_wol_55,0.67151207,1.3479848
belebele_wol_550,0.71240824,0.43176785
belebele_wol_551,0.63816136,0.83923864
belebele_wol_552,0.7849863,-0.5951229
belebele_wol_553,0.70774436,0.91588664
belebele_wol_554,0.71240824,0.43176785
belebele_wol_555,0.726103,-0.065489724
belebele_wol_556,0.6302503,-0.10513147
belebele_wol_557,0.63816136,0.83923864
belebele_wol_558,0.7849863,-0.5951229
belebele_wol_559,0.7849863,-0.5951229
belebele_wol_56,0.70774436,0.91588664
belebele_wol_560,0.70774436,0.91588664
belebele_wol_561,0.67269474,0.40085033
belebele_wol_562,0.71240824,0.43176785
belebele_wol_563,0.6182879,0.35756016
belebele_wol_564,0.6043317,0.79951
belebele_wol_565,0.7849863,-0.5951229
belebele_wol_566,0.7849863,-0.5951229
belebele_wol_567,0.71240824,0.43176785
belebele_wol_568,0.726103,-0.065489724
belebele_wol_569,0.6182879,0.35756016
belebele_wol_57,0.67151207,1.3479848
belebele_wol_570,0.71240824,0.43176785
belebele_wol_571,0.6776328,0.40472978
belebele_wol_572,0.7849863,-0.5951229
belebele_wol_573,0.7849863,-0.5951229
belebele_wol_574,0.63816136,0.83923864
belebele_wol_575,0.71240824,0.43176785
belebele_wol_576,0.71240824,0.43176785
belebele_wol_577,0.7849863,-0.5951229
belebele_wol_578,0.7849863,-0.5951229
belebele_wol_579,0.726103,-0.065489724
belebele_wol_58,0.71240824,0.43176785
belebele_wol_580,0.71240824,0.43176785
belebele_wol_581,0.6043317,0.79951
belebele_wol_582,0.7849863,-0.5951229
belebele_wol_583,0.63816136,0.83923864
belebele_wol_584,0.6182879,0.35756016
belebele_wol_585,0.726103,-0.065489724
belebele_wol_586,0.71240824,0.43176785
belebele_wol_587,0.71240824,0.43176785
belebele_wol_588,0.7849863,-0.5951229
belebele_wol_589,0.63816136,0.83923864
belebele_wol_59,0.67151207,1.3479848
belebele_wol_590,0.63816136,0.83923864
belebele_wol_591,0.67269474,0.40085033
belebele_wol_592,0.726103,-0.065489724
belebele_wol_593,0.63816136,0.83923864
belebele_wol_594,0.63816136,0.83923864
belebele_wol_595,0.6776328,0.40472978
belebele_wol_596,0.726103,-0.065489724
belebele_wol_597,0.71240824,0.43176785
belebele_wol_598,0.67151207,1.3479848
belebele_wol_599,0.63816136,0.83923864
belebele_wol_6,0.70774436,0.91588664
belebele_wol_60,0.7849863,-0.5951229
belebele_wol_600,0.70774436,0.91588664
belebele_wol_601,0.67269474,0.40085033
belebele_wol_602,0.6776328,0.40472978
belebele_wol_603,0.67151207,1.3479848
belebele_wol_604,0.71240824,0.43176785
belebele_wol_605,0.63816136,0.83923864
belebele_wol_606,0.726103,-0.065489724
belebele_wol_607,0.7849863,-0.5951229
belebele_wol_608,0.67151207,1.3479848
belebele_wol_609,0.67151207,1.3479848
belebele_wol_61,0.7849863,-0.5951229
belebele_wol_610,0.7849863,-0.5951229
belebele_wol_611,0.63816136,0.83923864
belebele_wol_612,0.67151207,1.3479848
belebele_wol_613,0.7849863,-0.5951229
belebele_wol_614,0.63816136,0.83923864
belebele_wol_615,0.71240824,0.43176785
belebele_wol_616,0.71240824,0.43176785
belebele_wol_617,0.726103,-0.065489724
belebele_wol_618,0.71240824,0.43176785
belebele_wol_619,0.71240824,0.43176785
belebele_wol_62,0.71240824,0.43176785
belebele_wol_620,0.7849863,-0.5951229
belebele_wol_621,0.67269474,0.40085033
belebele_wol_622,0.67151207,1.3479848
belebele_wol_623,0.7849863,-0.5951229
belebele_wol_624,0.6182879,0.35756016
belebele_wol_625,0.726103,-0.065489724
belebele_wol_626,0.72081393,-0.06779348
belebele_wol_627,0.7849863,-0.5951229
belebele_wol_628,0.67151207,1.3479848
belebele_wol_629,0.71240824,0.43176785
belebele_wol_63,0.67151207,1.3479848
belebele_wol_630,0.6182879,0.35756016
belebele_wol_631,0.67269474,0.40085033
belebele_wol_632,0.70774436,0.91588664
belebele_wol_633,0.71240824,0.43176785
belebele_wol_634,0.6776328,0.40472978
belebele_wol_635,0.7849863,-0.5951229
belebele_wol_636,0.72081393,-0.06779348
belebele_wol_637,0.7849863,-0.5951229
belebele_wol_638,0.7849863,-0.5951229
belebele_wol_639,0.63816136,0.83923864
belebele_wol_64,0.726103,-0.065489724
belebele_wol_640,0.71240824,0.43176785
belebele_wol_641,0.70774436,0.91588664
belebele_wol_642,0.6085382,0.8045358
belebele_wol_643,0.6182879,0.35756016
belebele_wol_644,0.726103,-0.065489724
belebele_wol_645,0.6085382,0.8045358
belebele_wol_646,0.71240824,0.43176785
belebele_wol_647,0.67151207,1.3479848
belebele_wol_648,0.6085382,0.8045358
belebele_wol_649,0.70774436,0.91588664
belebele_wol_65,0.6182879,0.35756016
belebele_wol_650,0.71240824,0.43176785
belebele_wol_651,0.71240824,0.43176785
belebele_wol_652,0.726103,-0.065489724
belebele_wol_653,0.72081393,-0.06779348
belebele_wol_654,0.71240824,0.43176785
belebele_wol_655,0.7849863,-0.5951229
belebele_wol_656,0.67151207,1.3479848
belebele_wol_657,0.72081393,-0.06779348
belebele_wol_658,0.7849863,-0.5951229
belebele_wol_659,0.72081393,-0.06779348
belebele_wol_66,0.6182879,0.35756016
belebele_wol_660,0.63816136,0.83923864
belebele_wol_661,0.71240824,0.43176785
belebele_wol_662,0.726103,-0.065489724
belebele_wol_663,0.67151207,1.3479848
belebele_wol_664,0.726103,-0.065489724
belebele_wol_665,0.63816136,0.83923864
belebele_wol_666,0.63816136,0.83923864
belebele_wol_667,0.70774436,0.91588664
belebele_wol_668,0.67151207,1.3479848
belebele_wol_669,0.6776328,0.40472978
belebele_wol_67,0.6142404,0.35430574
belebele_wol_670,0.67269474,0.40085033
belebele_wol_671,0.70774436,0.91588664
belebele_wol_672,0.726103,-0.065489724
belebele_wol_673,0.726103,-0.065489724
belebele_wol_674,0.70774436,0.91588664
belebele_wol_675,0.726103,-0.065489724
belebele_wol_676,0.67151207,1.3479848
belebele_wol_677,0.67269474,0.40085033
belebele_wol_678,0.726103,-0.065489724
belebele_wol_679,0.71240824,0.43176785
belebele_wol_68,0.72081393,-0.06779348
belebele_wol_680,0.7849863,-0.5951229
belebele_wol_681,0.71240824,0.43176785
belebele_wol_682,0.7849863,-0.5951229
belebele_wol_683,0.72081393,-0.06779348
belebele_wol_684,0.726103,-0.065489724
belebele_wol_685,0.7849863,-0.5951229
belebele_wol_686,0.67269474,0.40085033
belebele_wol_687,0.7849863,-0.5951229
belebele_wol_688,0.71240824,0.43176785
belebele_wol_689,0.63816136,0.83923864
belebele_wol_69,0.7849863,-0.5951229
belebele_wol_690,0.6043317,0.79951
belebele_wol_691,0.63816136,0.83923864
belebele_wol_692,0.71240824,0.43176785
belebele_wol_693,0.67151207,1.3479848
belebele_wol_694,0.726103,-0.065489724
belebele_wol_695,0.6142404,0.35430574
belebele_wol_696,0.67151207,1.3479848
belebele_wol_697,0.7849863,-0.5951229
belebele_wol_698,0.7849863,-0.5951229
belebele_wol_699,0.6142404,0.35430574
belebele_wol_7,0.6182879,0.35756016
belebele_wol_70,0.6776328,0.40472978
belebele_wol_700,0.63816136,0.83923864
belebele_wol_701,0.67269474,0.40085033
belebele_wol_702,0.63816136,0.83923864
belebele_wol_703,0.71240824,0.43176785
belebele_wol_704,0.63816136,0.83923864
belebele_wol_705,0.5888396,0.33380476
belebele_wol_706,0.726103,-0.065489724
belebele_wol_707,0.726103,-0.065489724
belebele_wol_708,0.7849863,-0.5951229
belebele_wol_709,0.63816136,0.83923864
belebele_wol_71,0.67151207,1.3479848
belebele_wol_710,0.726103,-0.065489724
belebele_wol_711,0.67151207,1.3479848
belebele_wol_712,0.68766505,-0.081960544
belebele_wol_713,0.71240824,0.43176785
belebele_wol_714,0.63816136,0.83923864
belebele_wol_715,0.7849863,-0.5951229
belebele_wol_716,0.726103,-0.065489724
belebele_wol_717,0.67151207,1.3479848
belebele_wol_718,0.71240824,0.43176785
belebele_wol_719,0.63816136,0.83923864
belebele_wol_72,0.67151207,1.3479848
belebele_wol_720,0.7849863,-0.5951229
belebele_wol_721,0.63816136,0.83923864
belebele_wol_722,0.68766505,-0.081960544
belebele_wol_723,0.63816136,0.83923864
belebele_wol_724,0.6776328,0.40472978
belebele_wol_725,0.7849863,-0.5951229
belebele_wol_726,0.6776328,0.40472978
belebele_wol_727,0.726103,-0.065489724
belebele_wol_728,0.67151207,1.3479848
belebele_wol_729,0.7849863,-0.5951229
belebele_wol_73,0.726103,-0.065489724
belebele_wol_730,0.6142404,0.35430574
belebele_wol_731,0.7849863,-0.5951229
belebele_wol_732,0.67269474,0.40085033
belebele_wol_733,0.726103,-0.065489724
belebele_wol_734,0.71240824,0.43176785
belebele_wol_735,0.71240824,0.43176785
belebele_wol_736,0.726103,-0.065489724
belebele_wol_737,0.71240824,0.43176785
belebele_wol_738,0.71240824,0.43176785
belebele_wol_739,0.67151207,1.3479848
belebele_wol_74,0.67269474,0.40085033
belebele_wol_740,0.7849863,-0.5951229
belebele_wol_741,0.70774436,0.91588664
belebele_wol_742,0.63816136,0.83923864
belebele_wol_743,0.6043317,0.79951
belebele_wol_744,0.6085382,0.8045358
belebele_wol_745,0.71240824,0.43176785
belebele_wol_746,0.7849863,-0.5951229
belebele_wol_747,0.6776328,0.40472978
belebele_wol_748,0.726103,-0.065489724
belebele_wol_749,0.68766505,-0.081960544
belebele_wol_75,0.63816136,0.83923864
belebele_wol_750,0.67151207,1.3479848
belebele_wol_751,0.726103,-0.065489724
belebele_wol_752,0.726103,-0.065489724
belebele_wol_753,0.71240824,0.43176785
belebele_wol_754,0.7849863,-0.5951229
belebele_wol_755,0.6085382,0.8045358
belebele_wol_756,0.67151207,1.3479848
belebele_wol_757,0.71240824,0.43176785
belebele_wol_758,0.71240824,0.43176785
belebele_wol_759,0.7849863,-0.5951229
belebele_wol_76,0.71240824,0.43176785
belebele_wol_760,0.67151207,1.3479848
belebele_wol_761,0.726103,-0.065489724
belebele_wol_762,0.70774436,0.91588664
belebele_wol_763,0.7849863,-0.5951229
belebele_wol_764,0.7849863,-0.5951229
belebele_wol_765,0.6142404,0.35430574
belebele_wol_766,0.70774436,0.91588664
belebele_wol_767,0.67151207,1.3479848
belebele_wol_768,0.70774436,0.91588664
belebele_wol_769,0.7849863,-0.5951229
belebele_wol_77,0.71240824,0.43176785
belebele_wol_770,0.7849863,-0.5951229
belebele_wol_771,0.71240824,0.43176785
belebele_wol_772,0.71240824,0.43176785
belebele_wol_773,0.71240824,0.43176785
belebele_wol_774,0.726103,-0.065489724
belebele_wol_775,0.71240824,0.43176785
belebele_wol_776,0.71240824,0.43176785
belebele_wol_777,0.726103,-0.065489724
belebele_wol_778,0.68766505,-0.081960544
belebele_wol_779,0.63816136,0.83923864
belebele_wol_78,0.7849863,-0.5951229
belebele_wol_780,0.6302503,-0.10513147
belebele_wol_781,0.70774436,0.91588664
belebele_wol_782,0.72081393,-0.06779348
belebele_wol_783,0.5888396,0.33380476
belebele_wol_784,0.71240824,0.43176785
belebele_wol_785,0.71240824,0.43176785
belebele_wol_786,0.67269474,0.40085033
belebele_wol_787,0.7849863,-0.5951229
belebele_wol_788,0.71240824,0.43176785
belebele_wol_789,0.726103,-0.065489724
belebele_wol_79,0.6302503,-0.10513147
belebele_wol_790,0.63816136,0.83923864
belebele_wol_791,0.6182879,0.35756016
belebele_wol_792,0.71240824,0.43176785
belebele_wol_793,0.71240824,0.43176785
belebele_wol_794,0.63816136,0.83923864
belebele_wol_795,0.63816136,0.83923864
belebele_wol_796,0.7849863,-0.5951229
belebele_wol_797,0.68766505,-0.081960544
belebele_wol_798,0.70774436,0.91588664
belebele_wol_799,0.71240824,0.43176785
belebele_wol_8,0.68766505,-0.081960544
belebele_wol_80,0.71240824,0.43176785
belebele_wol_800,0.726103,-0.065489724
belebele_wol_801,0.63816136,0.83923864
belebele_wol_802,0.72081393,-0.06779348
belebele_wol_803,0.7849863,-0.5951229
belebele_wol_804,0.63816136,0.83923864
belebele_wol_805,0.726103,-0.065489724
belebele_wol_806,0.71240824,0.43176785
belebele_wol_807,0.68766505,-0.081960544
belebele_wol_808,0.5888396,0.33380476
belebele_wol_809,0.7849863,-0.5951229
belebele_wol_81,0.726103,-0.065489724
belebele_wol_810,0.71240824,0.43176785
belebele_wol_811,0.70774436,0.91588664
belebele_wol_812,0.726103,-0.065489724
belebele_wol_813,0.7849863,-0.5951229
belebele_wol_814,0.70774436,0.91588664
belebele_wol_815,0.71240824,0.43176785
belebele_wol_816,0.63816136,0.83923864
belebele_wol_817,0.71240824,0.43176785
belebele_wol_818,0.726103,-0.065489724
belebele_wol_819,0.71240824,0.43176785
belebele_wol_82,0.7849863,-0.5951229
belebele_wol_820,0.6182879,0.35756016
belebele_wol_821,0.71240824,0.43176785
belebele_wol_822,0.71240824,0.43176785
belebele_wol_823,0.6776328,0.40472978
belebele_wol_824,0.70774436,0.91588664
belebele_wol_825,0.7849863,-0.5951229
belebele_wol_826,0.67269474,0.40085033
belebele_wol_827,0.7849863,-0.5951229
belebele_wol_828,0.71240824,0.43176785
belebele_wol_829,0.67151207,1.3479848
belebele_wol_83,0.6043317,0.79951
belebele_wol_830,0.63816136,0.83923864
belebele_wol_831,0.63816136,0.83923864
belebele_wol_832,0.6182879,0.35756016
belebele_wol_833,0.70774436,0.91588664
belebele_wol_834,0.71240824,0.43176785
belebele_wol_835,0.63816136,0.83923864
belebele_wol_836,0.7849863,-0.5951229
belebele_wol_837,0.67269474,0.40085033
belebele_wol_838,0.68766505,-0.081960544
belebele_wol_839,0.7849863,-0.5951229
belebele_wol_84,0.67151207,1.3479848
belebele_wol_840,0.63816136,0.83923864
belebele_wol_841,0.726103,-0.065489724
belebele_wol_842,0.67151207,1.3479848
belebele_wol_843,0.7849863,-0.5951229
belebele_wol_844,0.726103,-0.065489724
belebele_wol_845,0.67151207,1.3479848
belebele_wol_846,0.67151207,1.3479848
belebele_wol_847,0.71240824,0.43176785
belebele_wol_848,0.71240824,0.43176785
belebele_wol_849,0.6776328,0.40472978
belebele_wol_85,0.6302503,-0.10513147
belebele_wol_850,0.63816136,0.83923864
belebele_wol_851,0.726103,-0.065489724
belebele_wol_852,0.67151207,1.3479848
belebele_wol_853,0.6776328,0.40472978
belebele_wol_854,0.67151207,1.3479848
belebele_wol_855,0.5888396,0.33380476
belebele_wol_856,0.67151207,1.3479848
belebele_wol_857,0.63816136,0.83923864
belebele_wol_858,0.63816136,0.83923864
belebele_wol_859,0.67151207,1.3479848
belebele_wol_86,0.7849863,-0.5951229
belebele_wol_860,0.6085382,0.8045358
belebele_wol_861,0.726103,-0.065489724
belebele_wol_862,0.63816136,0.83923864
belebele_wol_863,0.7849863,-0.5951229
belebele_wol_864,0.7849863,-0.5951229
belebele_wol_865,0.726103,-0.065489724
belebele_wol_866,0.71240824,0.43176785
belebele_wol_867,0.7849863,-0.5951229
belebele_wol_868,0.71240824,0.43176785
belebele_wol_869,0.71240824,0.43176785
belebele_wol_87,0.63816136,0.83923864
belebele_wol_870,0.6182879,0.35756016
belebele_wol_871,0.63816136,0.83923864
belebele_wol_872,0.7849863,-0.5951229
belebele_wol_873,0.71240824,0.43176785
belebele_wol_874,0.70774436,0.91588664
belebele_wol_875,0.7849863,-0.5951229
belebele_wol_876,0.726103,-0.065489724
belebele_wol_877,0.67151207,1.3479848
belebele_wol_878,0.71240824,0.43176785
belebele_wol_879,0.67151207,1.3479848
belebele_wol_88,0.67269474,0.40085033
belebele_wol_880,0.726103,-0.065489724
belebele_wol_881,0.70774436,0.91588664
belebele_wol_882,0.726103,-0.065489724
belebele_wol_883,0.6043317,0.79951
belebele_wol_884,0.6182879,0.35756016
belebele_wol_885,0.7849863,-0.5951229
belebele_wol_886,0.71240824,0.43176785
belebele_wol_887,0.7849863,-0.5951229
belebele_wol_888,0.7849863,-0.5951229
belebele_wol_889,0.726103,-0.065489724
belebele_wol_89,0.72081393,-0.06779348
belebele_wol_890,0.67151207,1.3479848
belebele_wol_891,0.726103,-0.065489724
belebele_wol_892,0.67151207,1.3479848
belebele_wol_893,0.67151207,1.3479848
belebele_wol_894,0.70774436,0.91588664
belebele_wol_895,0.67151207,1.3479848
belebele_wol_896,0.63816136,0.83923864
belebele_wol_897,0.67151207,1.3479848
belebele_wol_898,0.70774436,0.91588664
belebele_wol_899,0.63816136,0.83923864
belebele_wol_9,0.726103,-0.065489724
belebele_wol_90,0.6776328,0.40472978
belebele_wol_91,0.63816136,0.83923864
belebele_wol_92,0.63816136,0.83923864
belebele_wol_93,0.71240824,0.43176785
belebele_wol_94,0.67269474,0.40085033
belebele_wol_95,0.71240824,0.43176785
belebele_wol_96,0.71240824,0.43176785
belebele_wol_97,0.726103,-0.065489724
belebele_wol_98,0.71240824,0.43176785
belebele_wol_99,0.72081393,-0.06779348
belebele_xho_0,0.60534966,0.97477794
belebele_xho_1,0.6933035,0.1741344
belebele_xho_10,0.7477486,1.1223401
belebele_xho_100,0.7163239,1.5429639
belebele_xho_101,0.7282954,0.19395256
belebele_xho_102,0.7282954,0.19395256
belebele_xho_103,0.7477486,1.1223401
belebele_xho_104,0.7642891,-0.2684724
belebele_xho_105,0.6933035,0.1741344
belebele_xho_106,0.80522317,-0.77776045
belebele_xho_107,0.7163239,1.5429639
belebele_xho_108,0.7642891,-0.2684724
belebele_xho_109,0.7338966,0.19710252
belebele_xho_11,0.80522317,-0.77776045
belebele_xho_110,0.7293594,-0.27954894
belebele_xho_111,0.6933035,0.1741344
belebele_xho_112,0.80522317,-0.77776045
belebele_xho_113,0.73943514,0.6612007
belebele_xho_114,0.80522317,-0.77776045
belebele_xho_115,0.6078216,0.12522739
belebele_xho_116,0.80522317,-0.77776045
belebele_xho_117,0.7293594,-0.27954894
belebele_xho_118,0.80522317,-0.77776045
belebele_xho_119,0.80522317,-0.77776045
belebele_xho_12,0.6710693,1.0479506
belebele_xho_120,0.7477486,1.1223401
belebele_xho_121,0.7642891,-0.2684724
belebele_xho_122,0.6710693,1.0479506
belebele_xho_123,0.6364851,0.5787512
belebele_xho_124,0.80522317,-0.77776045
belebele_xho_125,0.80522317,-0.77776045
belebele_xho_126,0.7293594,-0.27954894
belebele_xho_127,0.6933035,0.1741344
belebele_xho_128,0.80522317,-0.77776045
belebele_xho_129,0.80522317,-0.77776045
belebele_xho_13,0.7642891,-0.2684724
belebele_xho_130,0.73943514,0.6612007
belebele_xho_131,0.80522317,-0.77776045
belebele_xho_132,0.80522317,-0.77776045
belebele_xho_133,0.80522317,-0.77776045
belebele_xho_134,0.69161004,-0.29073063
belebele_xho_135,0.7163239,1.5429639
belebele_xho_136,0.80522317,-0.77776045
belebele_xho_137,0.80522317,-0.77776045
belebele_xho_138,0.7163239,1.5429639
belebele_xho_139,0.80522317,-0.77776045
belebele_xho_14,0.6959062,0.62772906
belebele_xho_140,0.80522317,-0.77776045
belebele_xho_141,0.80522317,-0.77776045
belebele_xho_142,0.6959062,0.62772906
belebele_xho_143,0.7642891,-0.2684724
belebele_xho_144,0.5802621,0.5290278
belebele_xho_145,0.7338966,0.19710252
belebele_xho_146,0.7163239,1.5429639
belebele_xho_147,0.7013139,0.63199866
belebele_xho_148,0.7241757,-0.28113684
belebele_xho_149,0.7163239,1.5429639
belebele_xho_15,0.7642891,-0.2684724
belebele_xho_150,0.80522317,-0.77776045
belebele_xho_151,0.80522317,-0.77776045
belebele_xho_152,0.6933035,0.1741344
belebele_xho_153,0.80522317,-0.77776045
belebele_xho_154,0.7642891,-0.2684724
belebele_xho_155,0.80522317,-0.77776045
belebele_xho_156,0.80522317,-0.77776045
belebele_xho_157,0.80522317,-0.77776045
belebele_xho_158,0.80522317,-0.77776045
belebele_xho_159,0.6054193,0.55167013
belebele_xho_16,0.7642891,-0.2684724
belebele_xho_160,0.80522317,-0.77776045
belebele_xho_161,0.7293594,-0.27954894
belebele_xho_162,0.80522317,-0.77776045
belebele_xho_163,0.73943514,0.6612007
belebele_xho_164,0.7642891,-0.2684724
belebele_xho_165,0.80522317,-0.77776045
belebele_xho_166,0.69161004,-0.29073063
belebele_xho_167,0.65816486,0.15406066
belebele_xho_168,0.69161004,-0.29073063
belebele_xho_169,0.80522317,-0.77776045
belebele_xho_17,0.6626997,0.1566573
belebele_xho_170,0.69161004,-0.29073063
belebele_xho_171,0.7282954,0.19395256
belebele_xho_172,0.69447774,0.17480274
belebele_xho_173,0.7293594,-0.27954894
belebele_xho_174,0.69447774,0.17480274
belebele_xho_175,0.80522317,-0.77776045
belebele_xho_176,0.7642891,-0.2684724
belebele_xho_177,0.6933035,0.1741344
belebele_xho_178,0.80522317,-0.77776045
belebele_xho_179,0.80522317,-0.77776045
belebele_xho_18,0.80522317,-0.77776045
belebele_xho_180,0.80522317,-0.77776045
belebele_xho_181,0.7477486,1.1223401
belebele_xho_182,0.73943514,0.6612007
belebele_xho_183,0.7642891,-0.2684724
belebele_xho_184,0.80522317,-0.77776045
belebele_xho_185,0.6933035,0.1741344
belebele_xho_186,0.7642891,-0.2684724
belebele_xho_187,0.6710693,1.0479506
belebele_xho_188,0.7642891,-0.2684724
belebele_xho_189,0.80522317,-0.77776045
belebele_xho_19,0.6933035,0.1741344
belebele_xho_190,0.69161004,-0.29073063
belebele_xho_191,0.69447774,0.17480274
belebele_xho_192,0.7642891,-0.2684724
belebele_xho_193,0.80522317,-0.77776045
belebele_xho_194,0.80522317,-0.77776045
belebele_xho_195,0.7241757,-0.28113684
belebele_xho_196,0.80522317,-0.77776045
belebele_xho_197,0.80522317,-0.77776045
belebele_xho_198,0.69447774,0.17480274
belebele_xho_199,0.80522317,-0.77776045
belebele_xho_2,0.80522317,-0.77776045
belebele_xho_20,0.80522317,-0.77776045
belebele_xho_200,0.66330975,0.60132694
belebele_xho_201,0.7241757,-0.28113684
belebele_xho_202,0.6933035,0.1741344
belebele_xho_203,0.73943514,0.6612007
belebele_xho_204,0.7642891,-0.2684724
belebele_xho_205,0.7642891,-0.2684724
belebele_xho_206,0.80522317,-0.77776045
belebele_xho_207,0.80522317,-0.77776045
belebele_xho_208,0.80522317,-0.77776045
belebele_xho_209,0.80522317,-0.77776045
belebele_xho_21,0.7338966,0.19710252
belebele_xho_210,0.7293594,-0.27954894
belebele_xho_211,0.80522317,-0.77776045
belebele_xho_212,0.6054193,0.55167013
belebele_xho_213,0.80522317,-0.77776045
belebele_xho_214,0.80522317,-0.77776045
belebele_xho_215,0.80522317,-0.77776045
belebele_xho_216,0.80522317,-0.77776045
belebele_xho_217,0.7338966,0.19710252
belebele_xho_218,0.7477486,1.1223401
belebele_xho_219,0.7642891,-0.2684724
belebele_xho_22,0.7338966,0.19710252
belebele_xho_220,0.80522317,-0.77776045
belebele_xho_221,0.7282954,0.19395256
belebele_xho_222,0.7241757,-0.28113684
belebele_xho_223,0.80522317,-0.77776045
belebele_xho_224,0.7642891,-0.2684724
belebele_xho_225,0.7241757,-0.28113684
belebele_xho_226,0.80522317,-0.77776045
belebele_xho_227,0.80522317,-0.77776045
belebele_xho_228,0.7642891,-0.2684724
belebele_xho_229,0.80522317,-0.77776045
belebele_xho_23,0.6933035,0.1741344
belebele_xho_230,0.69447774,0.17480274
belebele_xho_231,0.7282954,0.19395256
belebele_xho_232,0.80522317,-0.77776045
belebele_xho_233,0.80522317,-0.77776045
belebele_xho_234,0.6710693,1.0479506
belebele_xho_235,0.80522317,-0.77776045
belebele_xho_236,0.80522317,-0.77776045
belebele_xho_237,0.63821864,1.012501
belebele_xho_238,0.7642891,-0.2684724
belebele_xho_239,0.7163239,1.5429639
belebele_xho_24,0.7163239,1.5429639
belebele_xho_240,0.69447774,0.17480274
belebele_xho_241,0.80522317,-0.77776045
belebele_xho_242,0.80522317,-0.77776045
belebele_xho_243,0.66330975,0.60132694
belebele_xho_244,0.80522317,-0.77776045
belebele_xho_245,0.7477486,1.1223401
belebele_xho_246,0.80522317,-0.77776045
belebele_xho_247,0.69447774,0.17480274
belebele_xho_248,0.80522317,-0.77776045
belebele_xho_249,0.80522317,-0.77776045
belebele_xho_25,0.6320794,0.574971
belebele_xho_250,0.69161004,-0.29073063
belebele_xho_251,0.73943514,0.6612007
belebele_xho_252,0.80522317,-0.77776045
belebele_xho_253,0.80522317,-0.77776045
belebele_xho_254,0.69447774,0.17480274
belebele_xho_255,0.7282954,0.19395256
belebele_xho_256,0.7241757,-0.28113684
belebele_xho_257,0.80522317,-0.77776045
belebele_xho_258,0.7642891,-0.2684724
belebele_xho_259,0.73943514,0.6612007
belebele_xho_26,0.73943514,0.6612007
belebele_xho_260,0.80522317,-0.77776045
belebele_xho_261,0.7282954,0.19395256
belebele_xho_262,0.69447774,0.17480274
belebele_xho_263,0.80522317,-0.77776045
belebele_xho_264,0.7477486,1.1223401
belebele_xho_265,0.80522317,-0.77776045
belebele_xho_266,0.80522317,-0.77776045
belebele_xho_267,0.80522317,-0.77776045
belebele_xho_268,0.6959062,0.62772906
belebele_xho_269,0.69447774,0.17480274
belebele_xho_27,0.6933035,0.1741344
belebele_xho_270,0.80522317,-0.77776045
belebele_xho_271,0.7642891,-0.2684724
belebele_xho_272,0.80522317,-0.77776045
belebele_xho_273,0.80522317,-0.77776045
belebele_xho_274,0.80522317,-0.77776045
belebele_xho_275,0.80522317,-0.77776045
belebele_xho_276,0.80522317,-0.77776045
belebele_xho_277,0.80522317,-0.77776045
belebele_xho_278,0.6626997,0.1566573
belebele_xho_279,0.80522317,-0.77776045
belebele_xho_28,0.7477486,1.1223401
belebele_xho_280,0.80522317,-0.77776045
belebele_xho_281,0.80522317,-0.77776045
belebele_xho_282,0.80522317,-0.77776045
belebele_xho_283,0.80522317,-0.77776045
belebele_xho_284,0.7293594,-0.27954894
belebele_xho_285,0.80522317,-0.77776045
belebele_xho_286,0.7241757,-0.28113684
belebele_xho_287,0.69447774,0.17480274
belebele_xho_288,0.80522317,-0.77776045
belebele_xho_289,0.7642891,-0.2684724
belebele_xho_29,0.7642891,-0.2684724
belebele_xho_290,0.80522317,-0.77776045
belebele_xho_291,0.80522317,-0.77776045
belebele_xho_292,0.80522317,-0.77776045
belebele_xho_293,0.80522317,-0.77776045
belebele_xho_294,0.80522317,-0.77776045
belebele_xho_295,0.80522317,-0.77776045
belebele_xho_296,0.80522317,-0.77776045
belebele_xho_297,0.7477486,1.1223401
belebele_xho_298,0.69447774,0.17480274
belebele_xho_299,0.80522317,-0.77776045
belebele_xho_3,0.7163239,1.5429639
belebele_xho_30,0.7642891,-0.2684724
belebele_xho_300,0.80522317,-0.77776045
belebele_xho_301,0.7163239,1.5429639
belebele_xho_302,0.80522317,-0.77776045
belebele_xho_303,0.80522317,-0.77776045
belebele_xho_304,0.80522317,-0.77776045
belebele_xho_305,0.80522317,-0.77776045
belebele_xho_306,0.80522317,-0.77776045
belebele_xho_307,0.7642891,-0.2684724
belebele_xho_308,0.80522317,-0.77776045
belebele_xho_309,0.69447774,0.17480274
belebele_xho_31,0.73943514,0.6612007
belebele_xho_310,0.80522317,-0.77776045
belebele_xho_311,0.7642891,-0.2684724
belebele_xho_312,0.80522317,-0.77776045
belebele_xho_313,0.73943514,0.6612007
belebele_xho_314,0.7642891,-0.2684724
belebele_xho_315,0.7293594,-0.27954894
belebele_xho_316,0.73943514,0.6612007
belebele_xho_317,0.73943514,0.6612007
belebele_xho_318,0.7013139,0.63199866
belebele_xho_319,0.80522317,-0.77776045
belebele_xho_32,0.6710693,1.0479506
belebele_xho_320,0.66330975,0.60132694
belebele_xho_321,0.69161004,-0.29073063
belebele_xho_322,0.80522317,-0.77776045
belebele_xho_323,0.5802779,0.10954206
belebele_xho_324,0.7163239,1.5429639
belebele_xho_325,0.80522317,-0.77776045
belebele_xho_326,0.7013139,0.63199866
belebele_xho_327,0.7642891,-0.2684724
belebele_xho_328,0.7642891,-0.2684724
belebele_xho_329,0.7477486,1.1223401
belebele_xho_33,0.6054193,0.55167013
belebele_xho_330,0.80522317,-0.77776045
belebele_xho_331,0.80522317,-0.77776045
belebele_xho_332,0.7642891,-0.2684724
belebele_xho_333,0.7338966,0.19710252
belebele_xho_334,0.80522317,-0.77776045
belebele_xho_335,0.7338966,0.19710252
belebele_xho_336,0.80522317,-0.77776045
belebele_xho_337,0.73943514,0.6612007
belebele_xho_338,0.80522317,-0.77776045
belebele_xho_339,0.80522317,-0.77776045
belebele_xho_34,0.7642891,-0.2684724
belebele_xho_340,0.80522317,-0.77776045
belebele_xho_341,0.80522317,-0.77776045
belebele_xho_342,0.69447774,0.17480274
belebele_xho_343,0.7282954,0.19395256
belebele_xho_344,0.80522317,-0.77776045
belebele_xho_345,0.63318455,0.13974576
belebele_xho_346,0.7642891,-0.2684724
belebele_xho_347,0.69161004,-0.29073063
belebele_xho_348,0.7642891,-0.2684724
belebele_xho_349,0.7282954,0.19395256
belebele_xho_35,0.80522317,-0.77776045
belebele_xho_350,0.80522317,-0.77776045
belebele_xho_351,0.80522317,-0.77776045
belebele_xho_352,0.80522317,-0.77776045
belebele_xho_353,0.7241757,-0.28113684
belebele_xho_354,0.80522317,-0.77776045
belebele_xho_355,0.80522317,-0.77776045
belebele_xho_356,0.80522317,-0.77776045
belebele_xho_357,0.66330975,0.60132694
belebele_xho_358,0.63821864,1.012501
belebele_xho_359,0.80522317,-0.77776045
belebele_xho_36,0.7338966,0.19710252
belebele_xho_360,0.60404813,0.12307197
belebele_xho_361,0.80522317,-0.77776045
belebele_xho_362,0.80522317,-0.77776045
belebele_xho_363,0.6933035,0.1741344
belebele_xho_364,0.6054193,0.55167013
belebele_xho_365,0.80522317,-0.77776045
belebele_xho_366,0.80522317,-0.77776045
belebele_xho_367,0.7282954,0.19395256
belebele_xho_368,0.6710693,1.0479506
belebele_xho_369,0.7241757,-0.28113684
belebele_xho_37,0.80522317,-0.77776045
belebele_xho_370,0.7338966,0.19710252
belebele_xho_371,0.80522317,-0.77776045
belebele_xho_372,0.80522317,-0.77776045
belebele_xho_373,0.7282954,0.19395256
belebele_xho_374,0.7338966,0.19710252
belebele_xho_375,0.7293594,-0.27954894
belebele_xho_376,0.6348883,-0.3055597
belebele_xho_377,0.69447774,0.17480274
belebele_xho_378,0.80522317,-0.77776045
belebele_xho_379,0.80522317,-0.77776045
belebele_xho_38,0.7293594,-0.27954894
belebele_xho_380,0.80522317,-0.77776045
belebele_xho_381,0.80522317,-0.77776045
belebele_xho_382,0.73943514,0.6612007
belebele_xho_383,0.80522317,-0.77776045
belebele_xho_384,0.7241757,-0.28113684
belebele_xho_385,0.80522317,-0.77776045
belebele_xho_386,0.80522317,-0.77776045
belebele_xho_387,0.80522317,-0.77776045
belebele_xho_388,0.80522317,-0.77776045
belebele_xho_389,0.80522317,-0.77776045
belebele_xho_39,0.7013139,0.63199866
belebele_xho_390,0.6933035,0.1741344
belebele_xho_391,0.80522317,-0.77776045
belebele_xho_392,0.7642891,-0.2684724
belebele_xho_393,0.80522317,-0.77776045
belebele_xho_394,0.73943514,0.6612007
belebele_xho_395,0.73943514,0.6612007
belebele_xho_396,0.7282954,0.19395256
belebele_xho_397,0.7293594,-0.27954894
belebele_xho_398,0.80522317,-0.77776045
belebele_xho_399,0.6626997,0.1566573
belebele_xho_4,0.60534966,0.97477794
belebele_xho_40,0.6710693,1.0479506
belebele_xho_400,0.80522317,-0.77776045
belebele_xho_401,0.69447774,0.17480274
belebele_xho_402,0.80522317,-0.77776045
belebele_xho_403,0.69161004,-0.29073063
belebele_xho_404,0.80522317,-0.77776045
belebele_xho_405,0.80522317,-0.77776045
belebele_xho_406,0.7163239,1.5429639
belebele_xho_407,0.80522317,-0.77776045
belebele_xho_408,0.80522317,-0.77776045
belebele_xho_409,0.80522317,-0.77776045
belebele_xho_41,0.73943514,0.6612007
belebele_xho_410,0.80522317,-0.77776045
belebele_xho_411,0.73943514,0.6612007
belebele_xho_412,0.7642891,-0.2684724
belebele_xho_413,0.80522317,-0.77776045
belebele_xho_414,0.69447774,0.17480274
belebele_xho_415,0.7477486,1.1223401
belebele_xho_416,0.7163239,1.5429639
belebele_xho_417,0.80522317,-0.77776045
belebele_xho_418,0.80522317,-0.77776045
belebele_xho_419,0.80522317,-0.77776045
belebele_xho_42,0.7163239,1.5429639
belebele_xho_420,0.69447774,0.17480274
belebele_xho_421,0.7163239,1.5429639
belebele_xho_422,0.7241757,-0.28113684
belebele_xho_423,0.80522317,-0.77776045
belebele_xho_424,0.80522317,-0.77776045
belebele_xho_425,0.80522317,-0.77776045
belebele_xho_426,0.7293594,-0.27954894
belebele_xho_427,0.80522317,-0.77776045
belebele_xho_428,0.69161004,-0.29073063
belebele_xho_429,0.7642891,-0.2684724
belebele_xho_43,0.7163239,1.5429639
belebele_xho_430,0.6626997,0.1566573
belebele_xho_431,0.7477486,1.1223401
belebele_xho_432,0.6320794,0.574971
belebele_xho_433,0.80522317,-0.77776045
belebele_xho_434,0.80522317,-0.77776045
belebele_xho_435,0.73943514,0.6612007
belebele_xho_436,0.69447774,0.17480274
belebele_xho_437,0.7642891,-0.2684724
belebele_xho_438,0.80522317,-0.77776045
belebele_xho_439,0.7163239,1.5429639
belebele_xho_44,0.7163239,1.5429639
belebele_xho_440,0.7282954,0.19395256
belebele_xho_441,0.7293594,-0.27954894
belebele_xho_442,0.7642891,-0.2684724
belebele_xho_443,0.80522317,-0.77776045
belebele_xho_444,0.6078216,0.12522739
belebele_xho_445,0.73943514,0.6612007
belebele_xho_446,0.7642891,-0.2684724
belebele_xho_447,0.6710693,1.0479506
belebele_xho_448,0.7642891,-0.2684724
belebele_xho_449,0.80522317,-0.77776045
belebele_xho_45,0.7163239,1.5429639
belebele_xho_450,0.7163239,1.5429639
belebele_xho_451,0.73943514,0.6612007
belebele_xho_452,0.7477486,1.1223401
belebele_xho_453,0.7241757,-0.28113684
belebele_xho_454,0.7013139,0.63199866
belebele_xho_455,0.80522317,-0.77776045
belebele_xho_456,0.69447774,0.17480274
belebele_xho_457,0.7642891,-0.2684724
belebele_xho_458,0.7338966,0.19710252
belebele_xho_459,0.6933035,0.1741344
belebele_xho_46,0.80522317,-0.77776045
belebele_xho_460,0.6933035,0.1741344
belebele_xho_461,0.80522317,-0.77776045
belebele_xho_462,0.80522317,-0.77776045
belebele_xho_463,0.80522317,-0.77776045
belebele_xho_464,0.80522317,-0.77776045
belebele_xho_465,0.80522317,-0.77776045
belebele_xho_466,0.73943514,0.6612007
belebele_xho_467,0.80522317,-0.77776045
belebele_xho_468,0.7241757,-0.28113684
belebele_xho_469,0.80522317,-0.77776045
belebele_xho_47,0.7013139,0.63199866
belebele_xho_470,0.80522317,-0.77776045
belebele_xho_471,0.80522317,-0.77776045
belebele_xho_472,0.69161004,-0.29073063
belebele_xho_473,0.80522317,-0.77776045
belebele_xho_474,0.7642891,-0.2684724
belebele_xho_475,0.80522317,-0.77776045
belebele_xho_476,0.7642891,-0.2684724
belebele_xho_477,0.80522317,-0.77776045
belebele_xho_478,0.80522317,-0.77776045
belebele_xho_479,0.7163239,1.5429639
belebele_xho_48,0.7163239,1.5429639
belebele_xho_480,0.80522317,-0.77776045
belebele_xho_481,0.7241757,-0.28113684
belebele_xho_482,0.80522317,-0.77776045
belebele_xho_483,0.7163239,1.5429639
belebele_xho_484,0.7293594,-0.27954894
belebele_xho_485,0.69161004,-0.29073063
belebele_xho_486,0.7163239,1.5429639
belebele_xho_487,0.633549,1.0072805
belebele_xho_488,0.80522317,-0.77776045
belebele_xho_489,0.7642891,-0.2684724
belebele_xho_49,0.80522317,-0.77776045
belebele_xho_490,0.80522317,-0.77776045
belebele_xho_491,0.7642891,-0.2684724
belebele_xho_492,0.80522317,-0.77776045
belebele_xho_493,0.7338966,0.19710252
belebele_xho_494,0.7642891,-0.2684724
belebele_xho_495,0.80522317,-0.77776045
belebele_xho_496,0.7293594,-0.27954894
belebele_xho_497,0.69161004,-0.29073063
belebele_xho_498,0.69447774,0.17480274
belebele_xho_499,0.7241757,-0.28113684
belebele_xho_5,0.80522317,-0.77776045
belebele_xho_50,0.80522317,-0.77776045
belebele_xho_500,0.80522317,-0.77776045
belebele_xho_501,0.7642891,-0.2684724
belebele_xho_502,0.66330975,0.60132694
belebele_xho_503,0.7642891,-0.2684724
belebele_xho_504,0.73943514,0.6612007
belebele_xho_505,0.80522317,-0.77776045
belebele_xho_506,0.7642891,-0.2684724
belebele_xho_507,0.80522317,-0.77776045
belebele_xho_508,0.80522317,-0.77776045
belebele_xho_509,0.7642891,-0.2684724
belebele_xho_51,0.7642891,-0.2684724
belebele_xho_510,0.6710693,1.0479506
belebele_xho_511,0.80522317,-0.77776045
belebele_xho_512,0.65816486,0.15406066
belebele_xho_513,0.80522317,-0.77776045
belebele_xho_514,0.80522317,-0.77776045
belebele_xho_515,0.80522317,-0.77776045
belebele_xho_516,0.66330975,0.60132694
belebele_xho_517,0.80522317,-0.77776045
belebele_xho_518,0.7241757,-0.28113684
belebele_xho_519,0.6710693,1.0479506
belebele_xho_52,0.7282954,0.19395256
belebele_xho_520,0.80522317,-0.77776045
belebele_xho_521,0.80522317,-0.77776045
belebele_xho_522,0.7163239,1.5429639
belebele_xho_523,0.7163239,1.5429639
belebele_xho_524,0.80522317,-0.77776045
belebele_xho_525,0.65816486,0.15406066
belebele_xho_526,0.80522317,-0.77776045
belebele_xho_527,0.80522317,-0.77776045
belebele_xho_528,0.7338966,0.19710252
belebele_xho_529,0.73943514,0.6612007
belebele_xho_53,0.80522317,-0.77776045
belebele_xho_530,0.80522317,-0.77776045
belebele_xho_531,0.80522317,-0.77776045
belebele_xho_532,0.80522317,-0.77776045
belebele_xho_533,0.7642891,-0.2684724
belebele_xho_534,0.7241757,-0.28113684
belebele_xho_535,0.7642891,-0.2684724
belebele_xho_536,0.80522317,-0.77776045
belebele_xho_537,0.7293594,-0.27954894
belebele_xho_538,0.6933035,0.1741344
belebele_xho_539,0.7293594,-0.27954894
belebele_xho_54,0.80522317,-0.77776045
belebele_xho_540,0.6710693,1.0479506
belebele_xho_541,0.7642891,-0.2684724
belebele_xho_542,0.7642891,-0.2684724
belebele_xho_543,0.80522317,-0.77776045
belebele_xho_544,0.73943514,0.6612007
belebele_xho_545,0.7293594,-0.27954894
belebele_xho_546,0.80522317,-0.77776045
belebele_xho_547,0.7163239,1.5429639
belebele_xho_548,0.7013139,0.63199866
belebele_xho_549,0.80522317,-0.77776045
belebele_xho_55,0.7163239,1.5429639
belebele_xho_550,0.80522317,-0.77776045
belebele_xho_551,0.80522317,-0.77776045
belebele_xho_552,0.80522317,-0.77776045
belebele_xho_553,0.69161004,-0.29073063
belebele_xho_554,0.80522317,-0.77776045
belebele_xho_555,0.80522317,-0.77776045
belebele_xho_556,0.6044916,0.55084634
belebele_xho_557,0.6933035,0.1741344
belebele_xho_558,0.80522317,-0.77776045
belebele_xho_559,0.80522317,-0.77776045
belebele_xho_56,0.7642891,-0.2684724
belebele_xho_560,0.7163239,1.5429639
belebele_xho_561,0.7163239,1.5429639
belebele_xho_562,0.7642891,-0.2684724
belebele_xho_563,0.73943514,0.6612007
belebele_xho_564,0.73943514,0.6612007
belebele_xho_565,0.80522317,-0.77776045
belebele_xho_566,0.80522317,-0.77776045
belebele_xho_567,0.80522317,-0.77776045
belebele_xho_568,0.7642891,-0.2684724
belebele_xho_569,0.7293594,-0.27954894
belebele_xho_57,0.7013139,0.63199866
belebele_xho_570,0.80522317,-0.77776045
belebele_xho_571,0.69161004,-0.29073063
belebele_xho_572,0.7642891,-0.2684724
belebele_xho_573,0.7642891,-0.2684724
belebele_xho_574,0.7241757,-0.28113684
belebele_xho_575,0.65816486,0.15406066
belebele_xho_576,0.6626997,0.1566573
belebele_xho_577,0.80522317,-0.77776045
belebele_xho_578,0.7642891,-0.2684724
belebele_xho_579,0.6933035,0.1741344
belebele_xho_58,0.73943514,0.6612007
belebele_xho_580,0.7642891,-0.2684724
belebele_xho_581,0.7642891,-0.2684724
belebele_xho_582,0.80522317,-0.77776045
belebele_xho_583,0.80522317,-0.77776045
belebele_xho_584,0.7013139,0.63199866
belebele_xho_585,0.6933035,0.1741344
belebele_xho_586,0.6959062,0.62772906
belebele_xho_587,0.80522317,-0.77776045
belebele_xho_588,0.80522317,-0.77776045
belebele_xho_589,0.7282954,0.19395256
belebele_xho_59,0.7293594,-0.27954894
belebele_xho_590,0.69447774,0.17480274
belebele_xho_591,0.7241757,-0.28113684
belebele_xho_592,0.7642891,-0.2684724
belebele_xho_593,0.7642891,-0.2684724
belebele_xho_594,0.7241757,-0.28113684
belebele_xho_595,0.7642891,-0.2684724
belebele_xho_596,0.60534966,0.97477794
belebele_xho_597,0.7241757,-0.28113684
belebele_xho_598,0.73943514,0.6612007
belebele_xho_599,0.7642891,-0.2684724
belebele_xho_6,0.7642891,-0.2684724
belebele_xho_60,0.80522317,-0.77776045
belebele_xho_600,0.80522317,-0.77776045
belebele_xho_601,0.69161004,-0.29073063
belebele_xho_602,0.80522317,-0.77776045
belebele_xho_603,0.7477486,1.1223401
belebele_xho_604,0.7642891,-0.2684724
belebele_xho_605,0.6626997,0.1566573
belebele_xho_606,0.6933035,0.1741344
belebele_xho_607,0.80522317,-0.77776045
belebele_xho_608,0.6933035,0.1741344
belebele_xho_609,0.69161004,-0.29073063
belebele_xho_61,0.80522317,-0.77776045
belebele_xho_610,0.80522317,-0.77776045
belebele_xho_611,0.7642891,-0.2684724
belebele_xho_612,0.7642891,-0.2684724
belebele_xho_613,0.80522317,-0.77776045
belebele_xho_614,0.6044916,0.55084634
belebele_xho_615,0.80522317,-0.77776045
belebele_xho_616,0.80522317,-0.77776045
belebele_xho_617,0.7642891,-0.2684724
belebele_xho_618,0.7642891,-0.2684724
belebele_xho_619,0.80522317,-0.77776045
belebele_xho_62,0.6933035,0.1741344
belebele_xho_620,0.80522317,-0.77776045
belebele_xho_621,0.80522317,-0.77776045
belebele_xho_622,0.5802621,0.5290278
belebele_xho_623,0.7293594,-0.27954894
belebele_xho_624,0.6364851,0.5787512
belebele_xho_625,0.7338966,0.19710252
belebele_xho_626,0.7642891,-0.2684724
belebele_xho_627,0.80522317,-0.77776045
belebele_xho_628,0.7163239,1.5429639
belebele_xho_629,0.7282954,0.19395256
belebele_xho_63,0.7642891,-0.2684724
belebele_xho_630,0.73943514,0.6612007
belebele_xho_631,0.5802621,0.5290278
belebele_xho_632,0.73943514,0.6612007
belebele_xho_633,0.80522317,-0.77776045
belebele_xho_634,0.80522317,-0.77776045
belebele_xho_635,0.80522317,-0.77776045
belebele_xho_636,0.80522317,-0.77776045
belebele_xho_637,0.80522317,-0.77776045
belebele_xho_638,0.80522317,-0.77776045
belebele_xho_639,0.73943514,0.6612007
belebele_xho_64,0.80522317,-0.77776045
belebele_xho_640,0.80522317,-0.77776045
belebele_xho_641,0.7163239,1.5429639
belebele_xho_642,0.6626997,0.1566573
belebele_xho_643,0.7338966,0.19710252
belebele_xho_644,0.7163239,1.5429639
belebele_xho_645,0.6054193,0.55167013
belebele_xho_646,0.69447774,0.17480274
belebele_xho_647,0.7163239,1.5429639
belebele_xho_648,0.80522317,-0.77776045
belebele_xho_649,0.7241757,-0.28113684
belebele_xho_65,0.80522317,-0.77776045
belebele_xho_650,0.66330975,0.60132694
belebele_xho_651,0.80522317,-0.77776045
belebele_xho_652,0.7338966,0.19710252
belebele_xho_653,0.69161004,-0.29073063
belebele_xho_654,0.80522317,-0.77776045
belebele_xho_655,0.7642891,-0.2684724
belebele_xho_656,0.80522317,-0.77776045
belebele_xho_657,0.7642891,-0.2684724
belebele_xho_658,0.80522317,-0.77776045
belebele_xho_659,0.80522317,-0.77776045
belebele_xho_66,0.80522317,-0.77776045
belebele_xho_660,0.7642891,-0.2684724
belebele_xho_661,0.80522317,-0.77776045
belebele_xho_662,0.80522317,-0.77776045
belebele_xho_663,0.69447774,0.17480274
belebele_xho_664,0.7642891,-0.2684724
belebele_xho_665,0.73943514,0.6612007
belebele_xho_666,0.6364851,0.5787512
belebele_xho_667,0.7241757,-0.28113684
belebele_xho_668,0.73943514,0.6612007
belebele_xho_669,0.7642891,-0.2684724
belebele_xho_67,0.6320794,0.574971
belebele_xho_670,0.7642891,-0.2684724
belebele_xho_671,0.7642891,-0.2684724
belebele_xho_672,0.80522317,-0.77776045
belebele_xho_673,0.80522317,-0.77776045
belebele_xho_674,0.80522317,-0.77776045
belebele_xho_675,0.69447774,0.17480274
belebele_xho_676,0.7477486,1.1223401
belebele_xho_677,0.7642891,-0.2684724
belebele_xho_678,0.7642891,-0.2684724
belebele_xho_679,0.80522317,-0.77776045
belebele_xho_68,0.633549,1.0072805
belebele_xho_680,0.7642891,-0.2684724
belebele_xho_681,0.80522317,-0.77776045
belebele_xho_682,0.80522317,-0.77776045
belebele_xho_683,0.7163239,1.5429639
belebele_xho_684,0.80522317,-0.77776045
belebele_xho_685,0.80522317,-0.77776045
belebele_xho_686,0.7293594,-0.27954894
belebele_xho_687,0.80522317,-0.77776045
belebele_xho_688,0.7241757,-0.28113684
belebele_xho_689,0.6710693,1.0479506
belebele_xho_69,0.69161004,-0.29073063
belebele_xho_690,0.7163239,1.5429639
belebele_xho_691,0.80522317,-0.77776045
belebele_xho_692,0.7282954,0.19395256
belebele_xho_693,0.7163239,1.5429639
belebele_xho_694,0.80522317,-0.77776045
belebele_xho_695,0.7338966,0.19710252
belebele_xho_696,0.6959062,0.62772906
belebele_xho_697,0.80522317,-0.77776045
belebele_xho_698,0.80522317,-0.77776045
belebele_xho_699,0.7642891,-0.2684724
belebele_xho_7,0.80522317,-0.77776045
belebele_xho_70,0.7293594,-0.27954894
belebele_xho_700,0.6933035,0.1741344
belebele_xho_701,0.7642891,-0.2684724
belebele_xho_702,0.7338966,0.19710252
belebele_xho_703,0.80522317,-0.77776045
belebele_xho_704,0.73943514,0.6612007
belebele_xho_705,0.69161004,-0.29073063
belebele_xho_706,0.80522317,-0.77776045
belebele_xho_707,0.7642891,-0.2684724
belebele_xho_708,0.7642891,-0.2684724
belebele_xho_709,0.7241757,-0.28113684
belebele_xho_71,0.73943514,0.6612007
belebele_xho_710,0.69161004,-0.29073063
belebele_xho_711,0.7642891,-0.2684724
belebele_xho_712,0.6959062,0.62772906
belebele_xho_713,0.7642891,-0.2684724
belebele_xho_714,0.73943514,0.6612007
belebele_xho_715,0.80522317,-0.77776045
belebele_xho_716,0.6933035,0.1741344
belebele_xho_717,0.7163239,1.5429639
belebele_xho_718,0.69447774,0.17480274
belebele_xho_719,0.7013139,0.63199866
belebele_xho_72,0.7163239,1.5429639
belebele_xho_720,0.7477486,1.1223401
belebele_xho_721,0.7642891,-0.2684724
belebele_xho_722,0.80522317,-0.77776045
belebele_xho_723,0.7642891,-0.2684724
belebele_xho_724,0.73943514,0.6612007
belebele_xho_725,0.80522317,-0.77776045
belebele_xho_726,0.7642891,-0.2684724
belebele_xho_727,0.7642891,-0.2684724
belebele_xho_728,0.7241757,-0.28113684
belebele_xho_729,0.7293594,-0.27954894
belebele_xho_73,0.60404813,0.12307197
belebele_xho_730,0.69447774,0.17480274
belebele_xho_731,0.7241757,-0.28113684
belebele_xho_732,0.80522317,-0.77776045
belebele_xho_733,0.80522317,-0.77776045
belebele_xho_734,0.73943514,0.6612007
belebele_xho_735,0.7642891,-0.2684724
belebele_xho_736,0.80522317,-0.77776045
belebele_xho_737,0.6710693,1.0479506
belebele_xho_738,0.69447774,0.17480274
belebele_xho_739,0.7642891,-0.2684724
belebele_xho_74,0.6626997,0.1566573
belebele_xho_740,0.80522317,-0.77776045
belebele_xho_741,0.73943514,0.6612007
belebele_xho_742,0.60534966,0.97477794
belebele_xho_743,0.6933035,0.1741344
belebele_xho_744,0.80522317,-0.77776045
belebele_xho_745,0.80522317,-0.77776045
belebele_xho_746,0.80522317,-0.77776045
belebele_xho_747,0.69447774,0.17480274
belebele_xho_748,0.6626997,0.1566573
belebele_xho_749,0.80522317,-0.77776045
belebele_xho_75,0.66330975,0.60132694
belebele_xho_750,0.80522317,-0.77776045
belebele_xho_751,0.7338966,0.19710252
belebele_xho_752,0.7642891,-0.2684724
belebele_xho_753,0.7477486,1.1223401
belebele_xho_754,0.80522317,-0.77776045
belebele_xho_755,0.7293594,-0.27954894
belebele_xho_756,0.7163239,1.5429639
belebele_xho_757,0.7241757,-0.28113684
belebele_xho_758,0.7642891,-0.2684724
belebele_xho_759,0.80522317,-0.77776045
belebele_xho_76,0.7241757,-0.28113684
belebele_xho_760,0.80522317,-0.77776045
belebele_xho_761,0.7338966,0.19710252
belebele_xho_762,0.7642891,-0.2684724
belebele_xho_763,0.7338966,0.19710252
belebele_xho_764,0.80522317,-0.77776045
belebele_xho_765,0.69161004,-0.29073063
belebele_xho_766,0.73943514,0.6612007
belebele_xho_767,0.69447774,0.17480274
belebele_xho_768,0.6078216,0.12522739
belebele_xho_769,0.80522317,-0.77776045
belebele_xho_77,0.7282954,0.19395256
belebele_xho_770,0.80522317,-0.77776045
belebele_xho_771,0.7477486,1.1223401
belebele_xho_772,0.7282954,0.19395256
belebele_xho_773,0.7163239,1.5429639
belebele_xho_774,0.7642891,-0.2684724
belebele_xho_775,0.80522317,-0.77776045
belebele_xho_776,0.6320794,0.574971
belebele_xho_777,0.7642891,-0.2684724
belebele_xho_778,0.69161004,-0.29073063
belebele_xho_779,0.80522317,-0.77776045
belebele_xho_78,0.69161004,-0.29073063
belebele_xho_780,0.80522317,-0.77776045
belebele_xho_781,0.60534966,0.97477794
belebele_xho_782,0.80522317,-0.77776045
belebele_xho_783,0.7293594,-0.27954894
belebele_xho_784,0.7642891,-0.2684724
belebele_xho_785,0.6364851,0.5787512
belebele_xho_786,0.7293594,-0.27954894
belebele_xho_787,0.80522317,-0.77776045
belebele_xho_788,0.7163239,1.5429639
belebele_xho_789,0.80522317,-0.77776045
belebele_xho_79,0.80522317,-0.77776045
belebele_xho_790,0.80522317,-0.77776045
belebele_xho_791,0.7642891,-0.2684724
belebele_xho_792,0.6364851,0.5787512
belebele_xho_793,0.80522317,-0.77776045
belebele_xho_794,0.80522317,-0.77776045
belebele_xho_795,0.69447774,0.17480274
belebele_xho_796,0.80522317,-0.77776045
belebele_xho_797,0.7293594,-0.27954894
belebele_xho_798,0.7477486,1.1223401
belebele_xho_799,0.69161004,-0.29073063
belebele_xho_8,0.7282954,0.19395256
belebele_xho_80,0.7163239,1.5429639
belebele_xho_800,0.80522317,-0.77776045
belebele_xho_801,0.7163239,1.5429639
belebele_xho_802,0.80522317,-0.77776045
belebele_xho_803,0.7642891,-0.2684724
belebele_xho_804,0.7282954,0.19395256
belebele_xho_805,0.80522317,-0.77776045
belebele_xho_806,0.7293594,-0.27954894
belebele_xho_807,0.73943514,0.6612007
belebele_xho_808,0.5802779,0.10954206
belebele_xho_809,0.7163239,1.5429639
belebele_xho_81,0.6933035,0.1741344
belebele_xho_810,0.80522317,-0.77776045
belebele_xho_811,0.7293594,-0.27954894
belebele_xho_812,0.7642891,-0.2684724
belebele_xho_813,0.80522317,-0.77776045
belebele_xho_814,0.65816486,0.15406066
belebele_xho_815,0.80522317,-0.77776045
belebele_xho_816,0.7642891,-0.2684724
belebele_xho_817,0.7282954,0.19395256
belebele_xho_818,0.6933035,0.1741344
belebele_xho_819,0.80522317,-0.77776045
belebele_xho_82,0.80522317,-0.77776045
belebele_xho_820,0.7642891,-0.2684724
belebele_xho_821,0.7163239,1.5429639
belebele_xho_822,0.80522317,-0.77776045
belebele_xho_823,0.80522317,-0.77776045
belebele_xho_824,0.80522317,-0.77776045
belebele_xho_825,0.69447774,0.17480274
belebele_xho_826,0.6710693,1.0479506
belebele_xho_827,0.7241757,-0.28113684
belebele_xho_828,0.80522317,-0.77776045
belebele_xho_829,0.7163239,1.5429639
belebele_xho_83,0.6710693,1.0479506
belebele_xho_830,0.69447774,0.17480274
belebele_xho_831,0.7642891,-0.2684724
belebele_xho_832,0.6710693,1.0479506
belebele_xho_833,0.73943514,0.6612007
belebele_xho_834,0.7338966,0.19710252
belebele_xho_835,0.7282954,0.19395256
belebele_xho_836,0.69161004,-0.29073063
belebele_xho_837,0.80522317,-0.77776045
belebele_xho_838,0.7642891,-0.2684724
belebele_xho_839,0.80522317,-0.77776045
belebele_xho_84,0.80522317,-0.77776045
belebele_xho_840,0.80522317,-0.77776045
belebele_xho_841,0.80522317,-0.77776045
belebele_xho_842,0.7642891,-0.2684724
belebele_xho_843,0.80522317,-0.77776045
belebele_xho_844,0.7282954,0.19395256
belebele_xho_845,0.80522317,-0.77776045
belebele_xho_846,0.7163239,1.5429639
belebele_xho_847,0.7642891,-0.2684724
belebele_xho_848,0.80522317,-0.77776045
belebele_xho_849,0.7163239,1.5429639
belebele_xho_85,0.7338966,0.19710252
belebele_xho_850,0.80522317,-0.77776045
belebele_xho_851,0.6626997,0.1566573
belebele_xho_852,0.7163239,1.5429639
belebele_xho_853,0.7013139,0.63199866
belebele_xho_854,0.7477486,1.1223401
belebele_xho_855,0.66330975,0.60132694
belebele_xho_856,0.7642891,-0.2684724
belebele_xho_857,0.7477486,1.1223401
belebele_xho_858,0.7642891,-0.2684724
belebele_xho_859,0.73943514,0.6612007
belebele_xho_86,0.69447774,0.17480274
belebele_xho_860,0.7642891,-0.2684724
belebele_xho_861,0.7642891,-0.2684724
belebele_xho_862,0.7642891,-0.2684724
belebele_xho_863,0.80522317,-0.77776045
belebele_xho_864,0.80522317,-0.77776045
belebele_xho_865,0.80522317,-0.77776045
belebele_xho_866,0.60534966,0.97477794
belebele_xho_867,0.80522317,-0.77776045
belebele_xho_868,0.7477486,1.1223401
belebele_xho_869,0.6710693,1.0479506
belebele_xho_87,0.80522317,-0.77776045
belebele_xho_870,0.7293594,-0.27954894
belebele_xho_871,0.80522317,-0.77776045
belebele_xho_872,0.80522317,-0.77776045
belebele_xho_873,0.80522317,-0.77776045
belebele_xho_874,0.7642891,-0.2684724
belebele_xho_875,0.6364851,0.5787512
belebele_xho_876,0.7338966,0.19710252
belebele_xho_877,0.73943514,0.6612007
belebele_xho_878,0.6933035,0.1741344
belebele_xho_879,0.6710693,1.0479506
belebele_xho_88,0.80522317,-0.77776045
belebele_xho_880,0.7642891,-0.2684724
belebele_xho_881,0.7163239,1.5429639
belebele_xho_882,0.80522317,-0.77776045
belebele_xho_883,0.6959062,0.62772906
belebele_xho_884,0.80522317,-0.77776045
belebele_xho_885,0.7642891,-0.2684724
belebele_xho_886,0.7338966,0.19710252
belebele_xho_887,0.80522317,-0.77776045
belebele_xho_888,0.7338966,0.19710252
belebele_xho_889,0.80522317,-0.77776045
belebele_xho_89,0.69447774,0.17480274
belebele_xho_890,0.7477486,1.1223401
belebele_xho_891,0.7293594,-0.27954894
belebele_xho_892,0.7477486,1.1223401
belebele_xho_893,0.6626997,0.1566573
belebele_xho_894,0.7163239,1.5429639
belebele_xho_895,0.7163239,1.5429639
belebele_xho_896,0.7163239,1.5429639
belebele_xho_897,0.7477486,1.1223401
belebele_xho_898,0.7642891,-0.2684724
belebele_xho_899,0.63821864,1.012501
belebele_xho_9,0.80522317,-0.77776045
belebele_xho_90,0.7282954,0.19395256
belebele_xho_91,0.60534966,0.97477794
belebele_xho_92,0.7477486,1.1223401
belebele_xho_93,0.80522317,-0.77776045
belebele_xho_94,0.80522317,-0.77776045
belebele_xho_95,0.80522317,-0.77776045
belebele_xho_96,0.6320794,0.574971
belebele_xho_97,0.7642891,-0.2684724
belebele_xho_98,0.7642891,-0.2684724
belebele_xho_99,0.80522317,-0.77776045
belebele_yor_0,0.60534966,0.97477794
belebele_yor_1,0.7163239,1.5429639
belebele_yor_10,0.73943514,0.6612007
belebele_yor_100,0.73943514,0.6612007
belebele_yor_101,0.73943514,0.6612007
belebele_yor_102,0.73943514,0.6612007
belebele_yor_103,0.6933035,0.1741344
belebele_yor_104,0.7642891,-0.2684724
belebele_yor_105,0.73943514,0.6612007
belebele_yor_106,0.80522317,-0.77776045
belebele_yor_107,0.73943514,0.6612007
belebele_yor_108,0.80522317,-0.77776045
belebele_yor_109,0.73943514,0.6612007
belebele_yor_11,0.7338966,0.19710252
belebele_yor_110,0.60534966,0.97477794
belebele_yor_111,0.7293594,-0.27954894
belebele_yor_112,0.66330975,0.60132694
belebele_yor_113,0.7163239,1.5429639
belebele_yor_114,0.69447774,0.17480274
belebele_yor_115,0.5802779,0.10954206
belebele_yor_116,0.6348883,-0.3055597
belebele_yor_117,0.5802621,0.5290278
belebele_yor_118,0.73943514,0.6612007
belebele_yor_119,0.7282954,0.19395256
belebele_yor_12,0.7282954,0.19395256
belebele_yor_120,0.6044916,0.55084634
belebele_yor_121,0.7282954,0.19395256
belebele_yor_122,0.7642891,-0.2684724
belebele_yor_123,0.80522317,-0.77776045
belebele_yor_124,0.7642891,-0.2684724
belebele_yor_125,0.7642891,-0.2684724
belebele_yor_126,0.7293594,-0.27954894
belebele_yor_127,0.73943514,0.6612007
belebele_yor_128,0.6959062,0.62772906
belebele_yor_129,0.80522317,-0.77776045
belebele_yor_13,0.6933035,0.1741344
belebele_yor_130,0.6054193,0.55167013
belebele_yor_131,0.7293594,-0.27954894
belebele_yor_132,0.80522317,-0.77776045
belebele_yor_133,0.80522317,-0.77776045
belebele_yor_134,0.80522317,-0.77776045
belebele_yor_135,0.7163239,1.5429639
belebele_yor_136,0.80522317,-0.77776045
belebele_yor_137,0.7163239,1.5429639
belebele_yor_138,0.7282954,0.19395256
belebele_yor_139,0.80522317,-0.77776045
belebele_yor_14,0.73943514,0.6612007
belebele_yor_140,0.69447774,0.17480274
belebele_yor_141,0.80522317,-0.77776045
belebele_yor_142,0.73943514,0.6612007
belebele_yor_143,0.73943514,0.6612007
belebele_yor_144,0.66330975,0.60132694
belebele_yor_145,0.6933035,0.1741344
belebele_yor_146,0.7642891,-0.2684724
belebele_yor_147,0.7477486,1.1223401
belebele_yor_148,0.6626997,0.1566573
belebele_yor_149,0.7163239,1.5429639
belebele_yor_15,0.73943514,0.6612007
belebele_yor_150,0.7241757,-0.28113684
belebele_yor_151,0.7013139,0.63199866
belebele_yor_152,0.69161004,-0.29073063
belebele_yor_153,0.80522317,-0.77776045
belebele_yor_154,0.6959062,0.62772906
belebele_yor_155,0.6320794,0.574971
belebele_yor_156,0.63318455,0.13974576
belebele_yor_157,0.7241757,-0.28113684
belebele_yor_158,0.80522317,-0.77776045
belebele_yor_159,0.6044916,0.55084634
belebele_yor_16,0.66330975,0.60132694
belebele_yor_160,0.7642891,-0.2684724
belebele_yor_161,0.80522317,-0.77776045
belebele_yor_162,0.80522317,-0.77776045
belebele_yor_163,0.7642891,-0.2684724
belebele_yor_164,0.80522317,-0.77776045
belebele_yor_165,0.80522317,-0.77776045
belebele_yor_166,0.80522317,-0.77776045
belebele_yor_167,0.7282954,0.19395256
belebele_yor_168,0.7241757,-0.28113684
belebele_yor_169,0.69447774,0.17480274
belebele_yor_17,0.6710693,1.0479506
belebele_yor_170,0.7477486,1.1223401
belebele_yor_171,0.73943514,0.6612007
belebele_yor_172,0.80522317,-0.77776045
belebele_yor_173,0.7293594,-0.27954894
belebele_yor_174,0.7477486,1.1223401
belebele_yor_175,0.633549,1.0072805
belebele_yor_176,0.7477486,1.1223401
belebele_yor_177,0.7338966,0.19710252
belebele_yor_178,0.73943514,0.6612007
belebele_yor_179,0.7293594,-0.27954894
belebele_yor_18,0.80522317,-0.77776045
belebele_yor_180,0.80522317,-0.77776045
belebele_yor_181,0.7293594,-0.27954894
belebele_yor_182,0.80522317,-0.77776045
belebele_yor_183,0.73943514,0.6612007
belebele_yor_184,0.7642891,-0.2684724
belebele_yor_185,0.60534966,0.97477794
belebele_yor_186,0.7293594,-0.27954894
belebele_yor_187,0.73943514,0.6612007
belebele_yor_188,0.6044916,0.55084634
belebele_yor_189,0.6364851,0.5787512
belebele_yor_19,0.7338966,0.19710252
belebele_yor_190,0.80522317,-0.77776045
belebele_yor_191,0.7241757,-0.28113684
belebele_yor_192,0.73943514,0.6612007
belebele_yor_193,0.7282954,0.19395256
belebele_yor_194,0.60534966,0.97477794
belebele_yor_195,0.7338966,0.19710252
belebele_yor_196,0.69447774,0.17480274
belebele_yor_197,0.73943514,0.6612007
belebele_yor_198,0.7163239,1.5429639
belebele_yor_199,0.6626997,0.1566573
belebele_yor_2,0.69161004,-0.29073063
belebele_yor_20,0.80522317,-0.77776045
belebele_yor_200,0.7293594,-0.27954894
belebele_yor_201,0.80522317,-0.77776045
belebele_yor_202,0.69447774,0.17480274
belebele_yor_203,0.7642891,-0.2684724
belebele_yor_204,0.80522317,-0.77776045
belebele_yor_205,0.7282954,0.19395256
belebele_yor_206,0.80522317,-0.77776045
belebele_yor_207,0.7642891,-0.2684724
belebele_yor_208,0.6078216,0.12522739
belebele_yor_209,0.7163239,1.5429639
belebele_yor_21,0.7338966,0.19710252
belebele_yor_210,0.6348883,-0.3055597
belebele_yor_211,0.7293594,-0.27954894
belebele_yor_212,0.7642891,-0.2684724
belebele_yor_213,0.6959062,0.62772906
belebele_yor_214,0.6959062,0.62772906
belebele_yor_215,0.6710693,1.0479506
belebele_yor_216,0.73943514,0.6612007
belebele_yor_217,0.7642891,-0.2684724
belebele_yor_218,0.7642891,-0.2684724
belebele_yor_219,0.69447774,0.17480274
belebele_yor_22,0.6710693,1.0479506
belebele_yor_220,0.7293594,-0.27954894
belebele_yor_221,0.80522317,-0.77776045
belebele_yor_222,0.6959062,0.62772906
belebele_yor_223,0.7338966,0.19710252
belebele_yor_224,0.7477486,1.1223401
belebele_yor_225,0.73943514,0.6612007
belebele_yor_226,0.80522317,-0.77776045
belebele_yor_227,0.80522317,-0.77776045
belebele_yor_228,0.69447774,0.17480274
belebele_yor_229,0.60534966,0.97477794
belebele_yor_23,0.7338966,0.19710252
belebele_yor_230,0.80522317,-0.77776045
belebele_yor_231,0.80522317,-0.77776045
belebele_yor_232,0.73943514,0.6612007
belebele_yor_233,0.7163239,1.5429639
belebele_yor_234,0.80522317,-0.77776045
belebele_yor_235,0.7163239,1.5429639
belebele_yor_236,0.65816486,0.15406066
belebele_yor_237,0.7241757,-0.28113684
belebele_yor_238,0.73943514,0.6612007
belebele_yor_239,0.7642891,-0.2684724
belebele_yor_24,0.7477486,1.1223401
belebele_yor_240,0.7241757,-0.28113684
belebele_yor_241,0.6933035,0.1741344
belebele_yor_242,0.6710693,1.0479506
belebele_yor_243,0.69161004,-0.29073063
belebele_yor_244,0.6710693,1.0479506
belebele_yor_245,0.7282954,0.19395256
belebele_yor_246,0.69447774,0.17480274
belebele_yor_247,0.7282954,0.19395256
belebele_yor_248,0.6710693,1.0479506
belebele_yor_249,0.7642891,-0.2684724
belebele_yor_25,0.6044916,0.55084634
belebele_yor_250,0.576663,0.5257382
belebele_yor_251,0.7241757,-0.28113684
belebele_yor_252,0.73943514,0.6612007
belebele_yor_253,0.6710693,1.0479506
belebele_yor_254,0.73943514,0.6612007
belebele_yor_255,0.73943514,0.6612007
belebele_yor_256,0.73943514,0.6612007
belebele_yor_257,0.7642891,-0.2684724
belebele_yor_258,0.7338966,0.19710252
belebele_yor_259,0.7642891,-0.2684724
belebele_yor_26,0.73943514,0.6612007
belebele_yor_260,0.6933035,0.1741344
belebele_yor_261,0.60534966,0.97477794
belebele_yor_262,0.80522317,-0.77776045
belebele_yor_263,0.6364851,0.5787512
belebele_yor_264,0.7293594,-0.27954894
belebele_yor_265,0.7338966,0.19710252
belebele_yor_266,0.73943514,0.6612007
belebele_yor_267,0.7163239,1.5429639
belebele_yor_268,0.6933035,0.1741344
belebele_yor_269,0.69447774,0.17480274
belebele_yor_27,0.7293594,-0.27954894
belebele_yor_270,0.7163239,1.5429639
belebele_yor_271,0.6710693,1.0479506
belebele_yor_272,0.7338966,0.19710252
belebele_yor_273,0.7163239,1.5429639
belebele_yor_274,0.66330975,0.60132694
belebele_yor_275,0.6320794,0.574971
belebele_yor_276,0.7293594,-0.27954894
belebele_yor_277,0.7163239,1.5429639
belebele_yor_278,0.7163239,1.5429639
belebele_yor_279,0.7282954,0.19395256
belebele_yor_28,0.73943514,0.6612007
belebele_yor_280,0.7282954,0.19395256
belebele_yor_281,0.7477486,1.1223401
belebele_yor_282,0.7282954,0.19395256
belebele_yor_283,0.6054193,0.55167013
belebele_yor_284,0.80522317,-0.77776045
belebele_yor_285,0.69447774,0.17480274
belebele_yor_286,0.7642891,-0.2684724
belebele_yor_287,0.5802779,0.10954206
belebele_yor_288,0.80522317,-0.77776045
belebele_yor_289,0.73943514,0.6612007
belebele_yor_29,0.7293594,-0.27954894
belebele_yor_290,0.7338966,0.19710252
belebele_yor_291,0.80522317,-0.77776045
belebele_yor_292,0.7163239,1.5429639
belebele_yor_293,0.80522317,-0.77776045
belebele_yor_294,0.7293594,-0.27954894
belebele_yor_295,0.6320794,0.574971
belebele_yor_296,0.7013139,0.63199866
belebele_yor_297,0.7642891,-0.2684724
belebele_yor_298,0.6933035,0.1741344
belebele_yor_299,0.69161004,-0.29073063
belebele_yor_3,0.73943514,0.6612007
belebele_yor_30,0.6959062,0.62772906
belebele_yor_300,0.7477486,1.1223401
belebele_yor_301,0.7282954,0.19395256
belebele_yor_302,0.6710693,1.0479506
belebele_yor_303,0.69161004,-0.29073063
belebele_yor_304,0.6320794,0.574971
belebele_yor_305,0.69447774,0.17480274
belebele_yor_306,0.7642891,-0.2684724
belebele_yor_307,0.69447774,0.17480274
belebele_yor_308,0.80522317,-0.77776045
belebele_yor_309,0.7013139,0.63199866
belebele_yor_31,0.7013139,0.63199866
belebele_yor_310,0.6626997,0.1566573
belebele_yor_311,0.7163239,1.5429639
belebele_yor_312,0.80522317,-0.77776045
belebele_yor_313,0.6710693,1.0479506
belebele_yor_314,0.6078216,0.12522739
belebele_yor_315,0.7163239,1.5429639
belebele_yor_316,0.60534966,0.97477794
belebele_yor_317,0.7163239,1.5429639
belebele_yor_318,0.6320794,0.574971
belebele_yor_319,0.7477486,1.1223401
belebele_yor_32,0.7282954,0.19395256
belebele_yor_320,0.7477486,1.1223401
belebele_yor_321,0.80522317,-0.77776045
belebele_yor_322,0.7642891,-0.2684724
belebele_yor_323,0.69161004,-0.29073063
belebele_yor_324,0.7477486,1.1223401
belebele_yor_325,0.6959062,0.62772906
belebele_yor_326,0.7163239,1.5429639
belebele_yor_327,0.6626997,0.1566573
belebele_yor_328,0.7642891,-0.2684724
belebele_yor_329,0.73943514,0.6612007
belebele_yor_33,0.80522317,-0.77776045
belebele_yor_330,0.7477486,1.1223401
belebele_yor_331,0.7642891,-0.2684724
belebele_yor_332,0.80522317,-0.77776045
belebele_yor_333,0.80522317,-0.77776045
belebele_yor_334,0.80522317,-0.77776045
belebele_yor_335,0.69447774,0.17480274
belebele_yor_336,0.80522317,-0.77776045
belebele_yor_337,0.7293594,-0.27954894
belebele_yor_338,0.80522317,-0.77776045
belebele_yor_339,0.6348883,-0.3055597
belebele_yor_34,0.7642891,-0.2684724
belebele_yor_340,0.7163239,1.5429639
belebele_yor_341,0.69447774,0.17480274
belebele_yor_342,0.7241757,-0.28113684
belebele_yor_343,0.6710693,1.0479506
belebele_yor_344,0.69447774,0.17480274
belebele_yor_345,0.6933035,0.1741344
belebele_yor_346,0.60534966,0.97477794
belebele_yor_347,0.65816486,0.15406066
belebele_yor_348,0.7642891,-0.2684724
belebele_yor_349,0.80522317,-0.77776045
belebele_yor_35,0.80522317,-0.77776045
belebele_yor_350,0.80522317,-0.77776045
belebele_yor_351,0.80522317,-0.77776045
belebele_yor_352,0.73943514,0.6612007
belebele_yor_353,0.66330975,0.60132694
belebele_yor_354,0.80522317,-0.77776045
belebele_yor_355,0.633549,1.0072805
belebele_yor_356,0.7293594,-0.27954894
belebele_yor_357,0.80522317,-0.77776045
belebele_yor_358,0.6054193,0.55167013
belebele_yor_359,0.5802779,0.10954206
belebele_yor_36,0.69447774,0.17480274
belebele_yor_360,0.73943514,0.6612007
belebele_yor_361,0.6710693,1.0479506
belebele_yor_362,0.65816486,0.15406066
belebele_yor_363,0.69447774,0.17480274
belebele_yor_364,0.7282954,0.19395256
belebele_yor_365,0.80522317,-0.77776045
belebele_yor_366,0.80522317,-0.77776045
belebele_yor_367,0.6933035,0.1741344
belebele_yor_368,0.6710693,1.0479506
belebele_yor_369,0.7293594,-0.27954894
belebele_yor_37,0.7642891,-0.2684724
belebele_yor_370,0.633549,1.0072805
belebele_yor_371,0.73943514,0.6612007
belebele_yor_372,0.7642891,-0.2684724
belebele_yor_373,0.69447774,0.17480274
belebele_yor_374,0.6933035,0.1741344
belebele_yor_375,0.7293594,-0.27954894
belebele_yor_376,0.7642891,-0.2684724
belebele_yor_377,0.6054193,0.55167013
belebele_yor_378,0.80522317,-0.77776045
belebele_yor_379,0.7642891,-0.2684724
belebele_yor_38,0.6320794,0.574971
belebele_yor_380,0.7642891,-0.2684724
belebele_yor_381,0.69447774,0.17480274
belebele_yor_382,0.7163239,1.5429639
belebele_yor_383,0.7241757,-0.28113684
belebele_yor_384,0.80522317,-0.77776045
belebele_yor_385,0.7477486,1.1223401
belebele_yor_386,0.6959062,0.62772906
belebele_yor_387,0.80522317,-0.77776045
belebele_yor_388,0.7282954,0.19395256
belebele_yor_389,0.80522317,-0.77776045
belebele_yor_39,0.69447774,0.17480274
belebele_yor_390,0.60534966,0.97477794
belebele_yor_391,0.6044916,0.55084634
belebele_yor_392,0.7293594,-0.27954894
belebele_yor_393,0.80522317,-0.77776045
belebele_yor_394,0.7338966,0.19710252
belebele_yor_395,0.7642891,-0.2684724
belebele_yor_396,0.69447774,0.17480274
belebele_yor_397,0.6626997,0.1566573
belebele_yor_398,0.7282954,0.19395256
belebele_yor_399,0.80522317,-0.77776045
belebele_yor_4,0.6933035,0.1741344
belebele_yor_40,0.6710693,1.0479506
belebele_yor_400,0.7293594,-0.27954894
belebele_yor_401,0.7642891,-0.2684724
belebele_yor_402,0.6710693,1.0479506
belebele_yor_403,0.7282954,0.19395256
belebele_yor_404,0.69447774,0.17480274
belebele_yor_405,0.80522317,-0.77776045
belebele_yor_406,0.80522317,-0.77776045
belebele_yor_407,0.6710693,1.0479506
belebele_yor_408,0.80522317,-0.77776045
belebele_yor_409,0.80522317,-0.77776045
belebele_yor_41,0.73943514,0.6612007
belebele_yor_410,0.80522317,-0.77776045
belebele_yor_411,0.6054193,0.55167013
belebele_yor_412,0.7163239,1.5429639
belebele_yor_413,0.80522317,-0.77776045
belebele_yor_414,0.73943514,0.6612007
belebele_yor_415,0.80522317,-0.77776045
belebele_yor_416,0.80522317,-0.77776045
belebele_yor_417,0.7241757,-0.28113684
belebele_yor_418,0.7241757,-0.28113684
belebele_yor_419,0.80522317,-0.77776045
belebele_yor_42,0.66330975,0.60132694
belebele_yor_420,0.80522317,-0.77776045
belebele_yor_421,0.7163239,1.5429639
belebele_yor_422,0.6933035,0.1741344
belebele_yor_423,0.6626997,0.1566573
belebele_yor_424,0.7338966,0.19710252
belebele_yor_425,0.80522317,-0.77776045
belebele_yor_426,0.6320794,0.574971
belebele_yor_427,0.6626997,0.1566573
belebele_yor_428,0.73943514,0.6612007
belebele_yor_429,0.7293594,-0.27954894
belebele_yor_43,0.73943514,0.6612007
belebele_yor_430,0.6626997,0.1566573
belebele_yor_431,0.7282954,0.19395256
belebele_yor_432,0.6933035,0.1741344
belebele_yor_433,0.7642891,-0.2684724
belebele_yor_434,0.80522317,-0.77776045
belebele_yor_435,0.80522317,-0.77776045
belebele_yor_436,0.80522317,-0.77776045
belebele_yor_437,0.80522317,-0.77776045
belebele_yor_438,0.69161004,-0.29073063
belebele_yor_439,0.80522317,-0.77776045
belebele_yor_44,0.7477486,1.1223401
belebele_yor_440,0.69447774,0.17480274
belebele_yor_441,0.6710693,1.0479506
belebele_yor_442,0.80522317,-0.77776045
belebele_yor_443,0.80522317,-0.77776045
belebele_yor_444,0.63821864,1.012501
belebele_yor_445,0.7642891,-0.2684724
belebele_yor_446,0.7642891,-0.2684724
belebele_yor_447,0.80522317,-0.77776045
belebele_yor_448,0.7293594,-0.27954894
belebele_yor_449,0.7477486,1.1223401
belebele_yor_45,0.7163239,1.5429639
belebele_yor_450,0.7282954,0.19395256
belebele_yor_451,0.7293594,-0.27954894
belebele_yor_452,0.7642891,-0.2684724
belebele_yor_453,0.7293594,-0.27954894
belebele_yor_454,0.6959062,0.62772906
belebele_yor_455,0.7293594,-0.27954894
belebele_yor_456,0.7163239,1.5429639
belebele_yor_457,0.7642891,-0.2684724
belebele_yor_458,0.7293594,-0.27954894
belebele_yor_459,0.73943514,0.6612007
belebele_yor_46,0.63821864,1.012501
belebele_yor_460,0.73943514,0.6612007
belebele_yor_461,0.6710693,1.0479506
belebele_yor_462,0.6710693,1.0479506
belebele_yor_463,0.63821864,1.012501
belebele_yor_464,0.7282954,0.19395256
belebele_yor_465,0.6320794,0.574971
belebele_yor_466,0.5802621,0.5290278
belebele_yor_467,0.7163239,1.5429639
belebele_yor_468,0.80522317,-0.77776045
belebele_yor_469,0.80522317,-0.77776045
belebele_yor_47,0.73943514,0.6612007
belebele_yor_470,0.7282954,0.19395256
belebele_yor_471,0.7642891,-0.2684724
belebele_yor_472,0.7163239,1.5429639
belebele_yor_473,0.69161004,-0.29073063
belebele_yor_474,0.80522317,-0.77776045
belebele_yor_475,0.7642891,-0.2684724
belebele_yor_476,0.80522317,-0.77776045
belebele_yor_477,0.7241757,-0.28113684
belebele_yor_478,0.7282954,0.19395256
belebele_yor_479,0.7642891,-0.2684724
belebele_yor_48,0.73943514,0.6612007
belebele_yor_480,0.7163239,1.5429639
belebele_yor_481,0.80522317,-0.77776045
belebele_yor_482,0.7282954,0.19395256
belebele_yor_483,0.80522317,-0.77776045
belebele_yor_484,0.7163239,1.5429639
belebele_yor_485,0.69447774,0.17480274
belebele_yor_486,0.7163239,1.5429639
belebele_yor_487,0.69447774,0.17480274
belebele_yor_488,0.7293594,-0.27954894
belebele_yor_489,0.80522317,-0.77776045
belebele_yor_49,0.6710693,1.0479506
belebele_yor_490,0.69447774,0.17480274
belebele_yor_491,0.66330975,0.60132694
belebele_yor_492,0.80522317,-0.77776045
belebele_yor_493,0.80522317,-0.77776045
belebele_yor_494,0.7293594,-0.27954894
belebele_yor_495,0.6054193,0.55167013
belebele_yor_496,0.7163239,1.5429639
belebele_yor_497,0.60534966,0.97477794
belebele_yor_498,0.80522317,-0.77776045
belebele_yor_499,0.7293594,-0.27954894
belebele_yor_5,0.7293594,-0.27954894
belebele_yor_50,0.7642891,-0.2684724
belebele_yor_500,0.7282954,0.19395256
belebele_yor_501,0.73943514,0.6612007
belebele_yor_502,0.7338966,0.19710252
belebele_yor_503,0.6710693,1.0479506
belebele_yor_504,0.7163239,1.5429639
belebele_yor_505,0.633549,1.0072805
belebele_yor_506,0.7013139,0.63199866
belebele_yor_507,0.7241757,-0.28113684
belebele_yor_508,0.80522317,-0.77776045
belebele_yor_509,0.7642891,-0.2684724
belebele_yor_51,0.7642891,-0.2684724
belebele_yor_510,0.7163239,1.5429639
belebele_yor_511,0.73943514,0.6612007
belebele_yor_512,0.69447774,0.17480274
belebele_yor_513,0.7642891,-0.2684724
belebele_yor_514,0.66330975,0.60132694
belebele_yor_515,0.73943514,0.6612007
belebele_yor_516,0.73943514,0.6612007
belebele_yor_517,0.66330975,0.60132694
belebele_yor_518,0.7477486,1.1223401
belebele_yor_519,0.80522317,-0.77776045
belebele_yor_52,0.73943514,0.6612007
belebele_yor_520,0.7338966,0.19710252
belebele_yor_521,0.80522317,-0.77776045
belebele_yor_522,0.7241757,-0.28113684
belebele_yor_523,0.80522317,-0.77776045
belebele_yor_524,0.73943514,0.6612007
belebele_yor_525,0.7163239,1.5429639
belebele_yor_526,0.7293594,-0.27954894
belebele_yor_527,0.7241757,-0.28113684
belebele_yor_528,0.80522317,-0.77776045
belebele_yor_529,0.80522317,-0.77776045
belebele_yor_53,0.7642891,-0.2684724
belebele_yor_530,0.80522317,-0.77776045
belebele_yor_531,0.80522317,-0.77776045
belebele_yor_532,0.80522317,-0.77776045
belebele_yor_533,0.7282954,0.19395256
belebele_yor_534,0.80522317,-0.77776045
belebele_yor_535,0.7013139,0.63199866
belebele_yor_536,0.7163239,1.5429639
belebele_yor_537,0.6710693,1.0479506
belebele_yor_538,0.73943514,0.6612007
belebele_yor_539,0.80522317,-0.77776045
belebele_yor_54,0.80522317,-0.77776045
belebele_yor_540,0.6626997,0.1566573
belebele_yor_541,0.7241757,-0.28113684
belebele_yor_542,0.576663,0.5257382
belebele_yor_543,0.6364851,0.5787512
belebele_yor_544,0.7241757,-0.28113684
belebele_yor_545,0.7293594,-0.27954894
belebele_yor_546,0.7282954,0.19395256
belebele_yor_547,0.6933035,0.1741344
belebele_yor_548,0.80522317,-0.77776045
belebele_yor_549,0.7241757,-0.28113684
belebele_yor_55,0.7163239,1.5429639
belebele_yor_550,0.7241757,-0.28113684
belebele_yor_551,0.80522317,-0.77776045
belebele_yor_552,0.80522317,-0.77776045
belebele_yor_553,0.69447774,0.17480274
belebele_yor_554,0.633549,1.0072805
belebele_yor_555,0.80522317,-0.77776045
belebele_yor_556,0.80522317,-0.77776045
belebele_yor_557,0.7163239,1.5429639
belebele_yor_558,0.73943514,0.6612007
belebele_yor_559,0.73943514,0.6612007
belebele_yor_56,0.7293594,-0.27954894
belebele_yor_560,0.80522317,-0.77776045
belebele_yor_561,0.69447774,0.17480274
belebele_yor_562,0.7241757,-0.28113684
belebele_yor_563,0.7338966,0.19710252
belebele_yor_564,0.73943514,0.6612007
belebele_yor_565,0.65816486,0.15406066
belebele_yor_566,0.80522317,-0.77776045
belebele_yor_567,0.80522317,-0.77776045
belebele_yor_568,0.6933035,0.1741344
belebele_yor_569,0.6626997,0.1566573
belebele_yor_57,0.6320794,0.574971
belebele_yor_570,0.7293594,-0.27954894
belebele_yor_571,0.69447774,0.17480274
belebele_yor_572,0.69447774,0.17480274
belebele_yor_573,0.6626997,0.1566573
belebele_yor_574,0.6959062,0.62772906
belebele_yor_575,0.7642891,-0.2684724
belebele_yor_576,0.69447774,0.17480274
belebele_yor_577,0.7293594,-0.27954894
belebele_yor_578,0.6054193,0.55167013
belebele_yor_579,0.7282954,0.19395256
belebele_yor_58,0.7338966,0.19710252
belebele_yor_580,0.7642891,-0.2684724
belebele_yor_581,0.80522317,-0.77776045
belebele_yor_582,0.633549,1.0072805
belebele_yor_583,0.73943514,0.6612007
belebele_yor_584,0.7293594,-0.27954894
belebele_yor_585,0.80522317,-0.77776045
belebele_yor_586,0.80522317,-0.77776045
belebele_yor_587,0.6054193,0.55167013
belebele_yor_588,0.7163239,1.5429639
belebele_yor_589,0.7163239,1.5429639
belebele_yor_59,0.7013139,0.63199866
belebele_yor_590,0.7163239,1.5429639
belebele_yor_591,0.63318455,0.13974576
belebele_yor_592,0.69447774,0.17480274
belebele_yor_593,0.7013139,0.63199866
belebele_yor_594,0.6320794,0.574971
belebele_yor_595,0.6710693,1.0479506
belebele_yor_596,0.7241757,-0.28113684
belebele_yor_597,0.63318455,0.13974576
belebele_yor_598,0.80522317,-0.77776045
belebele_yor_599,0.73943514,0.6612007
belebele_yor_6,0.7642891,-0.2684724
belebele_yor_60,0.80522317,-0.77776045
belebele_yor_600,0.7338966,0.19710252
belebele_yor_601,0.69161004,-0.29073063
belebele_yor_602,0.7338966,0.19710252
belebele_yor_603,0.7338966,0.19710252
belebele_yor_604,0.80522317,-0.77776045
belebele_yor_605,0.7293594,-0.27954894
belebele_yor_606,0.7642891,-0.2684724
belebele_yor_607,0.69447774,0.17480274
belebele_yor_608,0.69447774,0.17480274
belebele_yor_609,0.7642891,-0.2684724
belebele_yor_61,0.80522317,-0.77776045
belebele_yor_610,0.7338966,0.19710252
belebele_yor_611,0.7241757,-0.28113684
belebele_yor_612,0.7477486,1.1223401
belebele_yor_613,0.7282954,0.19395256
belebele_yor_614,0.7293594,-0.27954894
belebele_yor_615,0.73943514,0.6612007
belebele_yor_616,0.80522317,-0.77776045
belebele_yor_617,0.7338966,0.19710252
belebele_yor_618,0.80522317,-0.77776045
belebele_yor_619,0.80522317,-0.77776045
belebele_yor_62,0.7338966,0.19710252
belebele_yor_620,0.69447774,0.17480274
belebele_yor_621,0.80522317,-0.77776045
belebele_yor_622,0.7163239,1.5429639
belebele_yor_623,0.80522317,-0.77776045
belebele_yor_624,0.80522317,-0.77776045
belebele_yor_625,0.80522317,-0.77776045
belebele_yor_626,0.73943514,0.6612007
belebele_yor_627,0.7293594,-0.27954894
belebele_yor_628,0.7013139,0.63199866
belebele_yor_629,0.633549,1.0072805
belebele_yor_63,0.6710693,1.0479506
belebele_yor_630,0.7163239,1.5429639
belebele_yor_631,0.7293594,-0.27954894
belebele_yor_632,0.7642891,-0.2684724
belebele_yor_633,0.66330975,0.60132694
belebele_yor_634,0.80522317,-0.77776045
belebele_yor_635,0.80522317,-0.77776045
belebele_yor_636,0.73943514,0.6612007
belebele_yor_637,0.6348883,-0.3055597
belebele_yor_638,0.80522317,-0.77776045
belebele_yor_639,0.80522317,-0.77776045
belebele_yor_64,0.80522317,-0.77776045
belebele_yor_640,0.80522317,-0.77776045
belebele_yor_641,0.7163239,1.5429639
belebele_yor_642,0.73943514,0.6612007
belebele_yor_643,0.80522317,-0.77776045
belebele_yor_644,0.73943514,0.6612007
belebele_yor_645,0.73943514,0.6612007
belebele_yor_646,0.7163239,1.5429639
belebele_yor_647,0.7282954,0.19395256
belebele_yor_648,0.80522317,-0.77776045
belebele_yor_649,0.7642891,-0.2684724
belebele_yor_65,0.80522317,-0.77776045
belebele_yor_650,0.80522317,-0.77776045
belebele_yor_651,0.80522317,-0.77776045
belebele_yor_652,0.7477486,1.1223401
belebele_yor_653,0.69447774,0.17480274
belebele_yor_654,0.7293594,-0.27954894
belebele_yor_655,0.73943514,0.6612007
belebele_yor_656,0.63318455,0.13974576
belebele_yor_657,0.73943514,0.6612007
belebele_yor_658,0.80522317,-0.77776045
belebele_yor_659,0.7477486,1.1223401
belebele_yor_66,0.7338966,0.19710252
belebele_yor_660,0.7642891,-0.2684724
belebele_yor_661,0.73943514,0.6612007
belebele_yor_662,0.7013139,0.63199866
belebele_yor_663,0.73943514,0.6612007
belebele_yor_664,0.69447774,0.17480274
belebele_yor_665,0.73943514,0.6612007
belebele_yor_666,0.7163239,1.5429639
belebele_yor_667,0.7338966,0.19710252
belebele_yor_668,0.73943514,0.6612007
belebele_yor_669,0.6044916,0.55084634
belebele_yor_67,0.633549,1.0072805
belebele_yor_670,0.7642891,-0.2684724
belebele_yor_671,0.7477486,1.1223401
belebele_yor_672,0.66330975,0.60132694
belebele_yor_673,0.80522317,-0.77776045
belebele_yor_674,0.80522317,-0.77776045
belebele_yor_675,0.69161004,-0.29073063
belebele_yor_676,0.7642891,-0.2684724
belebele_yor_677,0.7241757,-0.28113684
belebele_yor_678,0.69447774,0.17480274
belebele_yor_679,0.80522317,-0.77776045
belebele_yor_68,0.73943514,0.6612007
belebele_yor_680,0.80522317,-0.77776045
belebele_yor_681,0.66330975,0.60132694
belebele_yor_682,0.6626997,0.1566573
belebele_yor_683,0.73943514,0.6612007
belebele_yor_684,0.7013139,0.63199866
belebele_yor_685,0.7477486,1.1223401
belebele_yor_686,0.80522317,-0.77776045
belebele_yor_687,0.7642891,-0.2684724
belebele_yor_688,0.63821864,1.012501
belebele_yor_689,0.7642891,-0.2684724
belebele_yor_69,0.80522317,-0.77776045
belebele_yor_690,0.7293594,-0.27954894
belebele_yor_691,0.6710693,1.0479506
belebele_yor_692,0.80522317,-0.77776045
belebele_yor_693,0.69447774,0.17480274
belebele_yor_694,0.69447774,0.17480274
belebele_yor_695,0.69447774,0.17480274
belebele_yor_696,0.6626997,0.1566573
belebele_yor_697,0.7293594,-0.27954894
belebele_yor_698,0.80522317,-0.77776045
belebele_yor_699,0.73943514,0.6612007
belebele_yor_7,0.80522317,-0.77776045
belebele_yor_70,0.66330975,0.60132694
belebele_yor_700,0.7642891,-0.2684724
belebele_yor_701,0.7282954,0.19395256
belebele_yor_702,0.7642891,-0.2684724
belebele_yor_703,0.7282954,0.19395256
belebele_yor_704,0.7163239,1.5429639
belebele_yor_705,0.7477486,1.1223401
belebele_yor_706,0.7338966,0.19710252
belebele_yor_707,0.7477486,1.1223401
belebele_yor_708,0.7293594,-0.27954894
belebele_yor_709,0.6933035,0.1741344
belebele_yor_71,0.7477486,1.1223401
belebele_yor_710,0.73943514,0.6612007
belebele_yor_711,0.73943514,0.6612007
belebele_yor_712,0.6626997,0.1566573
belebele_yor_713,0.6364851,0.5787512
belebele_yor_714,0.80522317,-0.77776045
belebele_yor_715,0.7282954,0.19395256
belebele_yor_716,0.69161004,-0.29073063
belebele_yor_717,0.69447774,0.17480274
belebele_yor_718,0.80522317,-0.77776045
belebele_yor_719,0.69447774,0.17480274
belebele_yor_72,0.7163239,1.5429639
belebele_yor_720,0.80522317,-0.77776045
belebele_yor_721,0.5802779,0.10954206
belebele_yor_722,0.7642891,-0.2684724
belebele_yor_723,0.7293594,-0.27954894
belebele_yor_724,0.7477486,1.1223401
belebele_yor_725,0.69161004,-0.29073063
belebele_yor_726,0.7282954,0.19395256
belebele_yor_727,0.6710693,1.0479506
belebele_yor_728,0.7338966,0.19710252
belebele_yor_729,0.73943514,0.6612007
belebele_yor_73,0.7293594,-0.27954894
belebele_yor_730,0.80522317,-0.77776045
belebele_yor_731,0.80522317,-0.77776045
belebele_yor_732,0.7163239,1.5429639
belebele_yor_733,0.7282954,0.19395256
belebele_yor_734,0.73943514,0.6612007
belebele_yor_735,0.80522317,-0.77776045
belebele_yor_736,0.80522317,-0.77776045
belebele_yor_737,0.7642891,-0.2684724
belebele_yor_738,0.6933035,0.1741344
belebele_yor_739,0.6054193,0.55167013
belebele_yor_74,0.69447774,0.17480274
belebele_yor_740,0.69447774,0.17480274
belebele_yor_741,0.69447774,0.17480274
belebele_yor_742,0.7642891,-0.2684724
belebele_yor_743,0.69447774,0.17480274
belebele_yor_744,0.7293594,-0.27954894
belebele_yor_745,0.69161004,-0.29073063
belebele_yor_746,0.7477486,1.1223401
belebele_yor_747,0.7642891,-0.2684724
belebele_yor_748,0.7338966,0.19710252
belebele_yor_749,0.7642891,-0.2684724
belebele_yor_75,0.73943514,0.6612007
belebele_yor_750,0.80522317,-0.77776045
belebele_yor_751,0.7477486,1.1223401
belebele_yor_752,0.73943514,0.6612007
belebele_yor_753,0.80522317,-0.77776045
belebele_yor_754,0.7241757,-0.28113684
belebele_yor_755,0.7013139,0.63199866
belebele_yor_756,0.80522317,-0.77776045
belebele_yor_757,0.7163239,1.5429639
belebele_yor_758,0.63318455,0.13974576
belebele_yor_759,0.60534966,0.97477794
belebele_yor_76,0.73943514,0.6612007
belebele_yor_760,0.7642891,-0.2684724
belebele_yor_761,0.80522317,-0.77776045
belebele_yor_762,0.80522317,-0.77776045
belebele_yor_763,0.7241757,-0.28113684
belebele_yor_764,0.69161004,-0.29073063
belebele_yor_765,0.80522317,-0.77776045
belebele_yor_766,0.69161004,-0.29073063
belebele_yor_767,0.7642891,-0.2684724
belebele_yor_768,0.73943514,0.6612007
belebele_yor_769,0.65816486,0.15406066
belebele_yor_77,0.7241757,-0.28113684
belebele_yor_770,0.7642891,-0.2684724
belebele_yor_771,0.73943514,0.6612007
belebele_yor_772,0.6959062,0.62772906
belebele_yor_773,0.7282954,0.19395256
belebele_yor_774,0.60534966,0.97477794
belebele_yor_775,0.7477486,1.1223401
belebele_yor_776,0.7293594,-0.27954894
belebele_yor_777,0.7293594,-0.27954894
belebele_yor_778,0.7293594,-0.27954894
belebele_yor_779,0.80522317,-0.77776045
belebele_yor_78,0.80522317,-0.77776045
belebele_yor_780,0.6348883,-0.3055597
belebele_yor_781,0.6933035,0.1741344
belebele_yor_782,0.7477486,1.1223401
belebele_yor_783,0.6078216,0.12522739
belebele_yor_784,0.7642891,-0.2684724
belebele_yor_785,0.6364851,0.5787512
belebele_yor_786,0.7338966,0.19710252
belebele_yor_787,0.7163239,1.5429639
belebele_yor_788,0.5802621,0.5290278
belebele_yor_789,0.7338966,0.19710252
belebele_yor_79,0.7293594,-0.27954894
belebele_yor_790,0.7163239,1.5429639
belebele_yor_791,0.7241757,-0.28113684
belebele_yor_792,0.6933035,0.1741344
belebele_yor_793,0.80522317,-0.77776045
belebele_yor_794,0.80522317,-0.77776045
belebele_yor_795,0.7293594,-0.27954894
belebele_yor_796,0.7241757,-0.28113684
belebele_yor_797,0.80522317,-0.77776045
belebele_yor_798,0.7293594,-0.27954894
belebele_yor_799,0.80522317,-0.77776045
belebele_yor_8,0.6320794,0.574971
belebele_yor_80,0.7642891,-0.2684724
belebele_yor_800,0.6959062,0.62772906
belebele_yor_801,0.7241757,-0.28113684
belebele_yor_802,0.63318455,0.13974576
belebele_yor_803,0.73943514,0.6612007
belebele_yor_804,0.7282954,0.19395256
belebele_yor_805,0.7293594,-0.27954894
belebele_yor_806,0.7241757,-0.28113684
belebele_yor_807,0.7338966,0.19710252
belebele_yor_808,0.73943514,0.6612007
belebele_yor_809,0.633549,1.0072805
belebele_yor_81,0.7338966,0.19710252
belebele_yor_810,0.7163239,1.5429639
belebele_yor_811,0.73943514,0.6612007
belebele_yor_812,0.7477486,1.1223401
belebele_yor_813,0.7477486,1.1223401
belebele_yor_814,0.6710693,1.0479506
belebele_yor_815,0.6710693,1.0479506
belebele_yor_816,0.7642891,-0.2684724
belebele_yor_817,0.7642891,-0.2684724
belebele_yor_818,0.69447774,0.17480274
belebele_yor_819,0.80522317,-0.77776045
belebele_yor_82,0.7642891,-0.2684724
belebele_yor_820,0.73943514,0.6612007
belebele_yor_821,0.69447774,0.17480274
belebele_yor_822,0.80522317,-0.77776045
belebele_yor_823,0.7338966,0.19710252
belebele_yor_824,0.80522317,-0.77776045
belebele_yor_825,0.80522317,-0.77776045
belebele_yor_826,0.6710693,1.0479506
belebele_yor_827,0.7163239,1.5429639
belebele_yor_828,0.80522317,-0.77776045
belebele_yor_829,0.7642891,-0.2684724
belebele_yor_83,0.6054193,0.55167013
belebele_yor_830,0.80522317,-0.77776045
belebele_yor_831,0.73943514,0.6612007
belebele_yor_832,0.7163239,1.5429639
belebele_yor_833,0.7163239,1.5429639
belebele_yor_834,0.73943514,0.6612007
belebele_yor_835,0.73943514,0.6612007
belebele_yor_836,0.7163239,1.5429639
belebele_yor_837,0.80522317,-0.77776045
belebele_yor_838,0.73943514,0.6612007
belebele_yor_839,0.7477486,1.1223401
belebele_yor_84,0.7293594,-0.27954894
belebele_yor_840,0.80522317,-0.77776045
belebele_yor_841,0.80522317,-0.77776045
belebele_yor_842,0.7642891,-0.2684724
belebele_yor_843,0.80522317,-0.77776045
belebele_yor_844,0.7282954,0.19395256
belebele_yor_845,0.7013139,0.63199866
belebele_yor_846,0.7642891,-0.2684724
belebele_yor_847,0.7163239,1.5429639
belebele_yor_848,0.66330975,0.60132694
belebele_yor_849,0.66330975,0.60132694
belebele_yor_85,0.6044916,0.55084634
belebele_yor_850,0.7282954,0.19395256
belebele_yor_851,0.7013139,0.63199866
belebele_yor_852,0.7338966,0.19710252
belebele_yor_853,0.6626997,0.1566573
belebele_yor_854,0.6320794,0.574971
belebele_yor_855,0.69161004,-0.29073063
belebele_yor_856,0.7477486,1.1223401
belebele_yor_857,0.69447774,0.17480274
belebele_yor_858,0.80522317,-0.77776045
belebele_yor_859,0.7642891,-0.2684724
belebele_yor_86,0.7293594,-0.27954894
belebele_yor_860,0.7477486,1.1223401
belebele_yor_861,0.7241757,-0.28113684
belebele_yor_862,0.80522317,-0.77776045
belebele_yor_863,0.7282954,0.19395256
belebele_yor_864,0.73943514,0.6612007
belebele_yor_865,0.69447774,0.17480274
belebele_yor_866,0.7642891,-0.2684724
belebele_yor_867,0.69447774,0.17480274
belebele_yor_868,0.80522317,-0.77776045
belebele_yor_869,0.7282954,0.19395256
belebele_yor_87,0.80522317,-0.77776045
belebele_yor_870,0.7163239,1.5429639
belebele_yor_871,0.7338966,0.19710252
belebele_yor_872,0.7293594,-0.27954894
belebele_yor_873,0.69447774,0.17480274
belebele_yor_874,0.73943514,0.6612007
belebele_yor_875,0.7241757,-0.28113684
belebele_yor_876,0.80522317,-0.77776045
belebele_yor_877,0.7282954,0.19395256
belebele_yor_878,0.6710693,1.0479506
belebele_yor_879,0.63318455,0.13974576
belebele_yor_88,0.69161004,-0.29073063
belebele_yor_880,0.7163239,1.5429639
belebele_yor_881,0.7642891,-0.2684724
belebele_yor_882,0.7338966,0.19710252
belebele_yor_883,0.80522317,-0.77776045
belebele_yor_884,0.7477486,1.1223401
belebele_yor_885,0.7642891,-0.2684724
belebele_yor_886,0.66330975,0.60132694
belebele_yor_887,0.7477486,1.1223401
belebele_yor_888,0.6710693,1.0479506
belebele_yor_889,0.7293594,-0.27954894
belebele_yor_89,0.6078216,0.12522739
belebele_yor_890,0.80522317,-0.77776045
belebele_yor_891,0.5802779,0.10954206
belebele_yor_892,0.80522317,-0.77776045
belebele_yor_893,0.7241757,-0.28113684
belebele_yor_894,0.69161004,-0.29073063
belebele_yor_895,0.7241757,-0.28113684
belebele_yor_896,0.7477486,1.1223401
belebele_yor_897,0.7293594,-0.27954894
belebele_yor_898,0.80522317,-0.77776045
belebele_yor_899,0.7338966,0.19710252
belebele_yor_9,0.80522317,-0.77776045
belebele_yor_90,0.633549,1.0072805
belebele_yor_91,0.7642891,-0.2684724
belebele_yor_92,0.6959062,0.62772906
belebele_yor_93,0.7477486,1.1223401
belebele_yor_94,0.80522317,-0.77776045
belebele_yor_95,0.73943514,0.6612007
belebele_yor_96,0.80522317,-0.77776045
belebele_yor_97,0.7642891,-0.2684724
belebele_yor_98,0.7338966,0.19710252
belebele_yor_99,0.7642891,-0.2684724
belebele_zul_0,0.80522317,-0.77776045
belebele_zul_1,0.69161004,-0.29073063
belebele_zul_10,0.80522317,-0.77776045
belebele_zul_100,0.7241757,-0.28113684
belebele_zul_101,0.7477486,1.1223401
belebele_zul_102,0.7642891,-0.2684724
belebele_zul_103,0.7477486,1.1223401
belebele_zul_104,0.7642891,-0.2684724
belebele_zul_105,0.7642891,-0.2684724
belebele_zul_106,0.80522317,-0.77776045
belebele_zul_107,0.7163239,1.5429639
belebele_zul_108,0.7642891,-0.2684724
belebele_zul_109,0.6959062,0.62772906
belebele_zul_11,0.80522317,-0.77776045
belebele_zul_110,0.69447774,0.17480274
belebele_zul_111,0.7477486,1.1223401
belebele_zul_112,0.80522317,-0.77776045
belebele_zul_113,0.7241757,-0.28113684
belebele_zul_114,0.80522317,-0.77776045
belebele_zul_115,0.65816486,0.15406066
belebele_zul_116,0.6078216,0.12522739
belebele_zul_117,0.6078216,0.12522739
belebele_zul_118,0.73943514,0.6612007
belebele_zul_119,0.73943514,0.6612007
belebele_zul_12,0.7163239,1.5429639
belebele_zul_120,0.73943514,0.6612007
belebele_zul_121,0.7338966,0.19710252
belebele_zul_122,0.6959062,0.62772906
belebele_zul_123,0.7282954,0.19395256
belebele_zul_124,0.65816486,0.15406066
belebele_zul_125,0.6959062,0.62772906
belebele_zul_126,0.7293594,-0.27954894
belebele_zul_127,0.69161004,-0.29073063
belebele_zul_128,0.69447774,0.17480274
belebele_zul_129,0.80522317,-0.77776045
belebele_zul_13,0.7642891,-0.2684724
belebele_zul_130,0.7163239,1.5429639
belebele_zul_131,0.80522317,-0.77776045
belebele_zul_132,0.80522317,-0.77776045
belebele_zul_133,0.80522317,-0.77776045
belebele_zul_134,0.80522317,-0.77776045
belebele_zul_135,0.7477486,1.1223401
belebele_zul_136,0.80522317,-0.77776045
belebele_zul_137,0.6054193,0.55167013
belebele_zul_138,0.7163239,1.5429639
belebele_zul_139,0.80522317,-0.77776045
belebele_zul_14,0.73943514,0.6612007
belebele_zul_140,0.80522317,-0.77776045
belebele_zul_141,0.80522317,-0.77776045
belebele_zul_142,0.6959062,0.62772906
belebele_zul_143,0.6710693,1.0479506
belebele_zul_144,0.6054193,0.55167013
belebele_zul_145,0.7477486,1.1223401
belebele_zul_146,0.6933035,0.1741344
belebele_zul_147,0.73943514,0.6612007
belebele_zul_148,0.6626997,0.1566573
belebele_zul_149,0.7163239,1.5429639
belebele_zul_15,0.7642891,-0.2684724
belebele_zul_150,0.80522317,-0.77776045
belebele_zul_151,0.80522317,-0.77776045
belebele_zul_152,0.7642891,-0.2684724
belebele_zul_153,0.80522317,-0.77776045
belebele_zul_154,0.7163239,1.5429639
belebele_zul_155,0.80522317,-0.77776045
belebele_zul_156,0.80522317,-0.77776045
belebele_zul_157,0.80522317,-0.77776045
belebele_zul_158,0.80522317,-0.77776045
belebele_zul_159,0.80522317,-0.77776045
belebele_zul_16,0.7338966,0.19710252
belebele_zul_160,0.7241757,-0.28113684
belebele_zul_161,0.80522317,-0.77776045
belebele_zul_162,0.80522317,-0.77776045
belebele_zul_163,0.73943514,0.6612007
belebele_zul_164,0.7642891,-0.2684724
belebele_zul_165,0.80522317,-0.77776045
belebele_zul_166,0.7293594,-0.27954894
belebele_zul_167,0.69447774,0.17480274
belebele_zul_168,0.80522317,-0.77776045
belebele_zul_169,0.80522317,-0.77776045
belebele_zul_17,0.6933035,0.1741344
belebele_zul_170,0.69161004,-0.29073063
belebele_zul_171,0.80522317,-0.77776045
belebele_zul_172,0.69447774,0.17480274
belebele_zul_173,0.63318455,0.13974576
belebele_zul_174,0.7163239,1.5429639
belebele_zul_175,0.80522317,-0.77776045
belebele_zul_176,0.7642891,-0.2684724
belebele_zul_177,0.6710693,1.0479506
belebele_zul_178,0.80522317,-0.77776045
belebele_zul_179,0.80522317,-0.77776045
belebele_zul_18,0.80522317,-0.77776045
belebele_zul_180,0.80522317,-0.77776045
belebele_zul_181,0.7477486,1.1223401
belebele_zul_182,0.69447774,0.17480274
belebele_zul_183,0.60534966,0.97477794
belebele_zul_184,0.7293594,-0.27954894
belebele_zul_185,0.73943514,0.6612007
belebele_zul_186,0.6933035,0.1741344
belebele_zul_187,0.73943514,0.6612007
belebele_zul_188,0.7241757,-0.28113684
belebele_zul_189,0.80522317,-0.77776045
belebele_zul_19,0.7338966,0.19710252
belebele_zul_190,0.80522317,-0.77776045
belebele_zul_191,0.80522317,-0.77776045
belebele_zul_192,0.69161004,-0.29073063
belebele_zul_193,0.633549,1.0072805
belebele_zul_194,0.7338966,0.19710252
belebele_zul_195,0.5802779,0.10954206
belebele_zul_196,0.80522317,-0.77776045
belebele_zul_197,0.80522317,-0.77776045
belebele_zul_198,0.80522317,-0.77776045
belebele_zul_199,0.80522317,-0.77776045
belebele_zul_2,0.80522317,-0.77776045
belebele_zul_20,0.80522317,-0.77776045
belebele_zul_200,0.73943514,0.6612007
belebele_zul_201,0.7477486,1.1223401
belebele_zul_202,0.73943514,0.6612007
belebele_zul_203,0.69447774,0.17480274
belebele_zul_204,0.7241757,-0.28113684
belebele_zul_205,0.7642891,-0.2684724
belebele_zul_206,0.80522317,-0.77776045
belebele_zul_207,0.7241757,-0.28113684
belebele_zul_208,0.80522317,-0.77776045
belebele_zul_209,0.80522317,-0.77776045
belebele_zul_21,0.7338966,0.19710252
belebele_zul_210,0.7338966,0.19710252
belebele_zul_211,0.80522317,-0.77776045
belebele_zul_212,0.6710693,1.0479506
belebele_zul_213,0.7642891,-0.2684724
belebele_zul_214,0.80522317,-0.77776045
belebele_zul_215,0.80522317,-0.77776045
belebele_zul_216,0.80522317,-0.77776045
belebele_zul_217,0.7477486,1.1223401
belebele_zul_218,0.6710693,1.0479506
belebele_zul_219,0.633549,1.0072805
belebele_zul_22,0.6078216,0.12522739
belebele_zul_220,0.69447774,0.17480274
belebele_zul_221,0.69447774,0.17480274
belebele_zul_222,0.7241757,-0.28113684
belebele_zul_223,0.7282954,0.19395256
belebele_zul_224,0.65816486,0.15406066
belebele_zul_225,0.7642891,-0.2684724
belebele_zul_226,0.80522317,-0.77776045
belebele_zul_227,0.80522317,-0.77776045
belebele_zul_228,0.7642891,-0.2684724
belebele_zul_229,0.7642891,-0.2684724
belebele_zul_23,0.6933035,0.1741344
belebele_zul_230,0.73943514,0.6612007
belebele_zul_231,0.7642891,-0.2684724
belebele_zul_232,0.80522317,-0.77776045
belebele_zul_233,0.80522317,-0.77776045
belebele_zul_234,0.6078216,0.12522739
belebele_zul_235,0.80522317,-0.77776045
belebele_zul_236,0.80522317,-0.77776045
belebele_zul_237,0.80522317,-0.77776045
belebele_zul_238,0.7642891,-0.2684724
belebele_zul_239,0.6348883,-0.3055597
belebele_zul_24,0.7477486,1.1223401
belebele_zul_240,0.80522317,-0.77776045
belebele_zul_241,0.73943514,0.6612007
belebele_zul_242,0.80522317,-0.77776045
belebele_zul_243,0.80522317,-0.77776045
belebele_zul_244,0.80522317,-0.77776045
belebele_zul_245,0.7642891,-0.2684724
belebele_zul_246,0.80522317,-0.77776045
belebele_zul_247,0.6054193,0.55167013
belebele_zul_248,0.7282954,0.19395256
belebele_zul_249,0.80522317,-0.77776045
belebele_zul_25,0.6959062,0.62772906
belebele_zul_250,0.7241757,-0.28113684
belebele_zul_251,0.73943514,0.6612007
belebele_zul_252,0.80522317,-0.77776045
belebele_zul_253,0.80522317,-0.77776045
belebele_zul_254,0.6054193,0.55167013
belebele_zul_255,0.6959062,0.62772906
belebele_zul_256,0.80522317,-0.77776045
belebele_zul_257,0.80522317,-0.77776045
belebele_zul_258,0.7241757,-0.28113684
belebele_zul_259,0.6710693,1.0479506
belebele_zul_26,0.66330975,0.60132694
belebele_zul_260,0.7293594,-0.27954894
belebele_zul_261,0.69447774,0.17480274
belebele_zul_262,0.7642891,-0.2684724
belebele_zul_263,0.80522317,-0.77776045
belebele_zul_264,0.7477486,1.1223401
belebele_zul_265,0.80522317,-0.77776045
belebele_zul_266,0.80522317,-0.77776045
belebele_zul_267,0.69161004,-0.29073063
belebele_zul_268,0.80522317,-0.77776045
belebele_zul_269,0.73943514,0.6612007
belebele_zul_27,0.7642891,-0.2684724
belebele_zul_270,0.80522317,-0.77776045
belebele_zul_271,0.80522317,-0.77776045
belebele_zul_272,0.7293594,-0.27954894
belebele_zul_273,0.80522317,-0.77776045
belebele_zul_274,0.7338966,0.19710252
belebele_zul_275,0.80522317,-0.77776045
belebele_zul_276,0.80522317,-0.77776045
belebele_zul_277,0.80522317,-0.77776045
belebele_zul_278,0.7163239,1.5429639
belebele_zul_279,0.7642891,-0.2684724
belebele_zul_28,0.73943514,0.6612007
belebele_zul_280,0.80522317,-0.77776045
belebele_zul_281,0.7642891,-0.2684724
belebele_zul_282,0.80522317,-0.77776045
belebele_zul_283,0.7642891,-0.2684724
belebele_zul_284,0.80522317,-0.77776045
belebele_zul_285,0.633549,1.0072805
belebele_zul_286,0.80522317,-0.77776045
belebele_zul_287,0.7338966,0.19710252
belebele_zul_288,0.80522317,-0.77776045
belebele_zul_289,0.7282954,0.19395256
belebele_zul_29,0.7338966,0.19710252
belebele_zul_290,0.7642891,-0.2684724
belebele_zul_291,0.80522317,-0.77776045
belebele_zul_292,0.80522317,-0.77776045
belebele_zul_293,0.80522317,-0.77776045
belebele_zul_294,0.80522317,-0.77776045
belebele_zul_295,0.80522317,-0.77776045
belebele_zul_296,0.80522317,-0.77776045
belebele_zul_297,0.73943514,0.6612007
belebele_zul_298,0.6710693,1.0479506
belebele_zul_299,0.80522317,-0.77776045
belebele_zul_3,0.7163239,1.5429639
belebele_zul_30,0.80522317,-0.77776045
belebele_zul_300,0.80522317,-0.77776045
belebele_zul_301,0.7163239,1.5429639
belebele_zul_302,0.80522317,-0.77776045
belebele_zul_303,0.80522317,-0.77776045
belebele_zul_304,0.80522317,-0.77776045
belebele_zul_305,0.7642891,-0.2684724
belebele_zul_306,0.73943514,0.6612007
belebele_zul_307,0.7642891,-0.2684724
belebele_zul_308,0.80522317,-0.77776045
belebele_zul_309,0.7293594,-0.27954894
belebele_zul_31,0.69447774,0.17480274
belebele_zul_310,0.69161004,-0.29073063
belebele_zul_311,0.69161004,-0.29073063
belebele_zul_312,0.80522317,-0.77776045
belebele_zul_313,0.73943514,0.6612007
belebele_zul_314,0.7642891,-0.2684724
belebele_zul_315,0.7293594,-0.27954894
belebele_zul_316,0.80522317,-0.77776045
belebele_zul_317,0.73943514,0.6612007
belebele_zul_318,0.7642891,-0.2684724
belebele_zul_319,0.7163239,1.5429639
belebele_zul_32,0.69447774,0.17480274
belebele_zul_320,0.6044916,0.55084634
belebele_zul_321,0.7241757,-0.28113684
belebele_zul_322,0.7241757,-0.28113684
belebele_zul_323,0.5802621,0.5290278
belebele_zul_324,0.73943514,0.6612007
belebele_zul_325,0.80522317,-0.77776045
belebele_zul_326,0.7241757,-0.28113684
belebele_zul_327,0.80522317,-0.77776045
belebele_zul_328,0.6933035,0.1741344
belebele_zul_329,0.7163239,1.5429639
belebele_zul_33,0.80522317,-0.77776045
belebele_zul_330,0.69161004,-0.29073063
belebele_zul_331,0.80522317,-0.77776045
belebele_zul_332,0.80522317,-0.77776045
belebele_zul_333,0.7282954,0.19395256
belebele_zul_334,0.80522317,-0.77776045
belebele_zul_335,0.80522317,-0.77776045
belebele_zul_336,0.7642891,-0.2684724
belebele_zul_337,0.7163239,1.5429639
belebele_zul_338,0.80522317,-0.77776045
belebele_zul_339,0.80522317,-0.77776045
belebele_zul_34,0.7282954,0.19395256
belebele_zul_340,0.80522317,-0.77776045
belebele_zul_341,0.7282954,0.19395256
belebele_zul_342,0.80522317,-0.77776045
belebele_zul_343,0.6710693,1.0479506
belebele_zul_344,0.80522317,-0.77776045
belebele_zul_345,0.6054193,0.55167013
belebele_zul_346,0.80522317,-0.77776045
belebele_zul_347,0.7293594,-0.27954894
belebele_zul_348,0.7282954,0.19395256
belebele_zul_349,0.7241757,-0.28113684
belebele_zul_35,0.80522317,-0.77776045
belebele_zul_350,0.80522317,-0.77776045
belebele_zul_351,0.73943514,0.6612007
belebele_zul_352,0.80522317,-0.77776045
belebele_zul_353,0.66330975,0.60132694
belebele_zul_354,0.73943514,0.6612007
belebele_zul_355,0.80522317,-0.77776045
belebele_zul_356,0.80522317,-0.77776045
belebele_zul_357,0.66330975,0.60132694
belebele_zul_358,0.7241757,-0.28113684
belebele_zul_359,0.7642891,-0.2684724
belebele_zul_36,0.80522317,-0.77776045
belebele_zul_360,0.7163239,1.5429639
belebele_zul_361,0.7163239,1.5429639
belebele_zul_362,0.7241757,-0.28113684
belebele_zul_363,0.7642891,-0.2684724
belebele_zul_364,0.80522317,-0.77776045
belebele_zul_365,0.7293594,-0.27954894
belebele_zul_366,0.80522317,-0.77776045
belebele_zul_367,0.7642891,-0.2684724
belebele_zul_368,0.69447774,0.17480274
belebele_zul_369,0.66330975,0.60132694
belebele_zul_37,0.80522317,-0.77776045
belebele_zul_370,0.7642891,-0.2684724
belebele_zul_371,0.80522317,-0.77776045
belebele_zul_372,0.80522317,-0.77776045
belebele_zul_373,0.7282954,0.19395256
belebele_zul_374,0.7642891,-0.2684724
belebele_zul_375,0.7642891,-0.2684724
belebele_zul_376,0.6348883,-0.3055597
belebele_zul_377,0.6626997,0.1566573
belebele_zul_378,0.80522317,-0.77776045
belebele_zul_379,0.80522317,-0.77776045
belebele_zul_38,0.7293594,-0.27954894
belebele_zul_380,0.69161004,-0.29073063
belebele_zul_381,0.73943514,0.6612007
belebele_zul_382,0.69447774,0.17480274
belebele_zul_383,0.7293594,-0.27954894
belebele_zul_384,0.65816486,0.15406066
belebele_zul_385,0.80522317,-0.77776045
belebele_zul_386,0.80522317,-0.77776045
belebele_zul_387,0.80522317,-0.77776045
belebele_zul_388,0.6626997,0.1566573
belebele_zul_389,0.80522317,-0.77776045
belebele_zul_39,0.6933035,0.1741344
belebele_zul_390,0.69161004,-0.29073063
belebele_zul_391,0.80522317,-0.77776045
belebele_zul_392,0.7642891,-0.2684724
belebele_zul_393,0.80522317,-0.77776045
belebele_zul_394,0.7338966,0.19710252
belebele_zul_395,0.7282954,0.19395256
belebele_zul_396,0.80522317,-0.77776045
belebele_zul_397,0.7293594,-0.27954894
belebele_zul_398,0.80522317,-0.77776045
belebele_zul_399,0.7163239,1.5429639
belebele_zul_4,0.7642891,-0.2684724
belebele_zul_40,0.6710693,1.0479506
belebele_zul_400,0.80522317,-0.77776045
belebele_zul_401,0.7241757,-0.28113684
belebele_zul_402,0.80522317,-0.77776045
belebele_zul_403,0.80522317,-0.77776045
belebele_zul_404,0.80522317,-0.77776045
belebele_zul_405,0.73943514,0.6612007
belebele_zul_406,0.69161004,-0.29073063
belebele_zul_407,0.80522317,-0.77776045
belebele_zul_408,0.80522317,-0.77776045
belebele_zul_409,0.80522317,-0.77776045
belebele_zul_41,0.7163239,1.5429639
belebele_zul_410,0.7241757,-0.28113684
belebele_zul_411,0.7282954,0.19395256
belebele_zul_412,0.80522317,-0.77776045
belebele_zul_413,0.7241757,-0.28113684
belebele_zul_414,0.69447774,0.17480274
belebele_zul_415,0.7338966,0.19710252
belebele_zul_416,0.66330975,0.60132694
belebele_zul_417,0.80522317,-0.77776045
belebele_zul_418,0.69447774,0.17480274
belebele_zul_419,0.80522317,-0.77776045
belebele_zul_42,0.7477486,1.1223401
belebele_zul_420,0.60534966,0.97477794
belebele_zul_421,0.7163239,1.5429639
belebele_zul_422,0.7241757,-0.28113684
belebele_zul_423,0.7338966,0.19710252
belebele_zul_424,0.80522317,-0.77776045
belebele_zul_425,0.80522317,-0.77776045
belebele_zul_426,0.63821864,1.012501
belebele_zul_427,0.80522317,-0.77776045
belebele_zul_428,0.80522317,-0.77776045
belebele_zul_429,0.7642891,-0.2684724
belebele_zul_43,0.73943514,0.6612007
belebele_zul_430,0.80522317,-0.77776045
belebele_zul_431,0.69161004,-0.29073063
belebele_zul_432,0.6710693,1.0479506
belebele_zul_433,0.7642891,-0.2684724
belebele_zul_434,0.7282954,0.19395256
belebele_zul_435,0.7163239,1.5429639
belebele_zul_436,0.73943514,0.6612007
belebele_zul_437,0.7642891,-0.2684724
belebele_zul_438,0.80522317,-0.77776045
belebele_zul_439,0.576663,0.5257382
belebele_zul_44,0.7163239,1.5429639
belebele_zul_440,0.6959062,0.62772906
belebele_zul_441,0.6348883,-0.3055597
belebele_zul_442,0.69161004,-0.29073063
belebele_zul_443,0.80522317,-0.77776045
belebele_zul_444,0.576663,0.5257382
belebele_zul_445,0.7642891,-0.2684724
belebele_zul_446,0.6933035,0.1741344
belebele_zul_447,0.7477486,1.1223401
belebele_zul_448,0.69161004,-0.29073063
belebele_zul_449,0.80522317,-0.77776045
belebele_zul_45,0.633549,1.0072805
belebele_zul_450,0.73943514,0.6612007
belebele_zul_451,0.7477486,1.1223401
belebele_zul_452,0.7282954,0.19395256
belebele_zul_453,0.73943514,0.6612007
belebele_zul_454,0.7163239,1.5429639
belebele_zul_455,0.80522317,-0.77776045
belebele_zul_456,0.66330975,0.60132694
belebele_zul_457,0.73943514,0.6612007
belebele_zul_458,0.7338966,0.19710252
belebele_zul_459,0.6959062,0.62772906
belebele_zul_46,0.6626997,0.1566573
belebele_zul_460,0.6959062,0.62772906
belebele_zul_461,0.80522317,-0.77776045
belebele_zul_462,0.69161004,-0.29073063
belebele_zul_463,0.80522317,-0.77776045
belebele_zul_464,0.80522317,-0.77776045
belebele_zul_465,0.80522317,-0.77776045
belebele_zul_466,0.7293594,-0.27954894
belebele_zul_467,0.80522317,-0.77776045
belebele_zul_468,0.69447774,0.17480274
belebele_zul_469,0.69161004,-0.29073063
belebele_zul_47,0.7163239,1.5429639
belebele_zul_470,0.80522317,-0.77776045
belebele_zul_471,0.80522317,-0.77776045
belebele_zul_472,0.80522317,-0.77776045
belebele_zul_473,0.80522317,-0.77776045
belebele_zul_474,0.80522317,-0.77776045
belebele_zul_475,0.80522317,-0.77776045
belebele_zul_476,0.80522317,-0.77776045
belebele_zul_477,0.7241757,-0.28113684
belebele_zul_478,0.80522317,-0.77776045
belebele_zul_479,0.7163239,1.5429639
belebele_zul_48,0.6320794,0.574971
belebele_zul_480,0.80522317,-0.77776045
belebele_zul_481,0.80522317,-0.77776045
belebele_zul_482,0.80522317,-0.77776045
belebele_zul_483,0.6710693,1.0479506
belebele_zul_484,0.80522317,-0.77776045
belebele_zul_485,0.7338966,0.19710252
belebele_zul_486,0.633549,1.0072805
belebele_zul_487,0.7163239,1.5429639
belebele_zul_488,0.80522317,-0.77776045
belebele_zul_489,0.7642891,-0.2684724
belebele_zul_49,0.69447774,0.17480274
belebele_zul_490,0.80522317,-0.77776045
belebele_zul_491,0.80522317,-0.77776045
belebele_zul_492,0.80522317,-0.77776045
belebele_zul_493,0.7163239,1.5429639
belebele_zul_494,0.65816486,0.15406066
belebele_zul_495,0.80522317,-0.77776045
belebele_zul_496,0.80522317,-0.77776045
belebele_zul_497,0.80522317,-0.77776045
belebele_zul_498,0.73943514,0.6612007
belebele_zul_499,0.80522317,-0.77776045
belebele_zul_5,0.69161004,-0.29073063
belebele_zul_50,0.7241757,-0.28113684
belebele_zul_500,0.80522317,-0.77776045
belebele_zul_501,0.7642891,-0.2684724
belebele_zul_502,0.73943514,0.6612007
belebele_zul_503,0.7293594,-0.27954894
belebele_zul_504,0.80522317,-0.77776045
belebele_zul_505,0.69161004,-0.29073063
belebele_zul_506,0.7642891,-0.2684724
belebele_zul_507,0.7293594,-0.27954894
belebele_zul_508,0.7477486,1.1223401
belebele_zul_509,0.7642891,-0.2684724
belebele_zul_51,0.7282954,0.19395256
belebele_zul_510,0.69447774,0.17480274
belebele_zul_511,0.6626997,0.1566573
belebele_zul_512,0.7477486,1.1223401
belebele_zul_513,0.80522317,-0.77776045
belebele_zul_514,0.80522317,-0.77776045
belebele_zul_515,0.80522317,-0.77776045
belebele_zul_516,0.73943514,0.6612007
belebele_zul_517,0.80522317,-0.77776045
belebele_zul_518,0.7241757,-0.28113684
belebele_zul_519,0.7642891,-0.2684724
belebele_zul_52,0.633549,1.0072805
belebele_zul_520,0.80522317,-0.77776045
belebele_zul_521,0.7241757,-0.28113684
belebele_zul_522,0.7642891,-0.2684724
belebele_zul_523,0.6364851,0.5787512
belebele_zul_524,0.80522317,-0.77776045
belebele_zul_525,0.65816486,0.15406066
belebele_zul_526,0.80522317,-0.77776045
belebele_zul_527,0.7293594,-0.27954894
belebele_zul_528,0.80522317,-0.77776045
belebele_zul_529,0.73943514,0.6612007
belebele_zul_53,0.80522317,-0.77776045
belebele_zul_530,0.80522317,-0.77776045
belebele_zul_531,0.80522317,-0.77776045
belebele_zul_532,0.80522317,-0.77776045
belebele_zul_533,0.7282954,0.19395256
belebele_zul_534,0.7241757,-0.28113684
belebele_zul_535,0.7642891,-0.2684724
belebele_zul_536,0.80522317,-0.77776045
belebele_zul_537,0.7642891,-0.2684724
belebele_zul_538,0.69161004,-0.29073063
belebele_zul_539,0.63318455,0.13974576
belebele_zul_54,0.80522317,-0.77776045
belebele_zul_540,0.7282954,0.19395256
belebele_zul_541,0.65816486,0.15406066
belebele_zul_542,0.7338966,0.19710252
belebele_zul_543,0.80522317,-0.77776045
belebele_zul_544,0.73943514,0.6612007
belebele_zul_545,0.7293594,-0.27954894
belebele_zul_546,0.80522317,-0.77776045
belebele_zul_547,0.80522317,-0.77776045
belebele_zul_548,0.69447774,0.17480274
belebele_zul_549,0.69161004,-0.29073063
belebele_zul_55,0.7163239,1.5429639
belebele_zul_550,0.80522317,-0.77776045
belebele_zul_551,0.80522317,-0.77776045
belebele_zul_552,0.80522317,-0.77776045
belebele_zul_553,0.80522317,-0.77776045
belebele_zul_554,0.69161004,-0.29073063
belebele_zul_555,0.7241757,-0.28113684
belebele_zul_556,0.7293594,-0.27954894
belebele_zul_557,0.7642891,-0.2684724
belebele_zul_558,0.80522317,-0.77776045
belebele_zul_559,0.80522317,-0.77776045
belebele_zul_56,0.7642891,-0.2684724
belebele_zul_560,0.73943514,0.6612007
belebele_zul_561,0.7477486,1.1223401
belebele_zul_562,0.7282954,0.19395256
belebele_zul_563,0.7241757,-0.28113684
belebele_zul_564,0.73943514,0.6612007
belebele_zul_565,0.69161004,-0.29073063
belebele_zul_566,0.80522317,-0.77776045
belebele_zul_567,0.73943514,0.6612007
belebele_zul_568,0.6933035,0.1741344
belebele_zul_569,0.80522317,-0.77776045
belebele_zul_57,0.7338966,0.19710252
belebele_zul_570,0.69161004,-0.29073063
belebele_zul_571,0.80522317,-0.77776045
belebele_zul_572,0.80522317,-0.77776045
belebele_zul_573,0.80522317,-0.77776045
belebele_zul_574,0.7642891,-0.2684724
belebele_zul_575,0.80522317,-0.77776045
belebele_zul_576,0.7293594,-0.27954894
belebele_zul_577,0.80522317,-0.77776045
belebele_zul_578,0.80522317,-0.77776045
belebele_zul_579,0.6933035,0.1741344
belebele_zul_58,0.73943514,0.6612007
belebele_zul_580,0.80522317,-0.77776045
belebele_zul_581,0.7163239,1.5429639
belebele_zul_582,0.80522317,-0.77776045
belebele_zul_583,0.7241757,-0.28113684
belebele_zul_584,0.69161004,-0.29073063
belebele_zul_585,0.80522317,-0.77776045
belebele_zul_586,0.6959062,0.62772906
belebele_zul_587,0.80522317,-0.77776045
belebele_zul_588,0.80522317,-0.77776045
belebele_zul_589,0.7282954,0.19395256
belebele_zul_59,0.73943514,0.6612007
belebele_zul_590,0.73943514,0.6612007
belebele_zul_591,0.73943514,0.6612007
belebele_zul_592,0.80522317,-0.77776045
belebele_zul_593,0.7163239,1.5429639
belebele_zul_594,0.60404813,0.12307197
belebele_zul_595,0.7338966,0.19710252
belebele_zul_596,0.80522317,-0.77776045
belebele_zul_597,0.7293594,-0.27954894
belebele_zul_598,0.7163239,1.5429639
belebele_zul_599,0.7642891,-0.2684724
belebele_zul_6,0.7642891,-0.2684724
belebele_zul_60,0.80522317,-0.77776045
belebele_zul_600,0.80522317,-0.77776045
belebele_zul_601,0.69161004,-0.29073063
belebele_zul_602,0.80522317,-0.77776045
belebele_zul_603,0.7163239,1.5429639
belebele_zul_604,0.6959062,0.62772906
belebele_zul_605,0.60534966,0.97477794
belebele_zul_606,0.7642891,-0.2684724
belebele_zul_607,0.7241757,-0.28113684
belebele_zul_608,0.6933035,0.1741344
belebele_zul_609,0.7642891,-0.2684724
belebele_zul_61,0.80522317,-0.77776045
belebele_zul_610,0.7293594,-0.27954894
belebele_zul_611,0.80522317,-0.77776045
belebele_zul_612,0.6933035,0.1741344
belebele_zul_613,0.7163239,1.5429639
belebele_zul_614,0.63821864,1.012501
belebele_zul_615,0.80522317,-0.77776045
belebele_zul_616,0.69161004,-0.29073063
belebele_zul_617,0.69161004,-0.29073063
belebele_zul_618,0.7282954,0.19395256
belebele_zul_619,0.80522317,-0.77776045
belebele_zul_62,0.6933035,0.1741344
belebele_zul_620,0.80522317,-0.77776045
belebele_zul_621,0.80522317,-0.77776045
belebele_zul_622,0.80522317,-0.77776045
belebele_zul_623,0.60404813,0.12307197
belebele_zul_624,0.6364851,0.5787512
belebele_zul_625,0.7642891,-0.2684724
belebele_zul_626,0.6933035,0.1741344
belebele_zul_627,0.7642891,-0.2684724
belebele_zul_628,0.7163239,1.5429639
belebele_zul_629,0.80522317,-0.77776045
belebele_zul_63,0.73943514,0.6612007
belebele_zul_630,0.73943514,0.6612007
belebele_zul_631,0.7013139,0.63199866
belebele_zul_632,0.6710693,1.0479506
belebele_zul_633,0.69447774,0.17480274
belebele_zul_634,0.80522317,-0.77776045
belebele_zul_635,0.80522317,-0.77776045
belebele_zul_636,0.80522317,-0.77776045
belebele_zul_637,0.80522317,-0.77776045
belebele_zul_638,0.80522317,-0.77776045
belebele_zul_639,0.7163239,1.5429639
belebele_zul_64,0.80522317,-0.77776045
belebele_zul_640,0.80522317,-0.77776045
belebele_zul_641,0.7163239,1.5429639
belebele_zul_642,0.7477486,1.1223401
belebele_zul_643,0.7013139,0.63199866
belebele_zul_644,0.66330975,0.60132694
belebele_zul_645,0.60534966,0.97477794
belebele_zul_646,0.6710693,1.0479506
belebele_zul_647,0.7163239,1.5429639
belebele_zul_648,0.69447774,0.17480274
belebele_zul_649,0.7642891,-0.2684724
belebele_zul_65,0.69447774,0.17480274
belebele_zul_650,0.80522317,-0.77776045
belebele_zul_651,0.6710693,1.0479506
belebele_zul_652,0.6933035,0.1741344
belebele_zul_653,0.80522317,-0.77776045
belebele_zul_654,0.69161004,-0.29073063
belebele_zul_655,0.7163239,1.5429639
belebele_zul_656,0.80522317,-0.77776045
belebele_zul_657,0.7642891,-0.2684724
belebele_zul_658,0.80522317,-0.77776045
belebele_zul_659,0.80522317,-0.77776045
belebele_zul_66,0.7338966,0.19710252
belebele_zul_660,0.80522317,-0.77776045
belebele_zul_661,0.7642891,-0.2684724
belebele_zul_662,0.80522317,-0.77776045
belebele_zul_663,0.7241757,-0.28113684
belebele_zul_664,0.80522317,-0.77776045
belebele_zul_665,0.7163239,1.5429639
belebele_zul_666,0.7163239,1.5429639
belebele_zul_667,0.7282954,0.19395256
belebele_zul_668,0.73943514,0.6612007
belebele_zul_669,0.7241757,-0.28113684
belebele_zul_67,0.7163239,1.5429639
belebele_zul_670,0.7642891,-0.2684724
belebele_zul_671,0.7642891,-0.2684724
belebele_zul_672,0.60534966,0.97477794
belebele_zul_673,0.80522317,-0.77776045
belebele_zul_674,0.80522317,-0.77776045
belebele_zul_675,0.7293594,-0.27954894
belebele_zul_676,0.633549,1.0072805
belebele_zul_677,0.80522317,-0.77776045
belebele_zul_678,0.7642891,-0.2684724
belebele_zul_679,0.80522317,-0.77776045
belebele_zul_68,0.80522317,-0.77776045
belebele_zul_680,0.7642891,-0.2684724
belebele_zul_681,0.80522317,-0.77776045
belebele_zul_682,0.80522317,-0.77776045
belebele_zul_683,0.80522317,-0.77776045
belebele_zul_684,0.80522317,-0.77776045
belebele_zul_685,0.7642891,-0.2684724
belebele_zul_686,0.7241757,-0.28113684
belebele_zul_687,0.80522317,-0.77776045
belebele_zul_688,0.7282954,0.19395256
belebele_zul_689,0.73943514,0.6612007
belebele_zul_69,0.69447774,0.17480274
belebele_zul_690,0.7163239,1.5429639
belebele_zul_691,0.7642891,-0.2684724
belebele_zul_692,0.7282954,0.19395256
belebele_zul_693,0.6710693,1.0479506
belebele_zul_694,0.80522317,-0.77776045
belebele_zul_695,0.7163239,1.5429639
belebele_zul_696,0.7642891,-0.2684724
belebele_zul_697,0.7241757,-0.28113684
belebele_zul_698,0.69161004,-0.29073063
belebele_zul_699,0.73943514,0.6612007
belebele_zul_7,0.80522317,-0.77776045
belebele_zul_70,0.7293594,-0.27954894
belebele_zul_700,0.7282954,0.19395256
belebele_zul_701,0.73943514,0.6612007
belebele_zul_702,0.73943514,0.6612007
belebele_zul_703,0.7642891,-0.2684724
belebele_zul_704,0.7282954,0.19395256
belebele_zul_705,0.63821864,1.012501
belebele_zul_706,0.7241757,-0.28113684
belebele_zul_707,0.7642891,-0.2684724
belebele_zul_708,0.7642891,-0.2684724
belebele_zul_709,0.60404813,0.12307197
belebele_zul_71,0.7163239,1.5429639
belebele_zul_710,0.65816486,0.15406066
belebele_zul_711,0.80522317,-0.77776045
belebele_zul_712,0.80522317,-0.77776045
belebele_zul_713,0.73943514,0.6612007
belebele_zul_714,0.60534966,0.97477794
belebele_zul_715,0.80522317,-0.77776045
belebele_zul_716,0.7282954,0.19395256
belebele_zul_717,0.6710693,1.0479506
belebele_zul_718,0.7338966,0.19710252
belebele_zul_719,0.7338966,0.19710252
belebele_zul_72,0.80522317,-0.77776045
belebele_zul_720,0.80522317,-0.77776045
belebele_zul_721,0.7642891,-0.2684724
belebele_zul_722,0.7293594,-0.27954894
belebele_zul_723,0.7642891,-0.2684724
belebele_zul_724,0.5802621,0.5290278
belebele_zul_725,0.80522317,-0.77776045
belebele_zul_726,0.7282954,0.19395256
belebele_zul_727,0.6710693,1.0479506
belebele_zul_728,0.7477486,1.1223401
belebele_zul_729,0.7293594,-0.27954894
belebele_zul_73,0.80522317,-0.77776045
belebele_zul_730,0.73943514,0.6612007
belebele_zul_731,0.6054193,0.55167013
belebele_zul_732,0.80522317,-0.77776045
belebele_zul_733,0.80522317,-0.77776045
belebele_zul_734,0.7642891,-0.2684724
belebele_zul_735,0.80522317,-0.77776045
belebele_zul_736,0.7163239,1.5429639
belebele_zul_737,0.7338966,0.19710252
belebele_zul_738,0.80522317,-0.77776045
belebele_zul_739,0.7642891,-0.2684724
belebele_zul_74,0.7642891,-0.2684724
belebele_zul_740,0.80522317,-0.77776045
belebele_zul_741,0.73943514,0.6612007
belebele_zul_742,0.7338966,0.19710252
belebele_zul_743,0.7293594,-0.27954894
belebele_zul_744,0.7642891,-0.2684724
belebele_zul_745,0.7241757,-0.28113684
belebele_zul_746,0.80522317,-0.77776045
belebele_zul_747,0.80522317,-0.77776045
belebele_zul_748,0.7338966,0.19710252
belebele_zul_749,0.5802779,0.10954206
belebele_zul_75,0.6054193,0.55167013
belebele_zul_750,0.80522317,-0.77776045
belebele_zul_751,0.66330975,0.60132694
belebele_zul_752,0.7282954,0.19395256
belebele_zul_753,0.73943514,0.6612007
belebele_zul_754,0.80522317,-0.77776045
belebele_zul_755,0.6078216,0.12522739
belebele_zul_756,0.7163239,1.5429639
belebele_zul_757,0.7642891,-0.2684724
belebele_zul_758,0.80522317,-0.77776045
belebele_zul_759,0.80522317,-0.77776045
belebele_zul_76,0.7241757,-0.28113684
belebele_zul_760,0.80522317,-0.77776045
belebele_zul_761,0.6078216,0.12522739
belebele_zul_762,0.7642891,-0.2684724
belebele_zul_763,0.69447774,0.17480274
belebele_zul_764,0.80522317,-0.77776045
belebele_zul_765,0.80522317,-0.77776045
belebele_zul_766,0.7477486,1.1223401
belebele_zul_767,0.80522317,-0.77776045
belebele_zul_768,0.73943514,0.6612007
belebele_zul_769,0.80522317,-0.77776045
belebele_zul_77,0.80522317,-0.77776045
belebele_zul_770,0.80522317,-0.77776045
belebele_zul_771,0.7642891,-0.2684724
belebele_zul_772,0.69161004,-0.29073063
belebele_zul_773,0.7642891,-0.2684724
belebele_zul_774,0.6959062,0.62772906
belebele_zul_775,0.80522317,-0.77776045
belebele_zul_776,0.66330975,0.60132694
belebele_zul_777,0.60534966,0.97477794
belebele_zul_778,0.7293594,-0.27954894
belebele_zul_779,0.69161004,-0.29073063
belebele_zul_78,0.7163239,1.5429639
belebele_zul_780,0.80522317,-0.77776045
belebele_zul_781,0.66330975,0.60132694
belebele_zul_782,0.80522317,-0.77776045
belebele_zul_783,0.7293594,-0.27954894
belebele_zul_784,0.6959062,0.62772906
belebele_zul_785,0.7642891,-0.2684724
belebele_zul_786,0.80522317,-0.77776045
belebele_zul_787,0.80522317,-0.77776045
belebele_zul_788,0.7477486,1.1223401
belebele_zul_789,0.7642891,-0.2684724
belebele_zul_79,0.80522317,-0.77776045
belebele_zul_790,0.73943514,0.6612007
belebele_zul_791,0.7642891,-0.2684724
belebele_zul_792,0.80522317,-0.77776045
belebele_zul_793,0.80522317,-0.77776045
belebele_zul_794,0.80522317,-0.77776045
belebele_zul_795,0.7477486,1.1223401
belebele_zul_796,0.80522317,-0.77776045
belebele_zul_797,0.7282954,0.19395256
belebele_zul_798,0.7163239,1.5429639
belebele_zul_799,0.80522317,-0.77776045
belebele_zul_8,0.73943514,0.6612007
belebele_zul_80,0.7282954,0.19395256
belebele_zul_800,0.80522317,-0.77776045
belebele_zul_801,0.73943514,0.6612007
belebele_zul_802,0.7282954,0.19395256
belebele_zul_803,0.7282954,0.19395256
belebele_zul_804,0.576663,0.5257382
belebele_zul_805,0.80522317,-0.77776045
belebele_zul_806,0.69447774,0.17480274
belebele_zul_807,0.7338966,0.19710252
belebele_zul_808,0.6078216,0.12522739
belebele_zul_809,0.69447774,0.17480274
belebele_zul_81,0.7642891,-0.2684724
belebele_zul_810,0.80522317,-0.77776045
belebele_zul_811,0.60404813,0.12307197
belebele_zul_812,0.7163239,1.5429639
belebele_zul_813,0.7241757,-0.28113684
belebele_zul_814,0.7163239,1.5429639
belebele_zul_815,0.60404813,0.12307197
belebele_zul_816,0.80522317,-0.77776045
belebele_zul_817,0.7282954,0.19395256
belebele_zul_818,0.6348883,-0.3055597
belebele_zul_819,0.80522317,-0.77776045
belebele_zul_82,0.80522317,-0.77776045
belebele_zul_820,0.7642891,-0.2684724
belebele_zul_821,0.7282954,0.19395256
belebele_zul_822,0.80522317,-0.77776045
belebele_zul_823,0.7293594,-0.27954894
belebele_zul_824,0.80522317,-0.77776045
belebele_zul_825,0.80522317,-0.77776045
belebele_zul_826,0.7338966,0.19710252
belebele_zul_827,0.7642891,-0.2684724
belebele_zul_828,0.80522317,-0.77776045
belebele_zul_829,0.7241757,-0.28113684
belebele_zul_83,0.7163239,1.5429639
belebele_zul_830,0.7241757,-0.28113684
belebele_zul_831,0.73943514,0.6612007
belebele_zul_832,0.6710693,1.0479506
belebele_zul_833,0.7477486,1.1223401
belebele_zul_834,0.7338966,0.19710252
belebele_zul_835,0.80522317,-0.77776045
belebele_zul_836,0.7642891,-0.2684724
belebele_zul_837,0.80522317,-0.77776045
belebele_zul_838,0.80522317,-0.77776045
belebele_zul_839,0.7642891,-0.2684724
belebele_zul_84,0.80522317,-0.77776045
belebele_zul_840,0.66330975,0.60132694
belebele_zul_841,0.80522317,-0.77776045
belebele_zul_842,0.80522317,-0.77776045
belebele_zul_843,0.80522317,-0.77776045
belebele_zul_844,0.80522317,-0.77776045
belebele_zul_845,0.80522317,-0.77776045
belebele_zul_846,0.7163239,1.5429639
belebele_zul_847,0.6933035,0.1741344
belebele_zul_848,0.7477486,1.1223401
belebele_zul_849,0.7163239,1.5429639
belebele_zul_85,0.60534966,0.97477794
belebele_zul_850,0.80522317,-0.77776045
belebele_zul_851,0.80522317,-0.77776045
belebele_zul_852,0.7338966,0.19710252
belebele_zul_853,0.7241757,-0.28113684
belebele_zul_854,0.7163239,1.5429639
belebele_zul_855,0.5802779,0.10954206
belebele_zul_856,0.6320794,0.574971
belebele_zul_857,0.7477486,1.1223401
belebele_zul_858,0.73943514,0.6612007
belebele_zul_859,0.6710693,1.0479506
belebele_zul_86,0.7293594,-0.27954894
belebele_zul_860,0.69161004,-0.29073063
belebele_zul_861,0.80522317,-0.77776045
belebele_zul_862,0.69447774,0.17480274
belebele_zul_863,0.80522317,-0.77776045
belebele_zul_864,0.80522317,-0.77776045
belebele_zul_865,0.7642891,-0.2684724
belebele_zul_866,0.80522317,-0.77776045
belebele_zul_867,0.80522317,-0.77776045
belebele_zul_868,0.69447774,0.17480274
belebele_zul_869,0.7477486,1.1223401
belebele_zul_87,0.69161004,-0.29073063
belebele_zul_870,0.7642891,-0.2684724
belebele_zul_871,0.80522317,-0.77776045
belebele_zul_872,0.80522317,-0.77776045
belebele_zul_873,0.80522317,-0.77776045
belebele_zul_874,0.7642891,-0.2684724
belebele_zul_875,0.7477486,1.1223401
belebele_zul_876,0.7642891,-0.2684724
belebele_zul_877,0.80522317,-0.77776045
belebele_zul_878,0.80522317,-0.77776045
belebele_zul_879,0.6933035,0.1741344
belebele_zul_88,0.80522317,-0.77776045
belebele_zul_880,0.7642891,-0.2684724
belebele_zul_881,0.7163239,1.5429639
belebele_zul_882,0.80522317,-0.77776045
belebele_zul_883,0.6959062,0.62772906
belebele_zul_884,0.7293594,-0.2795489
belebele_zul_885,0.7642891,-0.2684724
belebele_zul_886,0.80522317,-0.7777604
belebele_zul_887,0.7241757,-0.28113684
belebele_zul_888,0.7282954,0.1939525
belebele_zul_889,0.6040482,0.123071946
belebele_zul_89,0.66330975,0.601327
belebele_zul_890,0.7642891,-0.2684724
belebele_zul_891,0.80522317,-0.7777604
belebele_zul_892,0.7477487,1.1223401
belebele_zul_893,0.60534966,0.97477794
belebele_zul_894,0.7163239,1.5429639
belebele_zul_895,0.7163239,1.5429639
belebele_zul_896,0.7477487,1.1223401
belebele_zul_897,0.7282954,0.1939525
belebele_zul_898,0.6933035,0.1741344
belebele_zul_899,0.7338966,0.19710253
belebele_zul_9,0.80522317,-0.7777604
belebele_zul_90,0.69447774,0.17480277
belebele_zul_91,0.6054193,0.55167013
belebele_zul_92,0.80522317,-0.7777604
belebele_zul_93,0.80522317,-0.7777604
belebele_zul_94,0.80522317,-0.7777604
belebele_zul_95,0.7241757,-0.28113684
belebele_zul_96,0.80522317,-0.7777604
belebele_zul_97,0.7642891,-0.26847243
belebele_zul_98,0.7282954,0.1939525
belebele_zul_99,0.80522317,-0.7777604
