,a,b
sib_amh_0,0.78793126,-0.41532964
sib_amh_1,0.78793126,-0.41532964
sib_amh_10,0.78793126,-0.41532964
sib_amh_100,0.78793126,-0.41532964
sib_amh_101,0.78793126,-0.41532964
sib_amh_102,0.78793126,-0.41532964
sib_amh_103,0.78793126,-0.41532964
sib_amh_104,0.78793126,-0.41532964
sib_amh_105,0.78793126,-0.41532964
sib_amh_106,0.78793126,-0.41532964
sib_amh_107,0.78793126,-0.41532964
sib_amh_108,0.78793126,-0.41532964
sib_amh_109,0.78793126,-0.41532964
sib_amh_11,0.706751,0.10293185
sib_amh_110,0.78793126,-0.41532964
sib_amh_111,0.78793126,-0.41532964
sib_amh_112,0.78793126,-0.41532964
sib_amh_113,0.78793126,-0.41532964
sib_amh_114,0.78793126,-0.41532964
sib_amh_115,0.78793126,-0.41532964
sib_amh_116,0.78793126,-0.41532964
sib_amh_117,0.78793126,-0.41532964
sib_amh_118,0.78793126,-0.41532964
sib_amh_119,0.78793126,-0.41532964
sib_amh_12,0.78793126,-0.41532964
sib_amh_120,0.67854804,0.5783185
sib_amh_121,0.78793126,-0.41532964
sib_amh_122,0.78793126,-0.41532964
sib_amh_123,0.78793126,-0.41532964
sib_amh_124,0.78793126,-0.41532964
sib_amh_125,0.78793126,-0.41532964
sib_amh_126,0.6566825,0.059603743
sib_amh_127,0.78793126,-0.41532964
sib_amh_128,0.78793126,-0.41532964
sib_amh_129,0.78793126,-0.41532964
sib_amh_13,0.7096046,0.10541948
sib_amh_130,0.78793126,-0.41532964
sib_amh_131,0.6303697,0.97473395
sib_amh_132,0.78793126,-0.41532964
sib_amh_133,0.78793126,-0.41532964
sib_amh_134,0.78793126,-0.41532964
sib_amh_135,0.78793126,-0.41532964
sib_amh_136,0.78793126,-0.41532964
sib_amh_137,0.6303697,0.97473395
sib_amh_138,0.78793126,-0.41532964
sib_amh_139,0.56108177,1.6892787
sib_amh_14,0.78793126,-0.41532964
sib_amh_140,0.78793126,-0.41532964
sib_amh_141,0.78793126,-0.41532964
sib_amh_142,0.78793126,-0.41532964
sib_amh_143,0.78793126,-0.41532964
sib_amh_144,0.5506254,0.8343338
sib_amh_145,0.6250029,0.50746787
sib_amh_146,0.78793126,-0.41532964
sib_amh_147,0.78793126,-0.41532964
sib_amh_148,0.7096046,0.10541948
sib_amh_149,0.5848147,1.3261219
sib_amh_15,0.706751,0.10293185
sib_amh_150,0.78793126,-0.41532964
sib_amh_151,0.78793126,-0.41532964
sib_amh_152,0.78793126,-0.41532964
sib_amh_153,0.78793126,-0.41532964
sib_amh_154,0.67854804,0.5783185
sib_amh_155,0.5093866,1.1586474
sib_amh_156,0.78793126,-0.41532964
sib_amh_157,0.5560217,0.8440483
sib_amh_158,0.78793126,-0.41532964
sib_amh_159,0.6303697,0.97473395
sib_amh_16,0.78793126,-0.41532964
sib_amh_160,0.6320151,0.03857096
sib_amh_161,0.78793126,-0.41532964
sib_amh_162,0.78793126,-0.41532964
sib_amh_163,0.56108177,1.6892787
sib_amh_164,0.706751,0.10293185
sib_amh_165,0.78793126,-0.41532964
sib_amh_166,0.78793126,-0.41532964
sib_amh_167,0.78793126,-0.41532964
sib_amh_168,0.78793126,-0.41532964
sib_amh_169,0.78793126,-0.41532964
sib_amh_17,0.78793126,-0.41532964
sib_amh_170,0.78793126,-0.41532964
sib_amh_171,0.53761923,0.39087477
sib_amh_172,0.78793126,-0.41532964
sib_amh_173,0.78793126,-0.41532964
sib_amh_174,0.6261891,0.03364378
sib_amh_175,0.78793126,-0.41532964
sib_amh_176,0.78793126,-0.41532964
sib_amh_177,0.78793126,-0.41532964
sib_amh_178,0.56108177,1.6892787
sib_amh_179,0.56108177,1.6892787
sib_amh_18,0.6274433,0.51071554
sib_amh_180,0.78793126,-0.41532964
sib_amh_181,0.53015816,0.7972537
sib_amh_182,0.53015816,0.7972537
sib_amh_183,0.78793126,-0.41532964
sib_amh_184,0.56108177,1.6892787
sib_amh_185,0.78793126,-0.41532964
sib_amh_186,0.78793126,-0.41532964
sib_amh_187,0.6320151,0.03857096
sib_amh_188,0.6261891,0.03364378
sib_amh_189,0.78793126,-0.41532964
sib_amh_19,0.7096046,0.10541948
sib_amh_190,0.78793126,-0.41532964
sib_amh_191,0.59545404,0.9141437
sib_amh_192,0.56108177,1.6892787
sib_amh_193,0.78793126,-0.41532964
sib_amh_194,0.7096046,0.10541948
sib_amh_195,0.53201306,0.8006286
sib_amh_196,0.78793126,-0.41532964
sib_amh_197,0.78793126,-0.41532964
sib_amh_198,0.78793126,-0.41532964
sib_amh_199,0.7096046,0.10541948
sib_amh_2,0.78793126,-0.41532964
sib_amh_20,0.78793126,-0.41532964
sib_amh_200,0.6320151,0.03857096
sib_amh_201,0.78793126,-0.41532964
sib_amh_202,0.53761923,0.39087477
sib_amh_203,0.706751,0.10293185
sib_amh_21,0.78793126,-0.41532964
sib_amh_22,0.78793126,-0.41532964
sib_amh_23,0.53761923,0.39087477
sib_amh_24,0.78793126,-0.41532964
sib_amh_25,0.78793126,-0.41532964
sib_amh_26,0.78793126,-0.41532964
sib_amh_27,0.78793126,-0.41532964
sib_amh_28,0.78793126,-0.41532964
sib_amh_29,0.78793126,-0.41532964
sib_amh_3,0.78793126,-0.41532964
sib_amh_30,0.78793126,-0.41532964
sib_amh_31,0.78793126,-0.41532964
sib_amh_32,0.51128685,1.1630158
sib_amh_33,0.78793126,-0.41532964
sib_amh_34,0.78793126,-0.41532964
sib_amh_35,0.78793126,-0.41532964
sib_amh_36,0.78793126,-0.41532964
sib_amh_37,0.7096046,0.10541948
sib_amh_38,0.78793126,-0.41532964
sib_amh_39,0.78793126,-0.41532964
sib_amh_4,0.78793126,-0.41532964
sib_amh_40,0.78793126,-0.41532964
sib_amh_41,0.7096046,0.10541948
sib_amh_42,0.78793126,-0.41532964
sib_amh_43,0.78793126,-0.41532964
sib_amh_44,0.78793126,-0.41532964
sib_amh_45,0.78793126,-0.41532964
sib_amh_46,0.6566825,0.059603743
sib_amh_47,0.78793126,-0.41532964
sib_amh_48,0.78793126,-0.41532964
sib_amh_49,0.78793126,-0.41532964
sib_amh_5,0.78793126,-0.41532964
sib_amh_50,0.78793126,-0.41532964
sib_amh_51,0.78793126,-0.41532964
sib_amh_52,0.78793126,-0.41532964
sib_amh_53,0.5848147,1.3261219
sib_amh_54,0.6566825,0.059603743
sib_amh_55,0.706751,0.10293185
sib_amh_56,0.78793126,-0.41532964
sib_amh_57,0.55150425,1.2537094
sib_amh_58,0.78793126,-0.41532964
sib_amh_59,0.78793126,-0.41532964
sib_amh_6,0.78793126,-0.41532964
sib_amh_60,0.78793126,-0.41532964
sib_amh_61,0.7096046,0.10541948
sib_amh_62,0.6566825,0.059603743
sib_amh_63,0.706751,0.10293185
sib_amh_64,0.78793126,-0.41532964
sib_amh_65,0.6566825,0.059603743
sib_amh_66,0.7096046,0.10541948
sib_amh_67,0.78793126,-0.41532964
sib_amh_68,0.78793126,-0.41532964
sib_amh_69,0.78793126,-0.41532964
sib_amh_7,0.6566825,0.059603743
sib_amh_70,0.78793126,-0.41532964
sib_amh_71,0.5848147,1.3261219
sib_amh_72,0.6250029,0.50746787
sib_amh_73,0.6303697,0.97473395
sib_amh_74,0.53761923,0.39087477
sib_amh_75,0.56108177,1.6892787
sib_amh_76,0.6566825,0.059603743
sib_amh_77,0.78793126,-0.41532964
sib_amh_78,0.78793126,-0.41532964
sib_amh_79,0.706751,0.10293185
sib_amh_8,0.78793126,-0.41532964
sib_amh_80,0.6566825,0.059603743
sib_amh_81,0.6566825,0.059603743
sib_amh_82,0.6303697,0.97473395
sib_amh_83,0.78793126,-0.41532964
sib_amh_84,0.78793126,-0.41532964
sib_amh_85,0.78793126,-0.41532964
sib_amh_86,0.78793126,-0.41532964
sib_amh_87,0.78793126,-0.41532964
sib_amh_88,0.78793126,-0.41532964
sib_amh_89,0.78793126,-0.41532964
sib_amh_9,0.78793126,-0.41532964
sib_amh_90,0.78793126,-0.41532964
sib_amh_91,0.78793126,-0.41532964
sib_amh_92,0.56108177,1.6892787
sib_amh_93,0.78793126,-0.41532964
sib_amh_94,0.78793126,-0.41532964
sib_amh_95,0.78793126,-0.41532964
sib_amh_96,0.78793126,-0.41532964
sib_amh_97,0.78793126,-0.41532964
sib_amh_98,0.78793126,-0.41532964
sib_amh_99,0.78793126,-0.41532964
sib_eng_0,0.78793126,-0.41532964
sib_eng_1,0.78793126,-0.41532964
sib_eng_10,0.78793126,-0.41532964
sib_eng_100,0.78793126,-0.41532964
sib_eng_101,0.78793126,-0.41532964
sib_eng_102,0.78793126,-0.41532964
sib_eng_103,0.78793126,-0.41532964
sib_eng_104,0.78793126,-0.41532964
sib_eng_105,0.78793126,-0.41532964
sib_eng_106,0.78793126,-0.41532964
sib_eng_107,0.78793126,-0.41532964
sib_eng_108,0.78793126,-0.41532964
sib_eng_109,0.78793126,-0.41532964
sib_eng_11,0.78793126,-0.41532964
sib_eng_110,0.78793126,-0.41532964
sib_eng_111,0.78793126,-0.41532964
sib_eng_112,0.78793126,-0.41532964
sib_eng_113,0.78793126,-0.41532964
sib_eng_114,0.78793126,-0.41532964
sib_eng_115,0.78793126,-0.41532964
sib_eng_116,0.78793126,-0.41532964
sib_eng_117,0.78793126,-0.41532964
sib_eng_118,0.78793126,-0.41532964
sib_eng_119,0.78793126,-0.41532964
sib_eng_12,0.78793126,-0.41532964
sib_eng_120,0.78793126,-0.41532964
sib_eng_121,0.78793126,-0.41532964
sib_eng_122,0.78793126,-0.41532964
sib_eng_123,0.78793126,-0.41532964
sib_eng_124,0.78793126,-0.41532964
sib_eng_125,0.78793126,-0.41532964
sib_eng_126,0.5848147,1.3261219
sib_eng_127,0.78793126,-0.41532964
sib_eng_128,0.78793126,-0.41532964
sib_eng_129,0.78793126,-0.41532964
sib_eng_13,0.78793126,-0.41532964
sib_eng_130,0.78793126,-0.41532964
sib_eng_131,0.6274433,0.51071554
sib_eng_132,0.78793126,-0.41532964
sib_eng_133,0.78793126,-0.41532964
sib_eng_134,0.78793126,-0.41532964
sib_eng_135,0.78793126,-0.41532964
sib_eng_136,0.78793126,-0.41532964
sib_eng_137,0.6250029,0.50746787
sib_eng_138,0.78793126,-0.41532964
sib_eng_139,0.6250029,0.50746787
sib_eng_14,0.78793126,-0.41532964
sib_eng_140,0.78793126,-0.41532964
sib_eng_141,0.78793126,-0.41532964
sib_eng_142,0.78793126,-0.41532964
sib_eng_143,0.78793126,-0.41532964
sib_eng_144,0.56108177,1.6892787
sib_eng_145,0.78793126,-0.41532964
sib_eng_146,0.78793126,-0.41532964
sib_eng_147,0.78793126,-0.41532964
sib_eng_148,0.78793126,-0.41532964
sib_eng_149,0.78793126,-0.41532964
sib_eng_15,0.6566825,0.059603743
sib_eng_150,0.7096046,0.10541948
sib_eng_151,0.78793126,-0.41532964
sib_eng_152,0.78793126,-0.41532964
sib_eng_153,0.78793126,-0.41532964
sib_eng_154,0.78793126,-0.41532964
sib_eng_155,0.56108177,1.6892787
sib_eng_156,0.78793126,-0.41532964
sib_eng_157,0.5560217,0.8440483
sib_eng_158,0.78793126,-0.41532964
sib_eng_159,0.6274433,0.51071554
sib_eng_16,0.78793126,-0.41532964
sib_eng_160,0.53201306,0.8006286
sib_eng_161,0.78793126,-0.41532964
sib_eng_162,0.78793126,-0.41532964
sib_eng_163,0.56108177,1.6892787
sib_eng_164,0.78793126,-0.41532964
sib_eng_165,0.67854804,0.5783185
sib_eng_166,0.7096046,0.10541948
sib_eng_167,0.78793126,-0.41532964
sib_eng_168,0.78793126,-0.41532964
sib_eng_169,0.78793126,-0.41532964
sib_eng_17,0.78793126,-0.41532964
sib_eng_170,0.78793126,-0.41532964
sib_eng_171,0.53761923,0.39087477
sib_eng_172,0.5614328,0.42261702
sib_eng_173,0.78793126,-0.41532964
sib_eng_174,0.78793126,-0.41532964
sib_eng_175,0.78793126,-0.41532964
sib_eng_176,0.78793126,-0.41532964
sib_eng_177,0.7096046,0.10541948
sib_eng_178,0.56108177,1.6892787
sib_eng_179,0.56108177,1.6892787
sib_eng_18,0.7096046,0.10541948
sib_eng_180,0.67854804,0.5783185
sib_eng_181,0.6026998,0.47773477
sib_eng_182,0.6026998,0.47773477
sib_eng_183,0.78793126,-0.41532964
sib_eng_184,0.56108177,1.6892787
sib_eng_185,0.78793126,-0.41532964
sib_eng_186,0.78793126,-0.41532964
sib_eng_187,0.53201306,0.8006286
sib_eng_188,0.78793126,-0.41532964
sib_eng_189,0.78793126,-0.41532964
sib_eng_19,0.6250029,0.50746787
sib_eng_190,0.78793126,-0.41532964
sib_eng_191,0.78793126,-0.41532964
sib_eng_192,0.56108177,1.6892787
sib_eng_193,0.78793126,-0.41532964
sib_eng_194,0.78793126,-0.41532964
sib_eng_195,0.6026998,0.47773477
sib_eng_196,0.78793126,-0.41532964
sib_eng_197,0.78793126,-0.41532964
sib_eng_198,0.78793126,-0.41532964
sib_eng_199,0.7096046,0.10541948
sib_eng_2,0.78793126,-0.41532964
sib_eng_20,0.78793126,-0.41532964
sib_eng_200,0.53201306,0.8006286
sib_eng_201,0.78793126,-0.41532964
sib_eng_202,0.53201306,0.8006286
sib_eng_203,0.78793126,-0.41532964
sib_eng_21,0.78793126,-0.41532964
sib_eng_22,0.78793126,-0.41532964
sib_eng_23,0.5093866,1.1586474
sib_eng_24,0.78793126,-0.41532964
sib_eng_25,0.78793126,-0.41532964
sib_eng_26,0.78793126,-0.41532964
sib_eng_27,0.78793126,-0.41532964
sib_eng_28,0.78793126,-0.41532964
sib_eng_29,0.78793126,-0.41532964
sib_eng_3,0.78793126,-0.41532964
sib_eng_30,0.78793126,-0.41532964
sib_eng_31,0.78793126,-0.41532964
sib_eng_32,0.56108177,1.6892787
sib_eng_33,0.78793126,-0.41532964
sib_eng_34,0.6566825,0.059603743
sib_eng_35,0.78793126,-0.41532964
sib_eng_36,0.78793126,-0.41532964
sib_eng_37,0.78793126,-0.41532964
sib_eng_38,0.78793126,-0.41532964
sib_eng_39,0.78793126,-0.41532964
sib_eng_4,0.78793126,-0.41532964
sib_eng_40,0.78793126,-0.41532964
sib_eng_41,0.7096046,0.10541948
sib_eng_42,0.78793126,-0.41532964
sib_eng_43,0.78793126,-0.41532964
sib_eng_44,0.78793126,-0.41532964
sib_eng_45,0.6566825,0.059603743
sib_eng_46,0.6566825,0.059603743
sib_eng_47,0.78793126,-0.41532964
sib_eng_48,0.78793126,-0.41532964
sib_eng_49,0.6566825,0.059603743
sib_eng_5,0.78793126,-0.41532964
sib_eng_50,0.78793126,-0.41532964
sib_eng_51,0.78793126,-0.41532964
sib_eng_52,0.78793126,-0.41532964
sib_eng_53,0.56108177,1.6892787
sib_eng_54,0.78793126,-0.41532964
sib_eng_55,0.78793126,-0.41532964
sib_eng_56,0.78793126,-0.41532964
sib_eng_57,0.59545404,0.9141437
sib_eng_58,0.78793126,-0.41532964
sib_eng_59,0.78793126,-0.41532964
sib_eng_6,0.78793126,-0.41532964
sib_eng_60,0.78793126,-0.41532964
sib_eng_61,0.78793126,-0.41532964
sib_eng_62,0.6303697,0.97473395
sib_eng_63,0.7096046,0.10541948
sib_eng_64,0.78793126,-0.41532964
sib_eng_65,0.7096046,0.10541948
sib_eng_66,0.7096046,0.10541948
sib_eng_67,0.78793126,-0.41532964
sib_eng_68,0.78793126,-0.41532964
sib_eng_69,0.78793126,-0.41532964
sib_eng_7,0.6250029,0.50746787
sib_eng_70,0.78793126,-0.41532964
sib_eng_71,0.6303697,0.97473395
sib_eng_72,0.7096046,0.10541948
sib_eng_73,0.706751,0.10293185
sib_eng_74,0.56108177,1.6892787
sib_eng_75,0.56108177,1.6892787
sib_eng_76,0.78793126,-0.41532964
sib_eng_77,0.78793126,-0.41532964
sib_eng_78,0.6566825,0.059603743
sib_eng_79,0.78793126,-0.41532964
sib_eng_8,0.78793126,-0.41532964
sib_eng_80,0.7096046,0.10541948
sib_eng_81,0.5848147,1.3261219
sib_eng_82,0.7096046,0.10541948
sib_eng_83,0.78793126,-0.41532964
sib_eng_84,0.78793126,-0.41532964
sib_eng_85,0.7096046,0.10541948
sib_eng_86,0.78793126,-0.41532964
sib_eng_87,0.78793126,-0.41532964
sib_eng_88,0.78793126,-0.41532964
sib_eng_89,0.78793126,-0.41532964
sib_eng_9,0.78793126,-0.41532964
sib_eng_90,0.78793126,-0.41532964
sib_eng_91,0.78793126,-0.41532964
sib_eng_92,0.5848147,1.3261219
sib_eng_93,0.78793126,-0.41532964
sib_eng_94,0.78793126,-0.41532964
sib_eng_95,0.78793126,-0.41532964
sib_eng_96,0.78793126,-0.41532964
sib_eng_97,0.78793126,-0.41532964
sib_eng_98,0.78793126,-0.41532964
sib_eng_99,0.6320151,0.03857096
sib_hau_0,0.78793126,-0.41532964
sib_hau_1,0.78793126,-0.41532964
sib_hau_10,0.78793126,-0.41532964
sib_hau_100,0.78793126,-0.41532964
sib_hau_101,0.78793126,-0.41532964
sib_hau_102,0.78793126,-0.41532964
sib_hau_103,0.78793126,-0.41532964
sib_hau_104,0.78793126,-0.41532964
sib_hau_105,0.78793126,-0.41532964
sib_hau_106,0.78793126,-0.41532964
sib_hau_107,0.78793126,-0.41532964
sib_hau_108,0.78793126,-0.41532964
sib_hau_109,0.78793126,-0.41532964
sib_hau_11,0.7096046,0.10541948
sib_hau_110,0.78793126,-0.41532964
sib_hau_111,0.78793126,-0.41532964
sib_hau_112,0.78793126,-0.41532964
sib_hau_113,0.78793126,-0.41532964
sib_hau_114,0.78793126,-0.41532964
sib_hau_115,0.56108177,1.6892787
sib_hau_116,0.78793126,-0.41532964
sib_hau_117,0.78793126,-0.41532964
sib_hau_118,0.78793126,-0.41532964
sib_hau_119,0.78793126,-0.41532964
sib_hau_12,0.78793126,-0.41532964
sib_hau_120,0.78793126,-0.41532964
sib_hau_121,0.78793126,-0.41532964
sib_hau_122,0.78793126,-0.41532964
sib_hau_123,0.78793126,-0.41532964
sib_hau_124,0.78793126,-0.41532964
sib_hau_125,0.78793126,-0.41532964
sib_hau_126,0.6303697,0.97473395
sib_hau_127,0.78793126,-0.41532964
sib_hau_128,0.78793126,-0.41532964
sib_hau_129,0.78793126,-0.41532964
sib_hau_13,0.5947198,0.46707988
sib_hau_130,0.78793126,-0.41532964
sib_hau_131,0.5777624,1.3110049
sib_hau_132,0.78793126,-0.41532964
sib_hau_133,0.78793126,-0.41532964
sib_hau_134,0.78793126,-0.41532964
sib_hau_135,0.78793126,-0.41532964
sib_hau_136,0.78793126,-0.41532964
sib_hau_137,0.5848147,1.3261219
sib_hau_138,0.78793126,-0.41532964
sib_hau_139,0.6303697,0.97473395
sib_hau_14,0.7096046,0.10541948
sib_hau_140,0.78793126,-0.41532964
sib_hau_141,0.78793126,-0.41532964
sib_hau_142,0.78793126,-0.41532964
sib_hau_143,0.78793126,-0.41532964
sib_hau_144,0.56108177,1.6892787
sib_hau_145,0.7096046,0.10541948
sib_hau_146,0.78793126,-0.41532964
sib_hau_147,0.78793126,-0.41532964
sib_hau_148,0.5848147,1.3261219
sib_hau_149,0.78793126,-0.41532964
sib_hau_15,0.78793126,-0.41532964
sib_hau_150,0.78793126,-0.41532964
sib_hau_151,0.7096046,0.10541948
sib_hau_152,0.78793126,-0.41532964
sib_hau_153,0.67854804,0.5783185
sib_hau_154,0.78793126,-0.41532964
sib_hau_155,0.56108177,1.6892787
sib_hau_156,0.78793126,-0.41532964
sib_hau_157,0.6320151,0.03857096
sib_hau_158,0.78793126,-0.41532964
sib_hau_159,0.6274433,0.51071554
sib_hau_16,0.706751,0.10293185
sib_hau_160,0.6320151,0.03857096
sib_hau_161,0.78793126,-0.41532964
sib_hau_162,0.78793126,-0.41532964
sib_hau_163,0.56108177,1.6892787
sib_hau_164,0.78793126,-0.41532964
sib_hau_165,0.78793126,-0.41532964
sib_hau_166,0.78793126,-0.41532964
sib_hau_167,0.78793126,-0.41532964
sib_hau_168,0.6303697,0.97473395
sib_hau_169,0.78793126,-0.41532964
sib_hau_17,0.78793126,-0.41532964
sib_hau_170,0.78793126,-0.41532964
sib_hau_171,0.706751,0.10293185
sib_hau_172,0.78793126,-0.41532964
sib_hau_173,0.78793126,-0.41532964
sib_hau_174,0.78793126,-0.41532964
sib_hau_175,0.78793126,-0.41532964
sib_hau_176,0.706751,0.10293185
sib_hau_177,0.67854804,0.5783185
sib_hau_178,0.6320151,0.03857096
sib_hau_179,0.56108177,1.6892787
sib_hau_18,0.6274433,0.51071554
sib_hau_180,0.67854804,0.5783185
sib_hau_181,0.5560217,0.8440483
sib_hau_182,0.6020191,0.92564845
sib_hau_183,0.78793126,-0.41532964
sib_hau_184,0.56108177,1.6892787
sib_hau_185,0.78793126,-0.41532964
sib_hau_186,0.78793126,-0.41532964
sib_hau_187,0.53761923,0.39087477
sib_hau_188,0.78793126,-0.41532964
sib_hau_189,0.78793126,-0.41532964
sib_hau_19,0.78793126,-0.41532964
sib_hau_190,0.78793126,-0.41532964
sib_hau_191,0.5947198,0.46707988
sib_hau_192,0.56108177,1.6892787
sib_hau_193,0.6261891,0.03364378
sib_hau_194,0.78793126,-0.41532964
sib_hau_195,0.53201306,0.8006286
sib_hau_196,0.78793126,-0.41532964
sib_hau_197,0.7096046,0.10541948
sib_hau_198,0.78793126,-0.41532964
sib_hau_199,0.7096046,0.10541948
sib_hau_2,0.78793126,-0.41532964
sib_hau_20,0.78793126,-0.41532964
sib_hau_200,0.6026998,0.47773477
sib_hau_201,0.78793126,-0.41532964
sib_hau_202,0.55150425,1.2537094
sib_hau_203,0.78793126,-0.41532964
sib_hau_21,0.78793126,-0.41532964
sib_hau_22,0.78793126,-0.41532964
sib_hau_23,0.78793126,-0.41532964
sib_hau_24,0.78793126,-0.41532964
sib_hau_25,0.78793126,-0.41532964
sib_hau_26,0.78793126,-0.41532964
sib_hau_27,0.78793126,-0.41532964
sib_hau_28,0.78793126,-0.41532964
sib_hau_29,0.78793126,-0.41532964
sib_hau_3,0.78793126,-0.41532964
sib_hau_30,0.78793126,-0.41532964
sib_hau_31,0.78793126,-0.41532964
sib_hau_32,0.51128685,1.1630158
sib_hau_33,0.78793126,-0.41532964
sib_hau_34,0.78793126,-0.41532964
sib_hau_35,0.78793126,-0.41532964
sib_hau_36,0.78793126,-0.41532964
sib_hau_37,0.78793126,-0.41532964
sib_hau_38,0.78793126,-0.41532964
sib_hau_39,0.78793126,-0.41532964
sib_hau_4,0.78793126,-0.41532964
sib_hau_40,0.78793126,-0.41532964
sib_hau_41,0.7096046,0.10541948
sib_hau_42,0.78793126,-0.41532964
sib_hau_43,0.78793126,-0.41532964
sib_hau_44,0.78793126,-0.41532964
sib_hau_45,0.78793126,-0.41532964
sib_hau_46,0.78793126,-0.41532964
sib_hau_47,0.78793126,-0.41532964
sib_hau_48,0.78793126,-0.41532964
sib_hau_49,0.6274433,0.51071554
sib_hau_5,0.5777624,1.3110049
sib_hau_50,0.7096046,0.10541948
sib_hau_51,0.78793126,-0.41532964
sib_hau_52,0.78793126,-0.41532964
sib_hau_53,0.56108177,1.6892787
sib_hau_54,0.78793126,-0.41532964
sib_hau_55,0.706751,0.10293185
sib_hau_56,0.78793126,-0.41532964
sib_hau_57,0.55150425,1.2537094
sib_hau_58,0.7096046,0.10541948
sib_hau_59,0.78793126,-0.41532964
sib_hau_6,0.78793126,-0.41532964
sib_hau_60,0.7096046,0.10541948
sib_hau_61,0.706751,0.10293185
sib_hau_62,0.6303697,0.97473395
sib_hau_63,0.6303697,0.97473395
sib_hau_64,0.7096046,0.10541948
sib_hau_65,0.7096046,0.10541948
sib_hau_66,0.7096046,0.10541948
sib_hau_67,0.78793126,-0.41532964
sib_hau_68,0.78793126,-0.41532964
sib_hau_69,0.78793126,-0.41532964
sib_hau_7,0.6566825,0.059603743
sib_hau_70,0.7096046,0.10541948
sib_hau_71,0.5848147,1.3261219
sib_hau_72,0.706751,0.10293185
sib_hau_73,0.7096046,0.10541948
sib_hau_74,0.78793126,-0.41532964
sib_hau_75,0.56108177,1.6892787
sib_hau_76,0.78793126,-0.41532964
sib_hau_77,0.78793126,-0.41532964
sib_hau_78,0.7096046,0.10541948
sib_hau_79,0.7096046,0.10541948
sib_hau_8,0.78793126,-0.41532964
sib_hau_80,0.78793126,-0.41532964
sib_hau_81,0.67854804,0.5783185
sib_hau_82,0.6303697,0.97473395
sib_hau_83,0.706751,0.10293185
sib_hau_84,0.7096046,0.10541948
sib_hau_85,0.67854804,0.5783185
sib_hau_86,0.78793126,-0.41532964
sib_hau_87,0.78793126,-0.41532964
sib_hau_88,0.6303697,0.97473395
sib_hau_89,0.78793126,-0.41532964
sib_hau_9,0.78793126,-0.41532964
sib_hau_90,0.78793126,-0.41532964
sib_hau_91,0.78793126,-0.41532964
sib_hau_92,0.56108177,1.6892787
sib_hau_93,0.78793126,-0.41532964
sib_hau_94,0.78793126,-0.41532964
sib_hau_95,0.78793126,-0.41532964
sib_hau_96,0.78793126,-0.41532964
sib_hau_97,0.78793126,-0.41532964
sib_hau_98,0.78793126,-0.41532964
sib_hau_99,0.78793126,-0.41532964
sib_ibo_0,0.78793126,-0.41532964
sib_ibo_1,0.78793126,-0.41532964
sib_ibo_10,0.78793126,-0.41532964
sib_ibo_100,0.78793126,-0.41532964
sib_ibo_101,0.78793126,-0.41532964
sib_ibo_102,0.78793126,-0.41532964
sib_ibo_103,0.78793126,-0.41532964
sib_ibo_104,0.78793126,-0.41532964
sib_ibo_105,0.78793126,-0.41532964
sib_ibo_106,0.78793126,-0.41532964
sib_ibo_107,0.78793126,-0.41532964
sib_ibo_108,0.78793126,-0.41532964
sib_ibo_109,0.78793126,-0.41532964
sib_ibo_11,0.78793126,-0.41532964
sib_ibo_110,0.78793126,-0.41532964
sib_ibo_111,0.78793126,-0.41532964
sib_ibo_112,0.78793126,-0.41532964
sib_ibo_113,0.78793126,-0.41532964
sib_ibo_114,0.78793126,-0.41532964
sib_ibo_115,0.78793126,-0.41532964
sib_ibo_116,0.78793126,-0.41532964
sib_ibo_117,0.78793126,-0.41532964
sib_ibo_118,0.78793126,-0.41532964
sib_ibo_119,0.78793126,-0.41532964
sib_ibo_12,0.78793126,-0.41532964
sib_ibo_120,0.6250029,0.50746787
sib_ibo_121,0.78793126,-0.41532964
sib_ibo_122,0.78793126,-0.41532964
sib_ibo_123,0.78793126,-0.41532964
sib_ibo_124,0.7096046,0.10541948
sib_ibo_125,0.78793126,-0.41532964
sib_ibo_126,0.706751,0.10293185
sib_ibo_127,0.78793126,-0.41532964
sib_ibo_128,0.78793126,-0.41532964
sib_ibo_129,0.78793126,-0.41532964
sib_ibo_13,0.59689516,0.46998495
sib_ibo_130,0.78793126,-0.41532964
sib_ibo_131,0.56108177,1.6892787
sib_ibo_132,0.78793126,-0.41532964
sib_ibo_133,0.78793126,-0.41532964
sib_ibo_134,0.78793126,-0.41532964
sib_ibo_135,0.78793126,-0.41532964
sib_ibo_136,0.78793126,-0.41532964
sib_ibo_137,0.6566825,0.059603743
sib_ibo_138,0.78793126,-0.41532964
sib_ibo_139,0.7096046,0.10541948
sib_ibo_14,0.7096046,0.10541948
sib_ibo_140,0.78793126,-0.41532964
sib_ibo_141,0.78793126,-0.41532964
sib_ibo_142,0.78793126,-0.41532964
sib_ibo_143,0.78793126,-0.41532964
sib_ibo_144,0.6303697,0.97473395
sib_ibo_145,0.7096046,0.10541948
sib_ibo_146,0.78793126,-0.41532964
sib_ibo_147,0.78793126,-0.41532964
sib_ibo_148,0.78793126,-0.41532964
sib_ibo_149,0.78793126,-0.41532964
sib_ibo_15,0.78793126,-0.41532964
sib_ibo_150,0.78793126,-0.41532964
sib_ibo_151,0.78793126,-0.41532964
sib_ibo_152,0.5560217,0.8440483
sib_ibo_153,0.7096046,0.10541948
sib_ibo_154,0.78793126,-0.41532964
sib_ibo_155,0.56108177,1.6892787
sib_ibo_156,0.7096046,0.10541948
sib_ibo_157,0.5614328,0.42261702
sib_ibo_158,0.78793126,-0.41532964
sib_ibo_159,0.6303697,0.97473395
sib_ibo_16,0.78793126,-0.41532964
sib_ibo_160,0.6320151,0.03857096
sib_ibo_161,0.78793126,-0.41532964
sib_ibo_162,0.78793126,-0.41532964
sib_ibo_163,0.56108177,1.6892787
sib_ibo_164,0.78793126,-0.41532964
sib_ibo_165,0.6261891,0.03364378
sib_ibo_166,0.78793126,-0.41532964
sib_ibo_167,0.78793126,-0.41532964
sib_ibo_168,0.78793126,-0.41532964
sib_ibo_169,0.67854804,0.5783185
sib_ibo_17,0.78793126,-0.41532964
sib_ibo_170,0.6274433,0.51071554
sib_ibo_171,0.56108177,1.6892787
sib_ibo_172,0.78793126,-0.41532964
sib_ibo_173,0.78793126,-0.41532964
sib_ibo_174,0.706751,0.10293185
sib_ibo_175,0.78793126,-0.41532964
sib_ibo_176,0.67854804,0.5783185
sib_ibo_177,0.56108177,1.6892787
sib_ibo_178,0.55150425,1.2537094
sib_ibo_179,0.56108177,1.6892787
sib_ibo_18,0.6274433,0.51071554
sib_ibo_180,0.51128685,1.1630158
sib_ibo_181,0.5947198,0.46707988
sib_ibo_182,0.6004754,0.47476533
sib_ibo_183,0.78793126,-0.41532964
sib_ibo_184,0.5848147,1.3261219
sib_ibo_185,0.78793126,-0.41532964
sib_ibo_186,0.78793126,-0.41532964
sib_ibo_187,0.53761923,0.39087477
sib_ibo_188,0.78793126,-0.41532964
sib_ibo_189,0.78793126,-0.41532964
sib_ibo_19,0.78793126,-0.41532964
sib_ibo_190,0.78793126,-0.41532964
sib_ibo_191,0.706751,0.10293185
sib_ibo_192,0.56108177,1.6892787
sib_ibo_193,0.78793126,-0.41532964
sib_ibo_194,0.78793126,-0.41532964
sib_ibo_195,0.53201306,0.8006286
sib_ibo_196,0.78793126,-0.41532964
sib_ibo_197,0.78793126,-0.41532964
sib_ibo_198,0.78793126,-0.41532964
sib_ibo_199,0.6026998,0.47773477
sib_ibo_2,0.78793126,-0.41532964
sib_ibo_20,0.78793126,-0.41532964
sib_ibo_200,0.6020191,0.92564845
sib_ibo_201,0.78793126,-0.41532964
sib_ibo_202,0.53761923,0.39087477
sib_ibo_203,0.78793126,-0.41532964
sib_ibo_21,0.78793126,-0.41532964
sib_ibo_22,0.78793126,-0.41532964
sib_ibo_23,0.7096046,0.10541948
sib_ibo_24,0.78793126,-0.41532964
sib_ibo_25,0.78793126,-0.41532964
sib_ibo_26,0.78793126,-0.41532964
sib_ibo_27,0.78793126,-0.41532964
sib_ibo_28,0.78793126,-0.41532964
sib_ibo_29,0.78793126,-0.41532964
sib_ibo_3,0.78793126,-0.41532964
sib_ibo_30,0.78793126,-0.41532964
sib_ibo_31,0.78793126,-0.41532964
sib_ibo_32,0.49763015,0.73766416
sib_ibo_33,0.78793126,-0.41532964
sib_ibo_34,0.7096046,0.10541948
sib_ibo_35,0.78793126,-0.41532964
sib_ibo_36,0.78793126,-0.41532964
sib_ibo_37,0.78793126,-0.41532964
sib_ibo_38,0.78793126,-0.41532964
sib_ibo_39,0.78793126,-0.41532964
sib_ibo_4,0.78793126,-0.41532964
sib_ibo_40,0.78793126,-0.41532964
sib_ibo_41,0.78793126,-0.41532964
sib_ibo_42,0.78793126,-0.41532964
sib_ibo_43,0.78793126,-0.41532964
sib_ibo_44,0.78793126,-0.41532964
sib_ibo_45,0.706751,0.10293185
sib_ibo_46,0.78793126,-0.41532964
sib_ibo_47,0.78793126,-0.41532964
sib_ibo_48,0.78793126,-0.41532964
sib_ibo_49,0.78793126,-0.41532964
sib_ibo_5,0.6566825,0.059603743
sib_ibo_50,0.78793126,-0.41532964
sib_ibo_51,0.78793126,-0.41532964
sib_ibo_52,0.78793126,-0.41532964
sib_ibo_53,0.56108177,1.6892787
sib_ibo_54,0.78793126,-0.41532964
sib_ibo_55,0.706751,0.10293185
sib_ibo_56,0.78793126,-0.41532964
sib_ibo_57,0.5093866,1.1586474
sib_ibo_58,0.67854804,0.5783185
sib_ibo_59,0.78793126,-0.41532964
sib_ibo_6,0.78793126,-0.41532964
sib_ibo_60,0.78793126,-0.41532964
sib_ibo_61,0.7096046,0.10541948
sib_ibo_62,0.6303697,0.97473395
sib_ibo_63,0.6303697,0.97473395
sib_ibo_64,0.6566825,0.059603743
sib_ibo_65,0.78793126,-0.41532964
sib_ibo_66,0.7096046,0.10541948
sib_ibo_67,0.78793126,-0.41532964
sib_ibo_68,0.78793126,-0.41532964
sib_ibo_69,0.78793126,-0.41532964
sib_ibo_7,0.6303697,0.97473395
sib_ibo_70,0.67854804,0.5783185
sib_ibo_71,0.5848147,1.3261219
sib_ibo_72,0.6303697,0.97473395
sib_ibo_73,0.706751,0.10293185
sib_ibo_74,0.6274433,0.51071554
sib_ibo_75,0.56108177,1.6892787
sib_ibo_76,0.7096046,0.10541948
sib_ibo_77,0.78793126,-0.41532964
sib_ibo_78,0.6250029,0.50746787
sib_ibo_79,0.78793126,-0.41532964
sib_ibo_8,0.78793126,-0.41532964
sib_ibo_80,0.7096046,0.10541948
sib_ibo_81,0.6566825,0.059603743
sib_ibo_82,0.5777624,1.3110049
sib_ibo_83,0.78793126,-0.41532964
sib_ibo_84,0.78793126,-0.41532964
sib_ibo_85,0.78793126,-0.41532964
sib_ibo_86,0.78793126,-0.41532964
sib_ibo_87,0.78793126,-0.41532964
sib_ibo_88,0.78793126,-0.41532964
sib_ibo_89,0.78793126,-0.41532964
sib_ibo_9,0.78793126,-0.41532964
sib_ibo_90,0.78793126,-0.41532964
sib_ibo_91,0.78793126,-0.41532964
sib_ibo_92,0.6020191,0.92564845
sib_ibo_93,0.78793126,-0.41532964
sib_ibo_94,0.78793126,-0.41532964
sib_ibo_95,0.78793126,-0.41532964
sib_ibo_96,0.78793126,-0.41532964
sib_ibo_97,0.78793126,-0.41532964
sib_ibo_98,0.78793126,-0.41532964
sib_ibo_99,0.78793126,-0.41532964
sib_kin_0,0.706751,0.10293185
sib_kin_1,0.78793126,-0.41532964
sib_kin_10,0.78793126,-0.41532964
sib_kin_100,0.78793126,-0.41532964
sib_kin_101,0.78793126,-0.41532964
sib_kin_102,0.78793126,-0.41532964
sib_kin_103,0.78793126,-0.41532964
sib_kin_104,0.78793126,-0.41532964
sib_kin_105,0.78793126,-0.41532964
sib_kin_106,0.78793126,-0.41532964
sib_kin_107,0.78793126,-0.41532964
sib_kin_108,0.78793126,-0.41532964
sib_kin_109,0.78793126,-0.41532964
sib_kin_11,0.706751,0.10293185
sib_kin_110,0.78793126,-0.41532964
sib_kin_111,0.78793126,-0.41532964
sib_kin_112,0.78793126,-0.41532964
sib_kin_113,0.78793126,-0.41532964
sib_kin_114,0.78793126,-0.41532964
sib_kin_115,0.78793126,-0.41532964
sib_kin_116,0.78793126,-0.41532964
sib_kin_117,0.78793126,-0.41532964
sib_kin_118,0.78793126,-0.41532964
sib_kin_119,0.78793126,-0.41532964
sib_kin_12,0.78793126,-0.41532964
sib_kin_120,0.78793126,-0.41532964
sib_kin_121,0.78793126,-0.41532964
sib_kin_122,0.78793126,-0.41532964
sib_kin_123,0.78793126,-0.41532964
sib_kin_124,0.78793126,-0.41532964
sib_kin_125,0.78793126,-0.41532964
sib_kin_126,0.6250029,0.50746787
sib_kin_127,0.78793126,-0.41532964
sib_kin_128,0.78793126,-0.41532964
sib_kin_129,0.78793126,-0.41532964
sib_kin_13,0.78793126,-0.41532964
sib_kin_130,0.78793126,-0.41532964
sib_kin_131,0.6020191,0.92564845
sib_kin_132,0.78793126,-0.41532964
sib_kin_133,0.78793126,-0.41532964
sib_kin_134,0.78793126,-0.41532964
sib_kin_135,0.78793126,-0.41532964
sib_kin_136,0.78793126,-0.41532964
sib_kin_137,0.5777624,1.3110049
sib_kin_138,0.78793126,-0.41532964
sib_kin_139,0.78793126,-0.41532964
sib_kin_14,0.78793126,-0.41532964
sib_kin_140,0.78793126,-0.41532964
sib_kin_141,0.78793126,-0.41532964
sib_kin_142,0.78793126,-0.41532964
sib_kin_143,0.78793126,-0.41532964
sib_kin_144,0.6303697,0.97473395
sib_kin_145,0.78793126,-0.41532964
sib_kin_146,0.78793126,-0.41532964
sib_kin_147,0.78793126,-0.41532964
sib_kin_148,0.78793126,-0.41532964
sib_kin_149,0.67854804,0.5783185
sib_kin_15,0.78793126,-0.41532964
sib_kin_150,0.78793126,-0.41532964
sib_kin_151,0.78793126,-0.41532964
sib_kin_152,0.78793126,-0.41532964
sib_kin_153,0.78793126,-0.41532964
sib_kin_154,0.78793126,-0.41532964
sib_kin_155,0.56108177,1.6892787
sib_kin_156,0.78793126,-0.41532964
sib_kin_157,0.5777624,1.3110049
sib_kin_158,0.78793126,-0.41532964
sib_kin_159,0.6274433,0.51071554
sib_kin_16,0.78793126,-0.41532964
sib_kin_160,0.6320151,0.03857096
sib_kin_161,0.78793126,-0.41532964
sib_kin_162,0.78793126,-0.41532964
sib_kin_163,0.56108177,1.6892787
sib_kin_164,0.78793126,-0.41532964
sib_kin_165,0.78793126,-0.41532964
sib_kin_166,0.78793126,-0.41532964
sib_kin_167,0.78793126,-0.41532964
sib_kin_168,0.78793126,-0.41532964
sib_kin_169,0.78793126,-0.41532964
sib_kin_17,0.78793126,-0.41532964
sib_kin_170,0.78793126,-0.41532964
sib_kin_171,0.5947198,0.46707988
sib_kin_172,0.78793126,-0.41532964
sib_kin_173,0.78793126,-0.41532964
sib_kin_174,0.706751,0.10293185
sib_kin_175,0.78793126,-0.41532964
sib_kin_176,0.7096046,0.10541948
sib_kin_177,0.56108177,1.6892787
sib_kin_178,0.78793126,-0.41532964
sib_kin_179,0.56108177,1.6892787
sib_kin_18,0.6274433,0.51071554
sib_kin_180,0.53761923,0.39087477
sib_kin_181,0.53015816,0.7972537
sib_kin_182,0.5848147,1.3261219
sib_kin_183,0.78793126,-0.41532964
sib_kin_184,0.5848147,1.3261219
sib_kin_185,0.78793126,-0.41532964
sib_kin_186,0.78793126,-0.41532964
sib_kin_187,0.53761923,0.39087477
sib_kin_188,0.59545404,0.9141437
sib_kin_189,0.78793126,-0.41532964
sib_kin_19,0.6303697,0.97473395
sib_kin_190,0.7096046,0.10541948
sib_kin_191,0.6261891,0.03364378
sib_kin_192,0.56108177,1.6892787
sib_kin_193,0.78793126,-0.41532964
sib_kin_194,0.78793126,-0.41532964
sib_kin_195,0.6026998,0.47773477
sib_kin_196,0.78793126,-0.41532964
sib_kin_197,0.7096046,0.10541948
sib_kin_198,0.78793126,-0.41532964
sib_kin_199,0.7096046,0.10541948
sib_kin_2,0.78793126,-0.41532964
sib_kin_20,0.78793126,-0.41532964
sib_kin_200,0.6320151,0.03857096
sib_kin_201,0.7096046,0.10541948
sib_kin_202,0.55150425,1.2537094
sib_kin_203,0.7096046,0.10541948
sib_kin_21,0.78793126,-0.41532964
sib_kin_22,0.78793126,-0.41532964
sib_kin_23,0.6566825,0.059603743
sib_kin_24,0.78793126,-0.41532964
sib_kin_25,0.78793126,-0.41532964
sib_kin_26,0.78793126,-0.41532964
sib_kin_27,0.78793126,-0.41532964
sib_kin_28,0.78793126,-0.41532964
sib_kin_29,0.78793126,-0.41532964
sib_kin_3,0.78793126,-0.41532964
sib_kin_30,0.7096046,0.10541948
sib_kin_31,0.78793126,-0.41532964
sib_kin_32,0.49763015,0.73766416
sib_kin_33,0.78793126,-0.41532964
sib_kin_34,0.7096046,0.10541948
sib_kin_35,0.78793126,-0.41532964
sib_kin_36,0.78793126,-0.41532964
sib_kin_37,0.7096046,0.10541948
sib_kin_38,0.78793126,-0.41532964
sib_kin_39,0.78793126,-0.41532964
sib_kin_4,0.78793126,-0.41532964
sib_kin_40,0.78793126,-0.41532964
sib_kin_41,0.67854804,0.5783185
sib_kin_42,0.78793126,-0.41532964
sib_kin_43,0.78793126,-0.41532964
sib_kin_44,0.78793126,-0.41532964
sib_kin_45,0.6303697,0.97473395
sib_kin_46,0.7096046,0.10541948
sib_kin_47,0.78793126,-0.41532964
sib_kin_48,0.78793126,-0.41532964
sib_kin_49,0.78793126,-0.41532964
sib_kin_5,0.706751,0.10293185
sib_kin_50,0.78793126,-0.41532964
sib_kin_51,0.78793126,-0.41532964
sib_kin_52,0.78793126,-0.41532964
sib_kin_53,0.56108177,1.6892787
sib_kin_54,0.78793126,-0.41532964
sib_kin_55,0.7096046,0.10541948
sib_kin_56,0.78793126,-0.41532964
sib_kin_57,0.51128685,1.1630158
sib_kin_58,0.78793126,-0.41532964
sib_kin_59,0.78793126,-0.41532964
sib_kin_6,0.78793126,-0.41532964
sib_kin_60,0.78793126,-0.41532964
sib_kin_61,0.7096046,0.10541948
sib_kin_62,0.7096046,0.10541948
sib_kin_63,0.6303697,0.97473395
sib_kin_64,0.78793126,-0.41532964
sib_kin_65,0.6274433,0.51071554
sib_kin_66,0.7096046,0.10541948
sib_kin_67,0.78793126,-0.41532964
sib_kin_68,0.78793126,-0.41532964
sib_kin_69,0.78793126,-0.41532964
sib_kin_7,0.6250029,0.50746787
sib_kin_70,0.7096046,0.10541948
sib_kin_71,0.6303697,0.97473395
sib_kin_72,0.67854804,0.5783185
sib_kin_73,0.78793126,-0.41532964
sib_kin_74,0.706751,0.10293185
sib_kin_75,0.56108177,1.6892787
sib_kin_76,0.7096046,0.10541948
sib_kin_77,0.78793126,-0.41532964
sib_kin_78,0.6274433,0.51071554
sib_kin_79,0.78793126,-0.41532964
sib_kin_8,0.78793126,-0.41532964
sib_kin_80,0.7096046,0.10541948
sib_kin_81,0.5506254,0.8343338
sib_kin_82,0.6303697,0.97473395
sib_kin_83,0.78793126,-0.41532964
sib_kin_84,0.78793126,-0.41532964
sib_kin_85,0.78793126,-0.41532964
sib_kin_86,0.78793126,-0.41532964
sib_kin_87,0.78793126,-0.41532964
sib_kin_88,0.7096046,0.10541948
sib_kin_89,0.78793126,-0.41532964
sib_kin_9,0.706751,0.10293185
sib_kin_90,0.78793126,-0.41532964
sib_kin_91,0.78793126,-0.41532964
sib_kin_92,0.5093866,1.1586474
sib_kin_93,0.78793126,-0.41532964
sib_kin_94,0.78793126,-0.41532964
sib_kin_95,0.78793126,-0.41532964
sib_kin_96,0.78793126,-0.41532964
sib_kin_97,0.78793126,-0.41532964
sib_kin_98,0.78793126,-0.41532964
sib_kin_99,0.53761923,0.39087477
sib_lin_0,0.706751,0.10293185
sib_lin_1,0.78793126,-0.41532964
sib_lin_10,0.78793126,-0.41532964
sib_lin_100,0.78793126,-0.41532964
sib_lin_101,0.78793126,-0.41532964
sib_lin_102,0.78793126,-0.41532964
sib_lin_103,0.78793126,-0.41532964
sib_lin_104,0.78793126,-0.41532964
sib_lin_105,0.706751,0.10293185
sib_lin_106,0.78793126,-0.41532964
sib_lin_107,0.78793126,-0.41532964
sib_lin_108,0.78793126,-0.41532964
sib_lin_109,0.67854804,0.5783185
sib_lin_11,0.67854804,0.5783185
sib_lin_110,0.706751,0.10293185
sib_lin_111,0.706751,0.10293185
sib_lin_112,0.78793126,-0.41532964
sib_lin_113,0.706751,0.10293185
sib_lin_114,0.78793126,-0.41532964
sib_lin_115,0.78793126,-0.41532964
sib_lin_116,0.78793126,-0.41532964
sib_lin_117,0.78793126,-0.41532964
sib_lin_118,0.78793126,-0.41532964
sib_lin_119,0.78793126,-0.41532964
sib_lin_12,0.78793126,-0.41532964
sib_lin_120,0.78793126,-0.41532964
sib_lin_121,0.78793126,-0.41532964
sib_lin_122,0.78793126,-0.41532964
sib_lin_123,0.78793126,-0.41532964
sib_lin_124,0.78793126,-0.41532964
sib_lin_125,0.78793126,-0.41532964
sib_lin_126,0.6303697,0.97473395
sib_lin_127,0.78793126,-0.41532964
sib_lin_128,0.78793126,-0.41532964
sib_lin_129,0.78793126,-0.41532964
sib_lin_13,0.706751,0.10293185
sib_lin_130,0.78793126,-0.41532964
sib_lin_131,0.7096046,0.10541948
sib_lin_132,0.78793126,-0.41532964
sib_lin_133,0.78793126,-0.41532964
sib_lin_134,0.78793126,-0.41532964
sib_lin_135,0.78793126,-0.41532964
sib_lin_136,0.78793126,-0.41532964
sib_lin_137,0.6250029,0.50746787
sib_lin_138,0.78793126,-0.41532964
sib_lin_139,0.6274433,0.51071554
sib_lin_14,0.706751,0.10293185
sib_lin_140,0.78793126,-0.41532964
sib_lin_141,0.7096046,0.10541948
sib_lin_142,0.706751,0.10293185
sib_lin_143,0.78793126,-0.41532964
sib_lin_144,0.6303697,0.97473395
sib_lin_145,0.67854804,0.5783185
sib_lin_146,0.78793126,-0.41532964
sib_lin_147,0.78793126,-0.41532964
sib_lin_148,0.6303697,0.97473395
sib_lin_149,0.7096046,0.10541948
sib_lin_15,0.5506254,0.8343338
sib_lin_150,0.78793126,-0.41532964
sib_lin_151,0.78793126,-0.41532964
sib_lin_152,0.7096046,0.10541948
sib_lin_153,0.7096046,0.10541948
sib_lin_154,0.78793126,-0.41532964
sib_lin_155,0.56108177,1.6892787
sib_lin_156,0.78793126,-0.41532964
sib_lin_157,0.56108177,1.6892787
sib_lin_158,0.78793126,-0.41532964
sib_lin_159,0.7096046,0.10541948
sib_lin_16,0.56108177,1.6892787
sib_lin_160,0.78793126,-0.41532964
sib_lin_161,0.706751,0.10293185
sib_lin_162,0.78793126,-0.41532964
sib_lin_163,0.49763015,0.73766416
sib_lin_164,0.67854804,0.5783185
sib_lin_165,0.5947198,0.46707988
sib_lin_166,0.78793126,-0.41532964
sib_lin_167,0.78793126,-0.41532964
sib_lin_168,0.78793126,-0.41532964
sib_lin_169,0.78793126,-0.41532964
sib_lin_17,0.706751,0.10293185
sib_lin_170,0.706751,0.10293185
sib_lin_171,0.53761923,0.39087477
sib_lin_172,0.6320151,0.03857096
sib_lin_173,0.78793126,-0.41532964
sib_lin_174,0.6320151,0.03857096
sib_lin_175,0.78793126,-0.41532964
sib_lin_176,0.67854804,0.5783185
sib_lin_177,0.7096046,0.10541948
sib_lin_178,0.56108177,1.6892787
sib_lin_179,0.56108177,1.6892787
sib_lin_18,0.67854804,0.5783185
sib_lin_180,0.53015816,0.7972537
sib_lin_181,0.5093866,1.1586474
sib_lin_182,0.5848147,1.3261219
sib_lin_183,0.78793126,-0.41532964
sib_lin_184,0.5848147,1.3261219
sib_lin_185,0.706751,0.10293185
sib_lin_186,0.78793126,-0.41532964
sib_lin_187,0.53761923,0.39087477
sib_lin_188,0.78793126,-0.41532964
sib_lin_189,0.78793126,-0.41532964
sib_lin_19,0.6303697,0.97473395
sib_lin_190,0.78793126,-0.41532964
sib_lin_191,0.5947198,0.46707988
sib_lin_192,0.56108177,1.6892787
sib_lin_193,0.67854804,0.5783185
sib_lin_194,0.7096046,0.10541948
sib_lin_195,0.6020191,0.92564845
sib_lin_196,0.78793126,-0.41532964
sib_lin_197,0.78793126,-0.41532964
sib_lin_198,0.78793126,-0.41532964
sib_lin_199,0.55150425,1.2537094
sib_lin_2,0.78793126,-0.41532964
sib_lin_20,0.706751,0.10293185
sib_lin_200,0.53015816,0.7972537
sib_lin_201,0.7096046,0.10541948
sib_lin_202,0.53201306,0.8006286
sib_lin_203,0.78793126,-0.41532964
sib_lin_21,0.78793126,-0.41532964
sib_lin_22,0.78793126,-0.41532964
sib_lin_23,0.5777624,1.3110049
sib_lin_24,0.78793126,-0.41532964
sib_lin_25,0.78793126,-0.41532964
sib_lin_26,0.78793126,-0.41532964
sib_lin_27,0.706751,0.10293185
sib_lin_28,0.78793126,-0.41532964
sib_lin_29,0.78793126,-0.41532964
sib_lin_3,0.78793126,-0.41532964
sib_lin_30,0.78793126,-0.41532964
sib_lin_31,0.78793126,-0.41532964
sib_lin_32,0.78793126,-0.41532964
sib_lin_33,0.78793126,-0.41532964
sib_lin_34,0.78793126,-0.41532964
sib_lin_35,0.78793126,-0.41532964
sib_lin_36,0.706751,0.10293185
sib_lin_37,0.78793126,-0.41532964
sib_lin_38,0.5506254,0.8343338
sib_lin_39,0.78793126,-0.41532964
sib_lin_4,0.78793126,-0.41532964
sib_lin_40,0.706751,0.10293185
sib_lin_41,0.6303697,0.97473395
sib_lin_42,0.78793126,-0.41532964
sib_lin_43,0.78793126,-0.41532964
sib_lin_44,0.78793126,-0.41532964
sib_lin_45,0.67854804,0.5783185
sib_lin_46,0.7096046,0.10541948
sib_lin_47,0.78793126,-0.41532964
sib_lin_48,0.78793126,-0.41532964
sib_lin_49,0.78793126,-0.41532964
sib_lin_5,0.6250029,0.50746787
sib_lin_50,0.78793126,-0.41532964
sib_lin_51,0.67854804,0.5783185
sib_lin_52,0.7096046,0.10541948
sib_lin_53,0.5848147,1.3261219
sib_lin_54,0.5777624,1.3110049
sib_lin_55,0.6303697,0.97473395
sib_lin_56,0.706751,0.10293185
sib_lin_57,0.5848147,1.3261219
sib_lin_58,0.78793126,-0.41532964
sib_lin_59,0.706751,0.10293185
sib_lin_6,0.706751,0.10293185
sib_lin_60,0.706751,0.10293185
sib_lin_61,0.67854804,0.5783185
sib_lin_62,0.67854804,0.5783185
sib_lin_63,0.6303697,0.97473395
sib_lin_64,0.706751,0.10293185
sib_lin_65,0.67854804,0.5783185
sib_lin_66,0.706751,0.10293185
sib_lin_67,0.78793126,-0.41532964
sib_lin_68,0.5947198,0.46707988
sib_lin_69,0.78793126,-0.41532964
sib_lin_7,0.6303697,0.97473395
sib_lin_70,0.67854804,0.5783185
sib_lin_71,0.6303697,0.97473395
sib_lin_72,0.67854804,0.5783185
sib_lin_73,0.67854804,0.5783185
sib_lin_74,0.5777624,1.3110049
sib_lin_75,0.5777624,1.3110049
sib_lin_76,0.67854804,0.5783185
sib_lin_77,0.78793126,-0.41532964
sib_lin_78,0.5093866,1.1586474
sib_lin_79,0.78793126,-0.41532964
sib_lin_8,0.78793126,-0.41532964
sib_lin_80,0.7096046,0.10541948
sib_lin_81,0.6274433,0.51071554
sib_lin_82,0.6303697,0.97473395
sib_lin_83,0.7096046,0.10541948
sib_lin_84,0.67854804,0.5783185
sib_lin_85,0.67854804,0.5783185
sib_lin_86,0.706751,0.10293185
sib_lin_87,0.78793126,-0.41532964
sib_lin_88,0.67854804,0.5783185
sib_lin_89,0.67854804,0.5783185
sib_lin_9,0.706751,0.10293185
sib_lin_90,0.7096046,0.10541948
sib_lin_91,0.78793126,-0.41532964
sib_lin_92,0.5848147,1.3261219
sib_lin_93,0.78793126,-0.41532964
sib_lin_94,0.78793126,-0.41532964
sib_lin_95,0.78793126,-0.41532964
sib_lin_96,0.78793126,-0.41532964
sib_lin_97,0.78793126,-0.41532964
sib_lin_98,0.78793126,-0.41532964
sib_lin_99,0.78793126,-0.41532964
sib_lug_0,0.5506254,0.8343338
sib_lug_1,0.7096046,0.10541948
sib_lug_10,0.7096046,0.10541948
sib_lug_100,0.78793126,-0.41532964
sib_lug_101,0.78793126,-0.41532964
sib_lug_102,0.78793126,-0.41532964
sib_lug_103,0.78793126,-0.41532964
sib_lug_104,0.78793126,-0.41532964
sib_lug_105,0.706751,0.10293185
sib_lug_106,0.78793126,-0.41532964
sib_lug_107,0.706751,0.10293185
sib_lug_108,0.78793126,-0.41532964
sib_lug_109,0.706751,0.10293185
sib_lug_11,0.78793126,-0.41532964
sib_lug_110,0.78793126,-0.41532964
sib_lug_111,0.78793126,-0.41532964
sib_lug_112,0.78793126,-0.41532964
sib_lug_113,0.78793126,-0.41532964
sib_lug_114,0.78793126,-0.41532964
sib_lug_115,0.7096046,0.10541948
sib_lug_116,0.78793126,-0.41532964
sib_lug_117,0.78793126,-0.41532964
sib_lug_118,0.78793126,-0.41532964
sib_lug_119,0.78793126,-0.41532964
sib_lug_12,0.78793126,-0.41532964
sib_lug_120,0.78793126,-0.41532964
sib_lug_121,0.78793126,-0.41532964
sib_lug_122,0.78793126,-0.41532964
sib_lug_123,0.78793126,-0.41532964
sib_lug_124,0.67854804,0.5783185
sib_lug_125,0.78793126,-0.41532964
sib_lug_126,0.6303697,0.97473395
sib_lug_127,0.78793126,-0.41532964
sib_lug_128,0.78793126,-0.41532964
sib_lug_129,0.78793126,-0.41532964
sib_lug_13,0.6261891,0.03364378
sib_lug_130,0.78793126,-0.41532964
sib_lug_131,0.5777624,1.3110049
sib_lug_132,0.78793126,-0.41532964
sib_lug_133,0.78793126,-0.41532964
sib_lug_134,0.78793126,-0.41532964
sib_lug_135,0.78793126,-0.41532964
sib_lug_136,0.78793126,-0.41532964
sib_lug_137,0.6320151,0.03857096
sib_lug_138,0.78793126,-0.41532964
sib_lug_139,0.5848147,1.3261219
sib_lug_14,0.78793126,-0.41532964
sib_lug_140,0.78793126,-0.41532964
sib_lug_141,0.78793126,-0.41532964
sib_lug_142,0.78793126,-0.41532964
sib_lug_143,0.78793126,-0.41532964
sib_lug_144,0.67854804,0.5783185
sib_lug_145,0.56108177,1.6892787
sib_lug_146,0.78793126,-0.41532964
sib_lug_147,0.78793126,-0.41532964
sib_lug_148,0.5581102,0.8478007
sib_lug_149,0.706751,0.10293185
sib_lug_15,0.6250029,0.50746787
sib_lug_150,0.78793126,-0.41532964
sib_lug_151,0.67854804,0.5783185
sib_lug_152,0.6274433,0.51071554
sib_lug_153,0.7096046,0.10541948
sib_lug_154,0.7096046,0.10541948
sib_lug_155,0.49763015,0.73766416
sib_lug_156,0.78793126,-0.41532964
sib_lug_157,0.5093866,1.1586474
sib_lug_158,0.78793126,-0.41532964
sib_lug_159,0.6303697,0.97473395
sib_lug_16,0.78793126,-0.41532964
sib_lug_160,0.7096046,0.10541948
sib_lug_161,0.78793126,-0.41532964
sib_lug_162,0.78793126,-0.41532964
sib_lug_163,0.53761923,0.39087477
sib_lug_164,0.7096046,0.10541948
sib_lug_165,0.6566825,0.059603743
sib_lug_166,0.7096046,0.10541948
sib_lug_167,0.78793126,-0.41532964
sib_lug_168,0.706751,0.10293185
sib_lug_169,0.78793126,-0.41532964
sib_lug_17,0.78793126,-0.41532964
sib_lug_170,0.67854804,0.5783185
sib_lug_171,0.53015816,0.7972537
sib_lug_172,0.78793126,-0.41532964
sib_lug_173,0.5777624,1.3110049
sib_lug_174,0.67854804,0.5783185
sib_lug_175,0.78793126,-0.41532964
sib_lug_176,0.6303697,0.97473395
sib_lug_177,0.6303697,0.97473395
sib_lug_178,0.5848147,1.3261219
sib_lug_179,0.56108177,1.6892787
sib_lug_18,0.78793126,-0.41532964
sib_lug_180,0.67854804,0.5783185
sib_lug_181,0.5848147,1.3261219
sib_lug_182,0.56108177,1.6892787
sib_lug_183,0.78793126,-0.41532964
sib_lug_184,0.5848147,1.3261219
sib_lug_185,0.7096046,0.10541948
sib_lug_186,0.78793126,-0.41532964
sib_lug_187,0.53201306,0.8006286
sib_lug_188,0.55150425,1.2537094
sib_lug_189,0.78793126,-0.41532964
sib_lug_19,0.6250029,0.50746787
sib_lug_190,0.7096046,0.10541948
sib_lug_191,0.55150425,1.2537094
sib_lug_192,0.56108177,1.6892787
sib_lug_193,0.7096046,0.10541948
sib_lug_194,0.78793126,-0.41532964
sib_lug_195,0.6020191,0.92564845
sib_lug_196,0.78793126,-0.41532964
sib_lug_197,0.78793126,-0.41532964
sib_lug_198,0.78793126,-0.41532964
sib_lug_199,0.53201306,0.8006286
sib_lug_2,0.78793126,-0.41532964
sib_lug_20,0.78793126,-0.41532964
sib_lug_200,0.55150425,1.2537094
sib_lug_201,0.6261891,0.03364378
sib_lug_202,0.53201306,0.8006286
sib_lug_203,0.67854804,0.5783185
sib_lug_21,0.78793126,-0.41532964
sib_lug_22,0.78793126,-0.41532964
sib_lug_23,0.51128685,1.1630158
sib_lug_24,0.78793126,-0.41532964
sib_lug_25,0.78793126,-0.41532964
sib_lug_26,0.78793126,-0.41532964
sib_lug_27,0.78793126,-0.41532964
sib_lug_28,0.78793126,-0.41532964
sib_lug_29,0.78793126,-0.41532964
sib_lug_3,0.78793126,-0.41532964
sib_lug_30,0.78793126,-0.41532964
sib_lug_31,0.78793126,-0.41532964
sib_lug_32,0.6261891,0.03364378
sib_lug_33,0.78793126,-0.41532964
sib_lug_34,0.67854804,0.5783185
sib_lug_35,0.78793126,-0.41532964
sib_lug_36,0.706751,0.10293185
sib_lug_37,0.706751,0.10293185
sib_lug_38,0.78793126,-0.41532964
sib_lug_39,0.78793126,-0.41532964
sib_lug_4,0.78793126,-0.41532964
sib_lug_40,0.78793126,-0.41532964
sib_lug_41,0.706751,0.10293185
sib_lug_42,0.5506254,0.8343338
sib_lug_43,0.78793126,-0.41532964
sib_lug_44,0.78793126,-0.41532964
sib_lug_45,0.6250029,0.50746787
sib_lug_46,0.7096046,0.10541948
sib_lug_47,0.706751,0.10293185
sib_lug_48,0.78793126,-0.41532964
sib_lug_49,0.6566825,0.059603743
sib_lug_5,0.6250029,0.50746787
sib_lug_50,0.78793126,-0.41532964
sib_lug_51,0.7096046,0.10541948
sib_lug_52,0.7096046,0.10541948
sib_lug_53,0.56108177,1.6892787
sib_lug_54,0.67854804,0.5783185
sib_lug_55,0.67854804,0.5783185
sib_lug_56,0.67854804,0.5783185
sib_lug_57,0.53201306,0.8006286
sib_lug_58,0.67854804,0.5783185
sib_lug_59,0.706751,0.10293185
sib_lug_6,0.706751,0.10293185
sib_lug_60,0.78793126,-0.41532964
sib_lug_61,0.7096046,0.10541948
sib_lug_62,0.6303697,0.97473395
sib_lug_63,0.5848147,1.3261219
sib_lug_64,0.7096046,0.10541948
sib_lug_65,0.7096046,0.10541948
sib_lug_66,0.67854804,0.5783185
sib_lug_67,0.78793126,-0.41532964
sib_lug_68,0.6261891,0.03364378
sib_lug_69,0.7096046,0.10541948
sib_lug_7,0.78793126,-0.41532964
sib_lug_70,0.67854804,0.5783185
sib_lug_71,0.5848147,1.3261219
sib_lug_72,0.67854804,0.5783185
sib_lug_73,0.5848147,1.3261219
sib_lug_74,0.5777624,1.3110049
sib_lug_75,0.56108177,1.6892787
sib_lug_76,0.7096046,0.10541948
sib_lug_77,0.78793126,-0.41532964
sib_lug_78,0.67854804,0.5783185
sib_lug_79,0.6274433,0.51071554
sib_lug_8,0.78793126,-0.41532964
sib_lug_80,0.6274433,0.51071554
sib_lug_81,0.67854804,0.5783185
sib_lug_82,0.56108177,1.6892787
sib_lug_83,0.78793126,-0.41532964
sib_lug_84,0.6566825,0.059603743
sib_lug_85,0.67854804,0.5783185
sib_lug_86,0.6303697,0.97473395
sib_lug_87,0.7096046,0.10541948
sib_lug_88,0.7096046,0.10541948
sib_lug_89,0.706751,0.10293185
sib_lug_9,0.78793126,-0.41532964
sib_lug_90,0.67854804,0.5783185
sib_lug_91,0.78793126,-0.41532964
sib_lug_92,0.56108177,1.6892787
sib_lug_93,0.78793126,-0.41532964
sib_lug_94,0.78793126,-0.41532964
sib_lug_95,0.78793126,-0.41532964
sib_lug_96,0.78793126,-0.41532964
sib_lug_97,0.78793126,-0.41532964
sib_lug_98,0.78793126,-0.41532964
sib_lug_99,0.78793126,-0.41532964
sib_orm_0,0.67854804,0.5783185
sib_orm_1,0.706751,0.10293185
sib_orm_10,0.78793126,-0.41532964
sib_orm_100,0.78793126,-0.41532964
sib_orm_101,0.78793126,-0.41532964
sib_orm_102,0.78793126,-0.41532964
sib_orm_103,0.78793126,-0.41532964
sib_orm_104,0.78793126,-0.41532964
sib_orm_105,0.78793126,-0.41532964
sib_orm_106,0.78793126,-0.41532964
sib_orm_107,0.78793126,-0.41532964
sib_orm_108,0.78793126,-0.41532964
sib_orm_109,0.78793126,-0.41532964
sib_orm_11,0.78793126,-0.41532964
sib_orm_110,0.78793126,-0.41532964
sib_orm_111,0.78793126,-0.41532964
sib_orm_112,0.78793126,-0.41532964
sib_orm_113,0.78793126,-0.41532964
sib_orm_114,0.78793126,-0.41532964
sib_orm_115,0.78793126,-0.41532964
sib_orm_116,0.78793126,-0.41532964
sib_orm_117,0.78793126,-0.41532964
sib_orm_118,0.78793126,-0.41532964
sib_orm_119,0.78793126,-0.41532964
sib_orm_12,0.78793126,-0.41532964
sib_orm_120,0.78793126,-0.41532964
sib_orm_121,0.78793126,-0.41532964
sib_orm_122,0.78793126,-0.41532964
sib_orm_123,0.78793126,-0.41532964
sib_orm_124,0.78793126,-0.41532964
sib_orm_125,0.78793126,-0.41532964
sib_orm_126,0.5947198,0.46707988
sib_orm_127,0.78793126,-0.41532964
sib_orm_128,0.78793126,-0.41532964
sib_orm_129,0.78793126,-0.41532964
sib_orm_13,0.78793126,-0.41532964
sib_orm_130,0.706751,0.10293185
sib_orm_131,0.6261891,0.03364378
sib_orm_132,0.78793126,-0.41532964
sib_orm_133,0.78793126,-0.41532964
sib_orm_134,0.706751,0.10293185
sib_orm_135,0.78793126,-0.41532964
sib_orm_136,0.78793126,-0.41532964
sib_orm_137,0.6303697,0.97473395
sib_orm_138,0.78793126,-0.41532964
sib_orm_139,0.6303697,0.97473395
sib_orm_14,0.706751,0.10293185
sib_orm_140,0.78793126,-0.41532964
sib_orm_141,0.78793126,-0.41532964
sib_orm_142,0.78793126,-0.41532964
sib_orm_143,0.78793126,-0.41532964
sib_orm_144,0.5526637,0.8380064
sib_orm_145,0.67854804,0.5783185
sib_orm_146,0.78793126,-0.41532964
sib_orm_147,0.7096046,0.10541948
sib_orm_148,0.67854804,0.5783185
sib_orm_149,0.7096046,0.10541948
sib_orm_15,0.78793126,-0.41532964
sib_orm_150,0.78793126,-0.41532964
sib_orm_151,0.78793126,-0.41532964
sib_orm_152,0.5526637,0.8380064
sib_orm_153,0.7096046,0.10541948
sib_orm_154,0.7096046,0.10541948
sib_orm_155,0.56108177,1.6892787
sib_orm_156,0.78793126,-0.41532964
sib_orm_157,0.5581102,0.8478007
sib_orm_158,0.78793126,-0.41532964
sib_orm_159,0.6303697,0.97473395
sib_orm_16,0.78793126,-0.41532964
sib_orm_160,0.78793126,-0.41532964
sib_orm_161,0.53201306,0.8006286
sib_orm_162,0.78793126,-0.41532964
sib_orm_163,0.51128685,1.1630158
sib_orm_164,0.78793126,-0.41532964
sib_orm_165,0.78793126,-0.41532964
sib_orm_166,0.78793126,-0.41532964
sib_orm_167,0.7096046,0.10541948
sib_orm_168,0.706751,0.10293185
sib_orm_169,0.78793126,-0.41532964
sib_orm_17,0.78793126,-0.41532964
sib_orm_170,0.78793126,-0.41532964
sib_orm_171,0.53015816,0.7972537
sib_orm_172,0.7096046,0.10541948
sib_orm_173,0.6303697,0.97473395
sib_orm_174,0.706751,0.10293185
sib_orm_175,0.78793126,-0.41532964
sib_orm_176,0.67854804,0.5783185
sib_orm_177,0.6303697,0.97473395
sib_orm_178,0.6004754,0.47476533
sib_orm_179,0.56108177,1.6892787
sib_orm_18,0.7096046,0.10541948
sib_orm_180,0.5777624,1.3110049
sib_orm_181,0.56108177,1.6892787
sib_orm_182,0.5848147,1.3261219
sib_orm_183,0.6303697,0.97473395
sib_orm_184,0.5848147,1.3261219
sib_orm_185,0.67854804,0.5783185
sib_orm_186,0.78793126,-0.41532964
sib_orm_187,0.6320151,0.03857096
sib_orm_188,0.6303697,0.97473395
sib_orm_189,0.78793126,-0.41532964
sib_orm_19,0.6250029,0.50746787
sib_orm_190,0.78793126,-0.41532964
sib_orm_191,0.5947198,0.46707988
sib_orm_192,0.56108177,1.6892787
sib_orm_193,0.7096046,0.10541948
sib_orm_194,0.67854804,0.5783185
sib_orm_195,0.55150425,1.2537094
sib_orm_196,0.78793126,-0.41532964
sib_orm_197,0.706751,0.10293185
sib_orm_198,0.78793126,-0.41532964
sib_orm_199,0.53201306,0.8006286
sib_orm_2,0.78793126,-0.41532964
sib_orm_20,0.706751,0.10293185
sib_orm_200,0.67854804,0.5783185
sib_orm_201,0.67854804,0.5783185
sib_orm_202,0.51128685,1.1630158
sib_orm_203,0.78793126,-0.41532964
sib_orm_21,0.78793126,-0.41532964
sib_orm_22,0.78793126,-0.41532964
sib_orm_23,0.67854804,0.5783185
sib_orm_24,0.706751,0.10293185
sib_orm_25,0.706751,0.10293185
sib_orm_26,0.78793126,-0.41532964
sib_orm_27,0.78793126,-0.41532964
sib_orm_28,0.67854804,0.5783185
sib_orm_29,0.78793126,-0.41532964
sib_orm_3,0.78793126,-0.41532964
sib_orm_30,0.7096046,0.10541948
sib_orm_31,0.78793126,-0.41532964
sib_orm_32,0.53761923,0.39087477
sib_orm_33,0.78793126,-0.41532964
sib_orm_34,0.78793126,-0.41532964
sib_orm_35,0.78793126,-0.41532964
sib_orm_36,0.706751,0.10293185
sib_orm_37,0.7096046,0.10541948
sib_orm_38,0.7096046,0.10541948
sib_orm_39,0.78793126,-0.41532964
sib_orm_4,0.78793126,-0.41532964
sib_orm_40,0.706751,0.10293185
sib_orm_41,0.67854804,0.5783185
sib_orm_42,0.78793126,-0.41532964
sib_orm_43,0.706751,0.10293185
sib_orm_44,0.78793126,-0.41532964
sib_orm_45,0.67854804,0.5783185
sib_orm_46,0.6274433,0.51071554
sib_orm_47,0.78793126,-0.41532964
sib_orm_48,0.78793126,-0.41532964
sib_orm_49,0.78793126,-0.41532964
sib_orm_5,0.5777624,1.3110049
sib_orm_50,0.78793126,-0.41532964
sib_orm_51,0.67854804,0.5783185
sib_orm_52,0.706751,0.10293185
sib_orm_53,0.5848147,1.3261219
sib_orm_54,0.6261891,0.03364378
sib_orm_55,0.67854804,0.5783185
sib_orm_56,0.706751,0.10293185
sib_orm_57,0.55150425,1.2537094
sib_orm_58,0.67854804,0.5783185
sib_orm_59,0.706751,0.10293185
sib_orm_6,0.5093866,1.1586474
sib_orm_60,0.56108177,1.6892787
sib_orm_61,0.6303697,0.97473395
sib_orm_62,0.6250029,0.50746787
sib_orm_63,0.6303697,0.97473395
sib_orm_64,0.706751,0.10293185
sib_orm_65,0.6303697,0.97473395
sib_orm_66,0.706751,0.10293185
sib_orm_67,0.78793126,-0.41532964
sib_orm_68,0.6303697,0.97473395
sib_orm_69,0.706751,0.10293185
sib_orm_7,0.706751,0.10293185
sib_orm_70,0.67854804,0.5783185
sib_orm_71,0.67854804,0.5783185
sib_orm_72,0.67854804,0.5783185
sib_orm_73,0.67854804,0.5783185
sib_orm_74,0.5947198,0.46707988
sib_orm_75,0.56108177,1.6892787
sib_orm_76,0.67854804,0.5783185
sib_orm_77,0.78793126,-0.41532964
sib_orm_78,0.706751,0.10293185
sib_orm_79,0.78793126,-0.41532964
sib_orm_8,0.78793126,-0.41532964
sib_orm_80,0.67854804,0.5783185
sib_orm_81,0.6303697,0.97473395
sib_orm_82,0.67854804,0.5783185
sib_orm_83,0.67854804,0.5783185
sib_orm_84,0.67854804,0.5783185
sib_orm_85,0.706751,0.10293185
sib_orm_86,0.67854804,0.5783185
sib_orm_87,0.78793126,-0.41532964
sib_orm_88,0.67854804,0.5783185
sib_orm_89,0.67854804,0.5783185
sib_orm_9,0.67854804,0.5783185
sib_orm_90,0.67854804,0.5783185
sib_orm_91,0.78793126,-0.41532964
sib_orm_92,0.5560217,0.8440483
sib_orm_93,0.78793126,-0.41532964
sib_orm_94,0.78793126,-0.41532964
sib_orm_95,0.78793126,-0.41532964
sib_orm_96,0.78793126,-0.41532964
sib_orm_97,0.78793126,-0.41532964
sib_orm_98,0.78793126,-0.41532964
sib_orm_99,0.78793126,-0.41532964
sib_sna_0,0.78793126,-0.41532964
sib_sna_1,0.78793126,-0.41532964
sib_sna_10,0.78793126,-0.41532964
sib_sna_100,0.78793126,-0.41532964
sib_sna_101,0.78793126,-0.41532964
sib_sna_102,0.78793126,-0.41532964
sib_sna_103,0.78793126,-0.41532964
sib_sna_104,0.7096046,0.10541948
sib_sna_105,0.78793126,-0.41532964
sib_sna_106,0.78793126,-0.41532964
sib_sna_107,0.78793126,-0.41532964
sib_sna_108,0.78793126,-0.41532964
sib_sna_109,0.6250029,0.50746787
sib_sna_11,0.78793126,-0.41532964
sib_sna_110,0.78793126,-0.41532964
sib_sna_111,0.78793126,-0.41532964
sib_sna_112,0.78793126,-0.41532964
sib_sna_113,0.78793126,-0.41532964
sib_sna_114,0.78793126,-0.41532964
sib_sna_115,0.78793126,-0.41532964
sib_sna_116,0.78793126,-0.41532964
sib_sna_117,0.78793126,-0.41532964
sib_sna_118,0.78793126,-0.41532964
sib_sna_119,0.78793126,-0.41532964
sib_sna_12,0.6250029,0.50746787
sib_sna_120,0.706751,0.10293185
sib_sna_121,0.78793126,-0.41532964
sib_sna_122,0.78793126,-0.41532964
sib_sna_123,0.78793126,-0.41532964
sib_sna_124,0.706751,0.10293185
sib_sna_125,0.78793126,-0.41532964
sib_sna_126,0.6250029,0.50746787
sib_sna_127,0.78793126,-0.41532964
sib_sna_128,0.7096046,0.10541948
sib_sna_129,0.78793126,-0.41532964
sib_sna_13,0.6261891,0.03364378
sib_sna_130,0.78793126,-0.41532964
sib_sna_131,0.6303697,0.97473395
sib_sna_132,0.78793126,-0.41532964
sib_sna_133,0.78793126,-0.41532964
sib_sna_134,0.78793126,-0.41532964
sib_sna_135,0.78793126,-0.41532964
sib_sna_136,0.78793126,-0.41532964
sib_sna_137,0.7096046,0.10541948
sib_sna_138,0.78793126,-0.41532964
sib_sna_139,0.6303697,0.97473395
sib_sna_14,0.78793126,-0.41532964
sib_sna_140,0.78793126,-0.41532964
sib_sna_141,0.78793126,-0.41532964
sib_sna_142,0.78793126,-0.41532964
sib_sna_143,0.78793126,-0.41532964
sib_sna_144,0.55150425,1.2537094
sib_sna_145,0.706751,0.10293185
sib_sna_146,0.78793126,-0.41532964
sib_sna_147,0.78793126,-0.41532964
sib_sna_148,0.56108177,1.6892787
sib_sna_149,0.78793126,-0.41532964
sib_sna_15,0.78793126,-0.41532964
sib_sna_150,0.7096046,0.10541948
sib_sna_151,0.78793126,-0.41532964
sib_sna_152,0.78793126,-0.41532964
sib_sna_153,0.7096046,0.10541948
sib_sna_154,0.78793126,-0.41532964
sib_sna_155,0.56108177,1.6892787
sib_sna_156,0.78793126,-0.41532964
sib_sna_157,0.6320151,0.03857096
sib_sna_158,0.78793126,-0.41532964
sib_sna_159,0.6303697,0.97473395
sib_sna_16,0.78793126,-0.41532964
sib_sna_160,0.6026998,0.47773477
sib_sna_161,0.78793126,-0.41532964
sib_sna_162,0.78793126,-0.41532964
sib_sna_163,0.56108177,1.6892787
sib_sna_164,0.78793126,-0.41532964
sib_sna_165,0.6320151,0.03857096
sib_sna_166,0.78793126,-0.41532964
sib_sna_167,0.78793126,-0.41532964
sib_sna_168,0.7096046,0.10541948
sib_sna_169,0.78793126,-0.41532964
sib_sna_17,0.78793126,-0.41532964
sib_sna_170,0.78793126,-0.41532964
sib_sna_171,0.55150425,1.2537094
sib_sna_172,0.6320151,0.03857096
sib_sna_173,0.67854804,0.5783185
sib_sna_174,0.5093866,1.1586474
sib_sna_175,0.78793126,-0.41532964
sib_sna_176,0.67854804,0.5783185
sib_sna_177,0.6303697,0.97473395
sib_sna_178,0.56108177,1.6892787
sib_sna_179,0.56108177,1.6892787
sib_sna_18,0.6566825,0.059603743
sib_sna_180,0.56108177,1.6892787
sib_sna_181,0.6303697,0.97473395
sib_sna_182,0.56108177,1.6892787
sib_sna_183,0.78793126,-0.41532964
sib_sna_184,0.5848147,1.3261219
sib_sna_185,0.7096046,0.10541948
sib_sna_186,0.78793126,-0.41532964
sib_sna_187,0.49763015,0.73766416
sib_sna_188,0.6320151,0.03857096
sib_sna_189,0.78793126,-0.41532964
sib_sna_19,0.6566825,0.059603743
sib_sna_190,0.78793126,-0.41532964
sib_sna_191,0.78793126,-0.41532964
sib_sna_192,0.56108177,1.6892787
sib_sna_193,0.78793126,-0.41532964
sib_sna_194,0.706751,0.10293185
sib_sna_195,0.59689516,0.46998495
sib_sna_196,0.78793126,-0.41532964
sib_sna_197,0.7096046,0.10541948
sib_sna_198,0.78793126,-0.41532964
sib_sna_199,0.6303697,0.97473395
sib_sna_2,0.78793126,-0.41532964
sib_sna_20,0.78793126,-0.41532964
sib_sna_200,0.59545404,0.9141437
sib_sna_201,0.7096046,0.10541948
sib_sna_202,0.55150425,1.2537094
sib_sna_203,0.78793126,-0.41532964
sib_sna_21,0.78793126,-0.41532964
sib_sna_22,0.78793126,-0.41532964
sib_sna_23,0.5848147,1.3261219
sib_sna_24,0.78793126,-0.41532964
sib_sna_25,0.78793126,-0.41532964
sib_sna_26,0.78793126,-0.41532964
sib_sna_27,0.6250029,0.50746787
sib_sna_28,0.78793126,-0.41532964
sib_sna_29,0.78793126,-0.41532964
sib_sna_3,0.78793126,-0.41532964
sib_sna_30,0.7096046,0.10541948
sib_sna_31,0.78793126,-0.41532964
sib_sna_32,0.49763015,0.73766416
sib_sna_33,0.78793126,-0.41532964
sib_sna_34,0.78793126,-0.41532964
sib_sna_35,0.78793126,-0.41532964
sib_sna_36,0.78793126,-0.41532964
sib_sna_37,0.78793126,-0.41532964
sib_sna_38,0.78793126,-0.41532964
sib_sna_39,0.78793126,-0.41532964
sib_sna_4,0.78793126,-0.41532964
sib_sna_40,0.78793126,-0.41532964
sib_sna_41,0.78793126,-0.41532964
sib_sna_42,0.78793126,-0.41532964
sib_sna_43,0.78793126,-0.41532964
sib_sna_44,0.78793126,-0.41532964
sib_sna_45,0.706751,0.10293185
sib_sna_46,0.6274433,0.51071554
sib_sna_47,0.78793126,-0.41532964
sib_sna_48,0.78793126,-0.41532964
sib_sna_49,0.78793126,-0.41532964
sib_sna_5,0.7096046,0.10541948
sib_sna_50,0.78793126,-0.41532964
sib_sna_51,0.78793126,-0.41532964
sib_sna_52,0.78793126,-0.41532964
sib_sna_53,0.56108177,1.6892787
sib_sna_54,0.78793126,-0.41532964
sib_sna_55,0.67854804,0.5783185
sib_sna_56,0.78793126,-0.41532964
sib_sna_57,0.56108177,1.6892787
sib_sna_58,0.6303697,0.97473395
sib_sna_59,0.78793126,-0.41532964
sib_sna_6,0.706751,0.10293185
sib_sna_60,0.78793126,-0.41532964
sib_sna_61,0.7096046,0.10541948
sib_sna_62,0.6303697,0.97473395
sib_sna_63,0.5777624,1.3110049
sib_sna_64,0.78793126,-0.41532964
sib_sna_65,0.78793126,-0.41532964
sib_sna_66,0.78793126,-0.41532964
sib_sna_67,0.78793126,-0.41532964
sib_sna_68,0.78793126,-0.41532964
sib_sna_69,0.7096046,0.10541948
sib_sna_7,0.6566825,0.059603743
sib_sna_70,0.7096046,0.10541948
sib_sna_71,0.6303697,0.97473395
sib_sna_72,0.67854804,0.5783185
sib_sna_73,0.7096046,0.10541948
sib_sna_74,0.78793126,-0.41532964
sib_sna_75,0.56108177,1.6892787
sib_sna_76,0.78793126,-0.41532964
sib_sna_77,0.78793126,-0.41532964
sib_sna_78,0.78793126,-0.41532964
sib_sna_79,0.78793126,-0.41532964
sib_sna_8,0.78793126,-0.41532964
sib_sna_80,0.7096046,0.10541948
sib_sna_81,0.78793126,-0.41532964
sib_sna_82,0.5777624,1.3110049
sib_sna_83,0.67854804,0.5783185
sib_sna_84,0.7096046,0.10541948
sib_sna_85,0.706751,0.10293185
sib_sna_86,0.78793126,-0.41532964
sib_sna_87,0.7096046,0.10541948
sib_sna_88,0.67854804,0.5783185
sib_sna_89,0.7096046,0.10541948
sib_sna_9,0.78793126,-0.41532964
sib_sna_90,0.67854804,0.5783185
sib_sna_91,0.78793126,-0.41532964
sib_sna_92,0.56108177,1.6892787
sib_sna_93,0.78793126,-0.41532964
sib_sna_94,0.78793126,-0.41532964
sib_sna_95,0.78793126,-0.41532964
sib_sna_96,0.78793126,-0.41532964
sib_sna_97,0.78793126,-0.41532964
sib_sna_98,0.78793126,-0.41532964
sib_sna_99,0.78793126,-0.41532964
sib_sot_0,0.78793126,-0.41532964
sib_sot_1,0.78793126,-0.41532964
sib_sot_10,0.78793126,-0.41532964
sib_sot_100,0.78793126,-0.41532964
sib_sot_101,0.78793126,-0.41532964
sib_sot_102,0.78793126,-0.41532964
sib_sot_103,0.78793126,-0.41532964
sib_sot_104,0.78793126,-0.41532964
sib_sot_105,0.78793126,-0.41532964
sib_sot_106,0.78793126,-0.41532964
sib_sot_107,0.78793126,-0.41532964
sib_sot_108,0.78793126,-0.41532964
sib_sot_109,0.706751,0.10293185
sib_sot_11,0.78793126,-0.41532964
sib_sot_110,0.78793126,-0.41532964
sib_sot_111,0.78793126,-0.41532964
sib_sot_112,0.78793126,-0.41532964
sib_sot_113,0.78793126,-0.41532964
sib_sot_114,0.78793126,-0.41532964
sib_sot_115,0.78793126,-0.41532964
sib_sot_116,0.78793126,-0.41532964
sib_sot_117,0.78793126,-0.41532964
sib_sot_118,0.78793126,-0.41532964
sib_sot_119,0.78793126,-0.41532964
sib_sot_12,0.78793126,-0.41532964
sib_sot_120,0.706751,0.10293185
sib_sot_121,0.78793126,-0.41532964
sib_sot_122,0.78793126,-0.41532964
sib_sot_123,0.78793126,-0.41532964
sib_sot_124,0.78793126,-0.41532964
sib_sot_125,0.78793126,-0.41532964
sib_sot_126,0.67854804,0.5783185
sib_sot_127,0.78793126,-0.41532964
sib_sot_128,0.78793126,-0.41532964
sib_sot_129,0.78793126,-0.41532964
sib_sot_13,0.78793126,-0.41532964
sib_sot_130,0.706751,0.10293185
sib_sot_131,0.6303697,0.97473395
sib_sot_132,0.78793126,-0.41532964
sib_sot_133,0.78793126,-0.41532964
sib_sot_134,0.78793126,-0.41532964
sib_sot_135,0.78793126,-0.41532964
sib_sot_136,0.78793126,-0.41532964
sib_sot_137,0.6303697,0.97473395
sib_sot_138,0.67854804,0.5783185
sib_sot_139,0.6250029,0.50746787
sib_sot_14,0.78793126,-0.41532964
sib_sot_140,0.78793126,-0.41532964
sib_sot_141,0.78793126,-0.41532964
sib_sot_142,0.67854804,0.5783185
sib_sot_143,0.78793126,-0.41532964
sib_sot_144,0.6303697,0.97473395
sib_sot_145,0.706751,0.10293185
sib_sot_146,0.78793126,-0.41532964
sib_sot_147,0.78793126,-0.41532964
sib_sot_148,0.7096046,0.10541948
sib_sot_149,0.6320151,0.03857096
sib_sot_15,0.706751,0.10293185
sib_sot_150,0.78793126,-0.41532964
sib_sot_151,0.78793126,-0.41532964
sib_sot_152,0.78793126,-0.41532964
sib_sot_153,0.67854804,0.5783185
sib_sot_154,0.7096046,0.10541948
sib_sot_155,0.51128685,1.1630158
sib_sot_156,0.78793126,-0.41532964
sib_sot_157,0.5093866,1.1586474
sib_sot_158,0.78793126,-0.41532964
sib_sot_159,0.6303697,0.97473395
sib_sot_16,0.6566825,0.059603743
sib_sot_160,0.6320151,0.03857096
sib_sot_161,0.78793126,-0.41532964
sib_sot_162,0.78793126,-0.41532964
sib_sot_163,0.5093866,1.1586474
sib_sot_164,0.78793126,-0.41532964
sib_sot_165,0.59689516,0.46998495
sib_sot_166,0.78793126,-0.41532964
sib_sot_167,0.78793126,-0.41532964
sib_sot_168,0.706751,0.10293185
sib_sot_169,0.78793126,-0.41532964
sib_sot_17,0.78793126,-0.41532964
sib_sot_170,0.7096046,0.10541948
sib_sot_171,0.56108177,1.6892787
sib_sot_172,0.7096046,0.10541948
sib_sot_173,0.7096046,0.10541948
sib_sot_174,0.6020191,0.92564845
sib_sot_175,0.78793126,-0.41532964
sib_sot_176,0.7096046,0.10541948
sib_sot_177,0.6303697,0.97473395
sib_sot_178,0.51128685,1.1630158
sib_sot_179,0.56108177,1.6892787
sib_sot_18,0.7096046,0.10541948
sib_sot_180,0.51128685,1.1630158
sib_sot_181,0.5506254,0.8343338
sib_sot_182,0.6026998,0.47773477
sib_sot_183,0.78793126,-0.41532964
sib_sot_184,0.56108177,1.6892787
sib_sot_185,0.78793126,-0.41532964
sib_sot_186,0.78793126,-0.41532964
sib_sot_187,0.53761923,0.39087477
sib_sot_188,0.6566825,0.059603743
sib_sot_189,0.78793126,-0.41532964
sib_sot_19,0.6303697,0.97473395
sib_sot_190,0.7096046,0.10541948
sib_sot_191,0.6261891,0.03364378
sib_sot_192,0.56108177,1.6892787
sib_sot_193,0.6320151,0.03857096
sib_sot_194,0.67854804,0.5783185
sib_sot_195,0.6026998,0.47773477
sib_sot_196,0.78793126,-0.41532964
sib_sot_197,0.78793126,-0.41532964
sib_sot_198,0.78793126,-0.41532964
sib_sot_199,0.67854804,0.5783185
sib_sot_2,0.78793126,-0.41532964
sib_sot_20,0.78793126,-0.41532964
sib_sot_200,0.55150425,1.2537094
sib_sot_201,0.7096046,0.10541948
sib_sot_202,0.56108177,1.6892787
sib_sot_203,0.78793126,-0.41532964
sib_sot_21,0.78793126,-0.41532964
sib_sot_22,0.78793126,-0.41532964
sib_sot_23,0.78793126,-0.41532964
sib_sot_24,0.78793126,-0.41532964
sib_sot_25,0.78793126,-0.41532964
sib_sot_26,0.78793126,-0.41532964
sib_sot_27,0.78793126,-0.41532964
sib_sot_28,0.78793126,-0.41532964
sib_sot_29,0.78793126,-0.41532964
sib_sot_3,0.78793126,-0.41532964
sib_sot_30,0.78793126,-0.41532964
sib_sot_31,0.78793126,-0.41532964
sib_sot_32,0.5565002,0.41603404
sib_sot_33,0.78793126,-0.41532964
sib_sot_34,0.78793126,-0.41532964
sib_sot_35,0.78793126,-0.41532964
sib_sot_36,0.78793126,-0.41532964
sib_sot_37,0.67854804,0.5783185
sib_sot_38,0.78793126,-0.41532964
sib_sot_39,0.78793126,-0.41532964
sib_sot_4,0.78793126,-0.41532964
sib_sot_40,0.78793126,-0.41532964
sib_sot_41,0.78793126,-0.41532964
sib_sot_42,0.78793126,-0.41532964
sib_sot_43,0.78793126,-0.41532964
sib_sot_44,0.78793126,-0.41532964
sib_sot_45,0.6303697,0.97473395
sib_sot_46,0.78793126,-0.41532964
sib_sot_47,0.78793126,-0.41532964
sib_sot_48,0.78793126,-0.41532964
sib_sot_49,0.78793126,-0.41532964
sib_sot_5,0.6303697,0.97473395
sib_sot_50,0.78793126,-0.41532964
sib_sot_51,0.78793126,-0.41532964
sib_sot_52,0.706751,0.10293185
sib_sot_53,0.5560217,0.8440483
sib_sot_54,0.6566825,0.059603743
sib_sot_55,0.706751,0.10293185
sib_sot_56,0.78793126,-0.41532964
sib_sot_57,0.56108177,1.6892787
sib_sot_58,0.7096046,0.10541948
sib_sot_59,0.78793126,-0.41532964
sib_sot_6,0.78793126,-0.41532964
sib_sot_60,0.78793126,-0.41532964
sib_sot_61,0.67854804,0.5783185
sib_sot_62,0.6250029,0.50746787
sib_sot_63,0.6303697,0.97473395
sib_sot_64,0.78793126,-0.41532964
sib_sot_65,0.5777624,1.3110049
sib_sot_66,0.78793126,-0.41532964
sib_sot_67,0.78793126,-0.41532964
sib_sot_68,0.78793126,-0.41532964
sib_sot_69,0.78793126,-0.41532964
sib_sot_7,0.67854804,0.5783185
sib_sot_70,0.67854804,0.5783185
sib_sot_71,0.6303697,0.97473395
sib_sot_72,0.67854804,0.5783185
sib_sot_73,0.67854804,0.5783185
sib_sot_74,0.6303697,0.97473395
sib_sot_75,0.56108177,1.6892787
sib_sot_76,0.706751,0.10293185
sib_sot_77,0.78793126,-0.41532964
sib_sot_78,0.5565002,0.41603404
sib_sot_79,0.67854804,0.5783185
sib_sot_8,0.78793126,-0.41532964
sib_sot_80,0.67854804,0.5783185
sib_sot_81,0.6303697,0.97473395
sib_sot_82,0.6303697,0.97473395
sib_sot_83,0.78793126,-0.41532964
sib_sot_84,0.706751,0.10293185
sib_sot_85,0.67854804,0.5783185
sib_sot_86,0.78793126,-0.41532964
sib_sot_87,0.78793126,-0.41532964
sib_sot_88,0.78793126,-0.41532964
sib_sot_89,0.67854804,0.5783185
sib_sot_9,0.78793126,-0.41532964
sib_sot_90,0.78793126,-0.41532964
sib_sot_91,0.78793126,-0.41532964
sib_sot_92,0.5560217,0.8440483
sib_sot_93,0.78793126,-0.41532964
sib_sot_94,0.78793126,-0.41532964
sib_sot_95,0.78793126,-0.41532964
sib_sot_96,0.78793126,-0.41532964
sib_sot_97,0.78793126,-0.41532964
sib_sot_98,0.78793126,-0.41532964
sib_sot_99,0.78793126,-0.41532964
sib_swa_0,0.7680571,-0.31344017
sib_swa_1,0.7680571,-0.31344017
sib_swa_10,0.7680571,-0.31344017
sib_swa_100,0.7680571,-0.31344017
sib_swa_101,0.7680571,-0.31344017
sib_swa_102,0.7680571,-0.31344017
sib_swa_103,0.7680571,-0.31344017
sib_swa_104,0.7680571,-0.31344017
sib_swa_105,0.7680571,-0.31344017
sib_swa_106,0.7680571,-0.31344017
sib_swa_107,0.7680571,-0.31344017
sib_swa_108,0.7680571,-0.31344017
sib_swa_109,0.7680571,-0.31344017
sib_swa_11,0.7680571,-0.31344017
sib_swa_110,0.7680571,-0.31344017
sib_swa_111,0.7680571,-0.31344017
sib_swa_112,0.7680571,-0.31344017
sib_swa_113,0.7680571,-0.31344017
sib_swa_114,0.7680571,-0.31344017
sib_swa_115,0.7680571,-0.31344017
sib_swa_116,0.7680571,-0.31344017
sib_swa_117,0.7680571,-0.31344017
sib_swa_118,0.7680571,-0.31344017
sib_swa_119,0.7680571,-0.31344017
sib_swa_12,0.7680571,-0.31344017
sib_swa_120,0.7680571,-0.31344017
sib_swa_121,0.7680571,-0.31344017
sib_swa_122,0.7680571,-0.31344017
sib_swa_123,0.7680571,-0.31344017
sib_swa_124,0.7680571,-0.31344017
sib_swa_125,0.7680571,-0.31344017
sib_swa_126,0.7680571,-0.31344017
sib_swa_127,0.7680571,-0.31344017
sib_swa_128,0.7680571,-0.31344017
sib_swa_129,0.7680571,-0.31344017
sib_swa_13,0.7680571,-0.31344017
sib_swa_130,0.7680571,-0.31344017
sib_swa_131,0.62431276,0.66923475
sib_swa_132,0.7680571,-0.31344017
sib_swa_133,0.7680571,-0.31344017
sib_swa_134,0.7680571,-0.31344017
sib_swa_135,0.7680571,-0.31344017
sib_swa_136,0.7680571,-0.31344017
sib_swa_137,0.5643177,1.0351108
sib_swa_138,0.7680571,-0.31344017
sib_swa_139,0.5643177,1.0351108
sib_swa_14,0.7680571,-0.31344017
sib_swa_140,0.7680571,-0.31344017
sib_swa_141,0.7680571,-0.31344017
sib_swa_142,0.7680571,-0.31344017
sib_swa_143,0.7680571,-0.31344017
sib_swa_144,0.5643177,1.0351108
sib_swa_145,0.6969976,0.23517784
sib_swa_146,0.7680571,-0.31344017
sib_swa_147,0.7680571,-0.31344017
sib_swa_148,0.6969976,0.23517784
sib_swa_149,0.6969976,0.23517784
sib_swa_15,0.7680571,-0.31344017
sib_swa_150,0.6969976,0.23517784
sib_swa_151,0.7680571,-0.31344017
sib_swa_152,0.7680571,-0.31344017
sib_swa_153,0.7680571,-0.31344017
sib_swa_154,0.7680571,-0.31344017
sib_swa_155,0.52763265,1.387947
sib_swa_156,0.7680571,-0.31344017
sib_swa_157,0.61981565,0.16460413
sib_swa_158,0.7680571,-0.31344017
sib_swa_159,0.6442997,0.1868061
sib_swa_16,0.6442997,0.1868061
sib_swa_160,0.61981565,0.16460413
sib_swa_161,0.6969976,0.23517784
sib_swa_162,0.7680571,-0.31344017
sib_swa_163,0.52763265,1.387947
sib_swa_164,0.7680571,-0.31344017
sib_swa_165,0.7680571,-0.31344017
sib_swa_166,0.6969976,0.23517784
sib_swa_167,0.7680571,-0.31344017
sib_swa_168,0.7680571,-0.31344017
sib_swa_169,0.7680571,-0.31344017
sib_swa_17,0.7680571,-0.31344017
sib_swa_170,0.7680571,-0.31344017
sib_swa_171,0.5360843,0.9778963
sib_swa_172,0.61981565,0.16460413
sib_swa_173,0.7680571,-0.31344017
sib_swa_174,0.7680571,-0.31344017
sib_swa_175,0.7680571,-0.31344017
sib_swa_176,0.7680571,-0.31344017
sib_swa_177,0.62431276,0.66923475
sib_swa_178,0.52763265,1.387947
sib_swa_179,0.52763265,1.387947
sib_swa_18,0.6969976,0.23517784
sib_swa_180,0.7680571,-0.31344017
sib_swa_181,0.5360843,0.9778963
sib_swa_182,0.52763265,1.387947
sib_swa_183,0.7680571,-0.31344017
sib_swa_184,0.52763265,1.387947
sib_swa_185,0.7680571,-0.31344017
sib_swa_186,0.7680571,-0.31344017
sib_swa_187,0.7680571,-0.31344017
sib_swa_188,0.4994514,0.90260977
sib_swa_189,0.7680571,-0.31344017
sib_swa_19,0.6442997,0.1868061
sib_swa_190,0.7680571,-0.31344017
sib_swa_191,0.61404026,0.15940115
sib_swa_192,0.52763265,1.387947
sib_swa_193,0.61404026,0.15940115
sib_swa_194,0.7680571,-0.31344017
sib_swa_195,0.6969976,0.23517784
sib_swa_196,0.7680571,-0.31344017
sib_swa_197,0.7680571,-0.31344017
sib_swa_198,0.7680571,-0.31344017
sib_swa_199,0.6969976,0.23517784
sib_swa_2,0.7680571,-0.31344017
sib_swa_20,0.7680571,-0.31344017
sib_swa_200,0.5928551,0.62281865
sib_swa_201,0.6969976,0.23517784
sib_swa_202,0.5360843,0.9778963
sib_swa_203,0.7680571,-0.31344017
sib_swa_21,0.7680571,-0.31344017
sib_swa_22,0.7680571,-0.31344017
sib_swa_23,0.7680571,-0.31344017
sib_swa_24,0.7680571,-0.31344017
sib_swa_25,0.7680571,-0.31344017
sib_swa_26,0.7680571,-0.31344017
sib_swa_27,0.7680571,-0.31344017
sib_swa_28,0.6969976,0.23517784
sib_swa_29,0.7680571,-0.31344017
sib_swa_3,0.7680571,-0.31344017
sib_swa_30,0.7680571,-0.31344017
sib_swa_31,0.7680571,-0.31344017
sib_swa_32,0.52763265,1.387947
sib_swa_33,0.7680571,-0.31344017
sib_swa_34,0.7680571,-0.31344017
sib_swa_35,0.7680571,-0.31344017
sib_swa_36,0.7680571,-0.31344017
sib_swa_37,0.7680571,-0.31344017
sib_swa_38,0.7680571,-0.31344017
sib_swa_39,0.7680571,-0.31344017
sib_swa_4,0.7680571,-0.31344017
sib_swa_40,0.7680571,-0.31344017
sib_swa_41,0.7680571,-0.31344017
sib_swa_42,0.7680571,-0.31344017
sib_swa_43,0.7680571,-0.31344017
sib_swa_44,0.7680571,-0.31344017
sib_swa_45,0.7680571,-0.31344017
sib_swa_46,0.6969976,0.23517784
sib_swa_47,0.7680571,-0.31344017
sib_swa_48,0.7680571,-0.31344017
sib_swa_49,0.7680571,-0.31344017
sib_swa_5,0.7680571,-0.31344017
sib_swa_50,0.7680571,-0.31344017
sib_swa_51,0.7680571,-0.31344017
sib_swa_52,0.7680571,-0.31344017
sib_swa_53,0.52763265,1.387947
sib_swa_54,0.7680571,-0.31344017
sib_swa_55,0.6969976,0.23517784
sib_swa_56,0.7680571,-0.31344017
sib_swa_57,0.4994514,0.90260977
sib_swa_58,0.7680571,-0.31344017
sib_swa_59,0.7680571,-0.31344017
sib_swa_6,0.7680571,-0.31344017
sib_swa_60,0.7680571,-0.31344017
sib_swa_61,0.7680571,-0.31344017
sib_swa_62,0.62431276,0.66923475
sib_swa_63,0.62431276,0.66923475
sib_swa_64,0.7680571,-0.31344017
sib_swa_65,0.7680571,-0.31344017
sib_swa_66,0.7680571,-0.31344017
sib_swa_67,0.7680571,-0.31344017
sib_swa_68,0.7680571,-0.31344017
sib_swa_69,0.6969976,0.23517784
sib_swa_7,0.6442997,0.1868061
sib_swa_70,0.6969976,0.23517784
sib_swa_71,0.62431276,0.66923475
sib_swa_72,0.7680571,-0.31344017
sib_swa_73,0.6969976,0.23517784
sib_swa_74,0.6442997,0.1868061
sib_swa_75,0.5643177,1.0351108
sib_swa_76,0.7680571,-0.31344017
sib_swa_77,0.7680571,-0.31344017
sib_swa_78,0.7680571,-0.31344017
sib_swa_79,0.7680571,-0.31344017
sib_swa_8,0.7680571,-0.31344017
sib_swa_80,0.6969976,0.23517784
sib_swa_81,0.62431276,0.66923475
sib_swa_82,0.6969976,0.23517784
sib_swa_83,0.7680571,-0.31344017
sib_swa_84,0.7680571,-0.31344017
sib_swa_85,0.7680571,-0.31344017
sib_swa_86,0.7680571,-0.31344017
sib_swa_87,0.7680571,-0.31344017
sib_swa_88,0.7680571,-0.31344017
sib_swa_89,0.7680571,-0.31344017
sib_swa_9,0.7680571,-0.31344017
sib_swa_90,0.7680571,-0.31344017
sib_swa_91,0.7680571,-0.31344017
sib_swa_92,0.52763265,1.387947
sib_swa_93,0.7680571,-0.31344017
sib_swa_94,0.7680571,-0.31344017
sib_swa_95,0.7680571,-0.31344017
sib_swa_96,0.7680571,-0.31344017
sib_swa_97,0.7680571,-0.31344017
sib_swa_98,0.7680571,-0.31344017
sib_swa_99,0.7680571,-0.31344017
sib_wol_0,0.77202916,-0.36538616
sib_wol_1,0.77202916,-0.36538616
sib_wol_10,0.77202916,-0.36538616
sib_wol_100,0.77202916,-0.36538616
sib_wol_101,0.77202916,-0.36538616
sib_wol_102,0.77202916,-0.36538616
sib_wol_103,0.69081223,0.16979617
sib_wol_104,0.77202916,-0.36538616
sib_wol_105,0.77202916,-0.36538616
sib_wol_106,0.77202916,-0.36538616
sib_wol_107,0.77202916,-0.36538616
sib_wol_108,0.77202916,-0.36538616
sib_wol_109,0.69081223,0.16979617
sib_wol_11,0.5820904,0.55340767
sib_wol_110,0.69081223,0.16979617
sib_wol_111,0.6936448,0.17211634
sib_wol_112,0.77202916,-0.36538616
sib_wol_113,0.77202916,-0.36538616
sib_wol_114,0.77202916,-0.36538616
sib_wol_115,0.69081223,0.16979617
sib_wol_116,0.77202916,-0.36538616
sib_wol_117,0.77202916,-0.36538616
sib_wol_118,0.77202916,-0.36538616
sib_wol_119,0.77202916,-0.36538616
sib_wol_12,0.77202916,-0.36538616
sib_wol_120,0.77202916,-0.36538616
sib_wol_121,0.77202916,-0.36538616
sib_wol_122,0.77202916,-0.36538616
sib_wol_123,0.77202916,-0.36538616
sib_wol_124,0.77202916,-0.36538616
sib_wol_125,0.69081223,0.16979617
sib_wol_126,0.58758575,1.0231977
sib_wol_127,0.77202916,-0.36538616
sib_wol_128,0.77202916,-0.36538616
sib_wol_129,0.6936448,0.17211634
sib_wol_13,0.69081223,0.16979617
sib_wol_130,0.77202916,-0.36538616
sib_wol_131,0.77202916,-0.36538616
sib_wol_132,0.77202916,-0.36538616
sib_wol_133,0.77202916,-0.36538616
sib_wol_134,0.77202916,-0.36538616
sib_wol_135,0.77202916,-0.36538616
sib_wol_136,0.77202916,-0.36538616
sib_wol_137,0.69081223,0.16979617
sib_wol_138,0.6936448,0.17211634
sib_wol_139,0.6936448,0.17211634
sib_wol_14,0.66517466,0.66402507
sib_wol_140,0.77202916,-0.36538616
sib_wol_141,0.77202916,-0.36538616
sib_wol_142,0.58758575,1.0231977
sib_wol_143,0.77202916,-0.36538616
sib_wol_144,0.58758575,1.0231977
sib_wol_145,0.58758575,1.0231977
sib_wol_146,0.6936448,0.17211634
sib_wol_147,0.77202916,-0.36538616
sib_wol_148,0.6936448,0.17211634
sib_wol_149,0.6168041,0.109959036
sib_wol_15,0.69081223,0.16979617
sib_wol_150,0.77202916,-0.36538616
sib_wol_151,0.66517466,0.66402507
sib_wol_152,0.58424026,0.5562949
sib_wol_153,0.58424026,0.5562949
sib_wol_154,0.58424026,0.5562949
sib_wol_155,0.5509824,1.392138
sib_wol_156,0.77202916,-0.36538616
sib_wol_157,0.5942115,1.0352838
sib_wol_158,0.77202916,-0.36538616
sib_wol_159,0.66517466,0.66402507
sib_wol_16,0.69081223,0.16979617
sib_wol_160,0.58997864,0.5639964
sib_wol_161,0.66517466,0.66402507
sib_wol_162,0.77202916,-0.36538616
sib_wol_163,0.52201366,0.9007969
sib_wol_164,0.77202916,-0.36538616
sib_wol_165,0.5257783,0.4776609
sib_wol_166,0.6936448,0.17211634
sib_wol_167,0.6936448,0.17211634
sib_wol_168,0.77202916,-0.36538616
sib_wol_169,0.77202916,-0.36538616
sib_wol_17,0.77202916,-0.36538616
sib_wol_170,0.58758575,1.0231977
sib_wol_171,0.5257783,0.4776609
sib_wol_172,0.77202916,-0.36538616
sib_wol_173,0.5509824,1.392138
sib_wol_174,0.6168041,0.109959036
sib_wol_175,0.77202916,-0.36538616
sib_wol_176,0.58758575,1.0231977
sib_wol_177,0.66517466,0.66402507
sib_wol_178,0.5509824,1.392138
sib_wol_179,0.5509824,1.392138
sib_wol_18,0.69081223,0.16979617
sib_wol_180,0.5509824,1.392138
sib_wol_181,0.66517466,0.66402507
sib_wol_182,0.5942115,1.0352838
sib_wol_183,0.77202916,-0.36538616
sib_wol_184,0.5509824,1.392138
sib_wol_185,0.66517466,0.66402507
sib_wol_186,0.77202916,-0.36538616
sib_wol_187,0.77202916,-0.36538616
sib_wol_188,0.66517466,0.66402507
sib_wol_189,0.77202916,-0.36538616
sib_wol_19,0.69081223,0.16979617
sib_wol_190,0.69081223,0.16979617
sib_wol_191,0.5509824,1.392138
sib_wol_192,0.5509824,1.392138
sib_wol_193,0.6168041,0.109959036
sib_wol_194,0.6936448,0.17211634
sib_wol_195,0.5238684,0.9043221
sib_wol_196,0.77202916,-0.36538616
sib_wol_197,0.77202916,-0.36538616
sib_wol_198,0.77202916,-0.36538616
sib_wol_199,0.5942115,1.0352838
sib_wol_2,0.77202916,-0.36538616
sib_wol_20,0.69081223,0.16979617
sib_wol_200,0.58777934,0.5610453
sib_wol_201,0.6936448,0.17211634
sib_wol_202,0.5509824,1.392138
sib_wol_203,0.66517466,0.66402507
sib_wol_21,0.77202916,-0.36538616
sib_wol_22,0.77202916,-0.36538616
sib_wol_23,0.5820904,0.55340767
sib_wol_24,0.77202916,-0.36538616
sib_wol_25,0.69081223,0.16979617
sib_wol_26,0.61105007,0.10539208
sib_wol_27,0.69081223,0.16979617
sib_wol_28,0.77202916,-0.36538616
sib_wol_29,0.77202916,-0.36538616
sib_wol_3,0.69081223,0.16979617
sib_wol_30,0.77202916,-0.36538616
sib_wol_31,0.77202916,-0.36538616
sib_wol_32,0.5509824,1.392138
sib_wol_33,0.77202916,-0.36538616
sib_wol_34,0.77202916,-0.36538616
sib_wol_35,0.77202916,-0.36538616
sib_wol_36,0.77202916,-0.36538616
sib_wol_37,0.77202916,-0.36538616
sib_wol_38,0.58777934,0.5610453
sib_wol_39,0.77202916,-0.36538616
sib_wol_4,0.77202916,-0.36538616
sib_wol_40,0.5820904,0.55340767
sib_wol_41,0.66517466,0.66402507
sib_wol_42,0.77202916,-0.36538616
sib_wol_43,0.69081223,0.16979617
sib_wol_44,0.77202916,-0.36538616
sib_wol_45,0.69081223,0.16979617
sib_wol_46,0.77202916,-0.36538616
sib_wol_47,0.5820904,0.55340767
sib_wol_48,0.69081223,0.16979617
sib_wol_49,0.66517466,0.66402507
sib_wol_5,0.69081223,0.16979617
sib_wol_50,0.77202916,-0.36538616
sib_wol_51,0.66517466,0.66402507
sib_wol_52,0.77202916,-0.36538616
sib_wol_53,0.5509824,1.392138
sib_wol_54,0.77202916,-0.36538616
sib_wol_55,0.66517466,0.66402507
sib_wol_56,0.69081223,0.16979617
sib_wol_57,0.66517466,0.66402507
sib_wol_58,0.66517466,0.66402507
sib_wol_59,0.77202916,-0.36538616
sib_wol_6,0.58758575,1.0231977
sib_wol_60,0.66517466,0.66402507
sib_wol_61,0.77202916,-0.36538616
sib_wol_62,0.61105007,0.10539208
sib_wol_63,0.58758575,1.0231977
sib_wol_64,0.77202916,-0.36538616
sib_wol_65,0.66517466,0.66402507
sib_wol_66,0.77202916,-0.36538616
sib_wol_67,0.77202916,-0.36538616
sib_wol_68,0.5942115,1.0352838
sib_wol_69,0.77202916,-0.36538616
sib_wol_7,0.5509824,1.392138
sib_wol_70,0.66517466,0.66402507
sib_wol_71,0.58997864,0.5639964
sib_wol_72,0.69081223,0.16979617
sib_wol_73,0.66517466,0.66402507
sib_wol_74,0.77202916,-0.36538616
sib_wol_75,0.5509824,1.392138
sib_wol_76,0.58758575,1.0231977
sib_wol_77,0.77202916,-0.36538616
sib_wol_78,0.52201366,0.9007969
sib_wol_79,0.77202916,-0.36538616
sib_wol_8,0.77202916,-0.36538616
sib_wol_80,0.6936448,0.17211634
sib_wol_81,0.66517466,0.66402507
sib_wol_82,0.58758575,1.0231977
sib_wol_83,0.6936448,0.17211634
sib_wol_84,0.69081223,0.16979617
sib_wol_85,0.5257783,0.4776609
sib_wol_86,0.61105007,0.10539208
sib_wol_87,0.77202916,-0.36538616
sib_wol_88,0.66517466,0.66402507
sib_wol_89,0.58758575,1.0231977
sib_wol_9,0.77202916,-0.36538616
sib_wol_90,0.6936448,0.17211634
sib_wol_91,0.61105007,0.10539208
sib_wol_92,0.6168041,0.109959036
sib_wol_93,0.77202916,-0.36538616
sib_wol_94,0.77202916,-0.36538616
sib_wol_95,0.69081223,0.16979617
sib_wol_96,0.77202916,-0.36538616
sib_wol_97,0.77202916,-0.36538616
sib_wol_98,0.77202916,-0.36538616
sib_wol_99,0.77202916,-0.36538616
sib_xho_0,0.78793126,-0.41532964
sib_xho_1,0.78793126,-0.41532964
sib_xho_10,0.78793126,-0.41532964
sib_xho_100,0.78793126,-0.41532964
sib_xho_101,0.78793126,-0.41532964
sib_xho_102,0.78793126,-0.41532964
sib_xho_103,0.78793126,-0.41532964
sib_xho_104,0.78793126,-0.41532964
sib_xho_105,0.706751,0.10293185
sib_xho_106,0.78793126,-0.41532964
sib_xho_107,0.6320151,0.03857096
sib_xho_108,0.78793126,-0.41532964
sib_xho_109,0.78793126,-0.41532964
sib_xho_11,0.78793126,-0.41532964
sib_xho_110,0.78793126,-0.41532964
sib_xho_111,0.78793126,-0.41532964
sib_xho_112,0.78793126,-0.41532964
sib_xho_113,0.78793126,-0.41532964
sib_xho_114,0.78793126,-0.41532964
sib_xho_115,0.78793126,-0.41532964
sib_xho_116,0.78793126,-0.41532964
sib_xho_117,0.78793126,-0.41532964
sib_xho_118,0.78793126,-0.41532964
sib_xho_119,0.78793126,-0.41532964
sib_xho_12,0.78793126,-0.41532964
sib_xho_120,0.78793126,-0.41532964
sib_xho_121,0.78793126,-0.41532964
sib_xho_122,0.78793126,-0.41532964
sib_xho_123,0.78793126,-0.41532964
sib_xho_124,0.78793126,-0.41532964
sib_xho_125,0.78793126,-0.41532964
sib_xho_126,0.706751,0.10293185
sib_xho_127,0.78793126,-0.41532964
sib_xho_128,0.78793126,-0.41532964
sib_xho_129,0.78793126,-0.41532964
sib_xho_13,0.5565002,0.41603404
sib_xho_130,0.78793126,-0.41532964
sib_xho_131,0.6020191,0.92564845
sib_xho_132,0.78793126,-0.41532964
sib_xho_133,0.78793126,-0.41532964
sib_xho_134,0.78793126,-0.41532964
sib_xho_135,0.78793126,-0.41532964
sib_xho_136,0.78793126,-0.41532964
sib_xho_137,0.6274433,0.51071554
sib_xho_138,0.78793126,-0.41532964
sib_xho_139,0.6250029,0.50746787
sib_xho_14,0.78793126,-0.41532964
sib_xho_140,0.78793126,-0.41532964
sib_xho_141,0.78793126,-0.41532964
sib_xho_142,0.78793126,-0.41532964
sib_xho_143,0.78793126,-0.41532964
sib_xho_144,0.56108177,1.6892787
sib_xho_145,0.706751,0.10293185
sib_xho_146,0.7096046,0.10541948
sib_xho_147,0.78793126,-0.41532964
sib_xho_148,0.7096046,0.10541948
sib_xho_149,0.78793126,-0.41532964
sib_xho_15,0.67854804,0.5783185
sib_xho_150,0.78793126,-0.41532964
sib_xho_151,0.7096046,0.10541948
sib_xho_152,0.78793126,-0.41532964
sib_xho_153,0.7096046,0.10541948
sib_xho_154,0.78793126,-0.41532964
sib_xho_155,0.56108177,1.6892787
sib_xho_156,0.78793126,-0.41532964
sib_xho_157,0.6020191,0.92564845
sib_xho_158,0.78793126,-0.41532964
sib_xho_159,0.6250029,0.50746787
sib_xho_16,0.78793126,-0.41532964
sib_xho_160,0.78793126,-0.41532964
sib_xho_161,0.78793126,-0.41532964
sib_xho_162,0.78793126,-0.41532964
sib_xho_163,0.56108177,1.6892787
sib_xho_164,0.7096046,0.10541948
sib_xho_165,0.6320151,0.03857096
sib_xho_166,0.6026998,0.47773477
sib_xho_167,0.78793126,-0.41532964
sib_xho_168,0.78793126,-0.41532964
sib_xho_169,0.78793126,-0.41532964
sib_xho_17,0.78793126,-0.41532964
sib_xho_170,0.67854804,0.5783185
sib_xho_171,0.53201306,0.8006286
sib_xho_172,0.78793126,-0.41532964
sib_xho_173,0.7096046,0.10541948
sib_xho_174,0.6320151,0.03857096
sib_xho_175,0.78793126,-0.41532964
sib_xho_176,0.7096046,0.10541948
sib_xho_177,0.7096046,0.10541948
sib_xho_178,0.56108177,1.6892787
sib_xho_179,0.56108177,1.6892787
sib_xho_18,0.78793126,-0.41532964
sib_xho_180,0.56108177,1.6892787
sib_xho_181,0.5560217,0.8440483
sib_xho_182,0.56108177,1.6892787
sib_xho_183,0.78793126,-0.41532964
sib_xho_184,0.56108177,1.6892787
sib_xho_185,0.78793126,-0.41532964
sib_xho_186,0.78793126,-0.41532964
sib_xho_187,0.7096046,0.10541948
sib_xho_188,0.6320151,0.03857096
sib_xho_189,0.78793126,-0.41532964
sib_xho_19,0.6303697,0.97473395
sib_xho_190,0.7096046,0.10541948
sib_xho_191,0.5947198,0.46707988
sib_xho_192,0.56108177,1.6892787
sib_xho_193,0.5614328,0.42261702
sib_xho_194,0.78793126,-0.41532964
sib_xho_195,0.55150425,1.2537094
sib_xho_196,0.78793126,-0.41532964
sib_xho_197,0.7096046,0.10541948
sib_xho_198,0.78793126,-0.41532964
sib_xho_199,0.67854804,0.5783185
sib_xho_2,0.78793126,-0.41532964
sib_xho_20,0.706751,0.10293185
sib_xho_200,0.7096046,0.10541948
sib_xho_201,0.78793126,-0.41532964
sib_xho_202,0.53201306,0.8006286
sib_xho_203,0.5777624,1.3110049
sib_xho_21,0.78793126,-0.41532964
sib_xho_22,0.78793126,-0.41532964
sib_xho_23,0.6303697,0.97473395
sib_xho_24,0.78793126,-0.41532964
sib_xho_25,0.78793126,-0.41532964
sib_xho_26,0.78793126,-0.41532964
sib_xho_27,0.78793126,-0.41532964
sib_xho_28,0.78793126,-0.41532964
sib_xho_29,0.78793126,-0.41532964
sib_xho_3,0.78793126,-0.41532964
sib_xho_30,0.78793126,-0.41532964
sib_xho_31,0.78793126,-0.41532964
sib_xho_32,0.6566825,0.059603743
sib_xho_33,0.78793126,-0.41532964
sib_xho_34,0.78793126,-0.41532964
sib_xho_35,0.78793126,-0.41532964
sib_xho_36,0.78793126,-0.41532964
sib_xho_37,0.78793126,-0.41532964
sib_xho_38,0.78793126,-0.41532964
sib_xho_39,0.78793126,-0.41532964
sib_xho_4,0.78793126,-0.41532964
sib_xho_40,0.78793126,-0.41532964
sib_xho_41,0.67854804,0.5783185
sib_xho_42,0.78793126,-0.41532964
sib_xho_43,0.78793126,-0.41532964
sib_xho_44,0.78793126,-0.41532964
sib_xho_45,0.706751,0.10293185
sib_xho_46,0.6274433,0.51071554
sib_xho_47,0.78793126,-0.41532964
sib_xho_48,0.78793126,-0.41532964
sib_xho_49,0.78793126,-0.41532964
sib_xho_5,0.6261891,0.03364378
sib_xho_50,0.78793126,-0.41532964
sib_xho_51,0.78793126,-0.41532964
sib_xho_52,0.78793126,-0.41532964
sib_xho_53,0.5093866,1.1586474
sib_xho_54,0.78793126,-0.41532964
sib_xho_55,0.67854804,0.5783185
sib_xho_56,0.78793126,-0.41532964
sib_xho_57,0.56108177,1.6892787
sib_xho_58,0.67854804,0.5783185
sib_xho_59,0.78793126,-0.41532964
sib_xho_6,0.78793126,-0.41532964
sib_xho_60,0.78793126,-0.41532964
sib_xho_61,0.706751,0.10293185
sib_xho_62,0.6303697,0.97473395
sib_xho_63,0.6303697,0.97473395
sib_xho_64,0.78793126,-0.41532964
sib_xho_65,0.67854804,0.5783185
sib_xho_66,0.78793126,-0.41532964
sib_xho_67,0.78793126,-0.41532964
sib_xho_68,0.78793126,-0.41532964
sib_xho_69,0.78793126,-0.41532964
sib_xho_7,0.6250029,0.50746787
sib_xho_70,0.7096046,0.10541948
sib_xho_71,0.6303697,0.97473395
sib_xho_72,0.67854804,0.5783185
sib_xho_73,0.67854804,0.5783185
sib_xho_74,0.67854804,0.5783185
sib_xho_75,0.56108177,1.6892787
sib_xho_76,0.706751,0.10293185
sib_xho_77,0.78793126,-0.41532964
sib_xho_78,0.6566825,0.059603743
sib_xho_79,0.78793126,-0.41532964
sib_xho_8,0.78793126,-0.41532964
sib_xho_80,0.7096046,0.10541948
sib_xho_81,0.6250029,0.50746787
sib_xho_82,0.67854804,0.5783185
sib_xho_83,0.78793126,-0.41532964
sib_xho_84,0.78793126,-0.41532964
sib_xho_85,0.78793126,-0.41532964
sib_xho_86,0.78793126,-0.41532964
sib_xho_87,0.78793126,-0.41532964
sib_xho_88,0.78793126,-0.41532964
sib_xho_89,0.78793126,-0.41532964
sib_xho_9,0.78793126,-0.41532964
sib_xho_90,0.78793126,-0.41532964
sib_xho_91,0.78793126,-0.41532964
sib_xho_92,0.5848147,1.3261219
sib_xho_93,0.78793126,-0.41532964
sib_xho_94,0.78793126,-0.41532964
sib_xho_95,0.78793126,-0.41532964
sib_xho_96,0.78793126,-0.41532964
sib_xho_97,0.78793126,-0.41532964
sib_xho_98,0.78793126,-0.41532964
sib_xho_99,0.78793126,-0.41532964
sib_yor_0,0.78793126,-0.41532964
sib_yor_1,0.78793126,-0.41532964
sib_yor_10,0.78793126,-0.41532964
sib_yor_100,0.78793126,-0.41532964
sib_yor_101,0.78793126,-0.41532964
sib_yor_102,0.78793126,-0.41532964
sib_yor_103,0.78793126,-0.41532964
sib_yor_104,0.78793126,-0.41532964
sib_yor_105,0.706751,0.10293185
sib_yor_106,0.78793126,-0.41532964
sib_yor_107,0.78793126,-0.41532964
sib_yor_108,0.78793126,-0.41532964
sib_yor_109,0.78793126,-0.41532964
sib_yor_11,0.5565002,0.41603404
sib_yor_110,0.78793126,-0.41532964
sib_yor_111,0.78793126,-0.41532964
sib_yor_112,0.78793126,-0.41532964
sib_yor_113,0.78793126,-0.41532964
sib_yor_114,0.78793126,-0.41532964
sib_yor_115,0.78793126,-0.41532964
sib_yor_116,0.78793126,-0.41532964
sib_yor_117,0.78793126,-0.41532964
sib_yor_118,0.78793126,-0.41532964
sib_yor_119,0.78793126,-0.41532964
sib_yor_12,0.78793126,-0.41532964
sib_yor_120,0.706751,0.10293185
sib_yor_121,0.78793126,-0.41532964
sib_yor_122,0.78793126,-0.41532964
sib_yor_123,0.78793126,-0.41532964
sib_yor_124,0.78793126,-0.41532964
sib_yor_125,0.78793126,-0.41532964
sib_yor_126,0.56108177,1.6892787
sib_yor_127,0.78793126,-0.41532964
sib_yor_128,0.78793126,-0.41532964
sib_yor_129,0.78793126,-0.41532964
sib_yor_13,0.5777624,1.3110049
sib_yor_130,0.67854804,0.5783185
sib_yor_131,0.5526637,0.8380064
sib_yor_132,0.78793126,-0.41532964
sib_yor_133,0.78793126,-0.41532964
sib_yor_134,0.78793126,-0.41532964
sib_yor_135,0.78793126,-0.41532964
sib_yor_136,0.78793126,-0.41532964
sib_yor_137,0.5848147,1.3261219
sib_yor_138,0.6261891,0.03364378
sib_yor_139,0.6303697,0.97473395
sib_yor_14,0.6250029,0.50746787
sib_yor_140,0.78793126,-0.41532964
sib_yor_141,0.78793126,-0.41532964
sib_yor_142,0.78793126,-0.41532964
sib_yor_143,0.78793126,-0.41532964
sib_yor_144,0.706751,0.10293185
sib_yor_145,0.7096046,0.10541948
sib_yor_146,0.78793126,-0.41532964
sib_yor_147,0.78793126,-0.41532964
sib_yor_148,0.51128685,1.1630158
sib_yor_149,0.7096046,0.10541948
sib_yor_15,0.6250029,0.50746787
sib_yor_150,0.78793126,-0.41532964
sib_yor_151,0.78793126,-0.41532964
sib_yor_152,0.706751,0.10293185
sib_yor_153,0.7096046,0.10541948
sib_yor_154,0.78793126,-0.41532964
sib_yor_155,0.51128685,1.1630158
sib_yor_156,0.78793126,-0.41532964
sib_yor_157,0.6026998,0.47773477
sib_yor_158,0.78793126,-0.41532964
sib_yor_159,0.6303697,0.97473395
sib_yor_16,0.706751,0.10293185
sib_yor_160,0.78793126,-0.41532964
sib_yor_161,0.78793126,-0.41532964
sib_yor_162,0.78793126,-0.41532964
sib_yor_163,0.49763015,0.73766416
sib_yor_164,0.78793126,-0.41532964
sib_yor_165,0.51128685,1.1630158
sib_yor_166,0.78793126,-0.41532964
sib_yor_167,0.78793126,-0.41532964
sib_yor_168,0.78793126,-0.41532964
sib_yor_169,0.78793126,-0.41532964
sib_yor_17,0.78793126,-0.41532964
sib_yor_170,0.6303697,0.97473395
sib_yor_171,0.53015816,0.7972537
sib_yor_172,0.78793126,-0.41532964
sib_yor_173,0.706751,0.10293185
sib_yor_174,0.6004754,0.47476533
sib_yor_175,0.78793126,-0.41532964
sib_yor_176,0.5947198,0.46707988
sib_yor_177,0.56108177,1.6892787
sib_yor_178,0.5560217,0.8440483
sib_yor_179,0.56108177,1.6892787
sib_yor_18,0.6566825,0.059603743
sib_yor_180,0.6261891,0.03364378
sib_yor_181,0.56108177,1.6892787
sib_yor_182,0.56108177,1.6892787
sib_yor_183,0.78793126,-0.41532964
sib_yor_184,0.5848147,1.3261219
sib_yor_185,0.706751,0.10293185
sib_yor_186,0.78793126,-0.41532964
sib_yor_187,0.53761923,0.39087477
sib_yor_188,0.706751,0.10293185
sib_yor_189,0.78793126,-0.41532964
sib_yor_19,0.67854804,0.5783185
sib_yor_190,0.7096046,0.10541948
sib_yor_191,0.55150425,1.2537094
sib_yor_192,0.56108177,1.6892787
sib_yor_193,0.7096046,0.10541948
sib_yor_194,0.78793126,-0.41532964
sib_yor_195,0.55150425,1.2537094
sib_yor_196,0.78793126,-0.41532964
sib_yor_197,0.78793126,-0.41532964
sib_yor_198,0.78793126,-0.41532964
sib_yor_199,0.7096046,0.10541948
sib_yor_2,0.78793126,-0.41532964
sib_yor_20,0.706751,0.10293185
sib_yor_200,0.53201306,0.8006286
sib_yor_201,0.7096046,0.10541948
sib_yor_202,0.59689516,0.46998495
sib_yor_203,0.67854804,0.5783185
sib_yor_21,0.78793126,-0.41532964
sib_yor_22,0.78793126,-0.41532964
sib_yor_23,0.6026998,0.47773477
sib_yor_24,0.78793126,-0.41532964
sib_yor_25,0.78793126,-0.41532964
sib_yor_26,0.78793126,-0.41532964
sib_yor_27,0.78793126,-0.41532964
sib_yor_28,0.6320151,0.03857096
sib_yor_29,0.78793126,-0.41532964
sib_yor_3,0.78793126,-0.41532964
sib_yor_30,0.78793126,-0.41532964
sib_yor_31,0.78793126,-0.41532964
sib_yor_32,0.49763015,0.73766416
sib_yor_33,0.78793126,-0.41532964
sib_yor_34,0.78793126,-0.41532964
sib_yor_35,0.78793126,-0.41532964
sib_yor_36,0.78793126,-0.41532964
sib_yor_37,0.78793126,-0.41532964
sib_yor_38,0.706751,0.10293185
sib_yor_39,0.78793126,-0.41532964
sib_yor_4,0.78793126,-0.41532964
sib_yor_40,0.706751,0.10293185
sib_yor_41,0.706751,0.10293185
sib_yor_42,0.78793126,-0.41532964
sib_yor_43,0.706751,0.10293185
sib_yor_44,0.78793126,-0.41532964
sib_yor_45,0.6261891,0.03364378
sib_yor_46,0.6566825,0.059603743
sib_yor_47,0.78793126,-0.41532964
sib_yor_48,0.78793126,-0.41532964
sib_yor_49,0.706751,0.10293185
sib_yor_5,0.6566825,0.059603743
sib_yor_50,0.78793126,-0.41532964
sib_yor_51,0.78793126,-0.41532964
sib_yor_52,0.78793126,-0.41532964
sib_yor_53,0.5848147,1.3261219
sib_yor_54,0.67854804,0.5783185
sib_yor_55,0.706751,0.10293185
sib_yor_56,0.78793126,-0.41532964
sib_yor_57,0.78793126,-0.41532964
sib_yor_58,0.6303697,0.97473395
sib_yor_59,0.78793126,-0.41532964
sib_yor_6,0.78793126,-0.41532964
sib_yor_60,0.78793126,-0.41532964
sib_yor_61,0.7096046,0.10541948
sib_yor_62,0.78793126,-0.41532964
sib_yor_63,0.6303697,0.97473395
sib_yor_64,0.78793126,-0.41532964
sib_yor_65,0.706751,0.10293185
sib_yor_66,0.78793126,-0.41532964
sib_yor_67,0.78793126,-0.41532964
sib_yor_68,0.78793126,-0.41532964
sib_yor_69,0.706751,0.10293185
sib_yor_7,0.6250029,0.50746787
sib_yor_70,0.67854804,0.5783185
sib_yor_71,0.6303697,0.97473395
sib_yor_72,0.67854804,0.5783185
sib_yor_73,0.6020191,0.92564845
sib_yor_74,0.78793126,-0.41532964
sib_yor_75,0.56108177,1.6892787
sib_yor_76,0.78793126,-0.41532964
sib_yor_77,0.78793126,-0.41532964
sib_yor_78,0.67854804,0.5783185
sib_yor_79,0.78793126,-0.41532964
sib_yor_8,0.78793126,-0.41532964
sib_yor_80,0.78793126,-0.41532964
sib_yor_81,0.706751,0.10293185
sib_yor_82,0.6303697,0.97473395
sib_yor_83,0.6303697,0.97473395
sib_yor_84,0.67854804,0.5783185
sib_yor_85,0.67854804,0.5783185
sib_yor_86,0.706751,0.10293185
sib_yor_87,0.78793126,-0.41532964
sib_yor_88,0.78793126,-0.41532964
sib_yor_89,0.67854804,0.5783185
sib_yor_9,0.78793126,-0.41532964
sib_yor_90,0.7096046,0.10541948
sib_yor_91,0.78793126,-0.41532964
sib_yor_92,0.56108177,1.6892787
sib_yor_93,0.78793126,-0.41532964
sib_yor_94,0.78793126,-0.41532964
sib_yor_95,0.78793126,-0.41532964
sib_yor_96,0.78793126,-0.41532964
sib_yor_97,0.78793126,-0.41532964
sib_yor_98,0.78793126,-0.41532964
sib_yor_99,0.78793126,-0.41532964
sib_zul_0,0.706751,0.10293185
sib_zul_1,0.78793126,-0.41532964
sib_zul_10,0.78793126,-0.41532964
sib_zul_100,0.78793126,-0.41532964
sib_zul_101,0.78793126,-0.41532964
sib_zul_102,0.78793126,-0.41532964
sib_zul_103,0.78793126,-0.41532964
sib_zul_104,0.78793126,-0.41532964
sib_zul_105,0.78793126,-0.41532964
sib_zul_106,0.78793126,-0.41532964
sib_zul_107,0.78793126,-0.41532964
sib_zul_108,0.78793126,-0.41532964
sib_zul_109,0.78793126,-0.41532964
sib_zul_11,0.78793126,-0.41532964
sib_zul_110,0.78793126,-0.41532964
sib_zul_111,0.78793126,-0.41532964
sib_zul_112,0.78793126,-0.41532964
sib_zul_113,0.78793126,-0.41532964
sib_zul_114,0.78793126,-0.41532964
sib_zul_115,0.78793126,-0.41532964
sib_zul_116,0.78793126,-0.41532964
sib_zul_117,0.78793126,-0.41532964
sib_zul_118,0.78793126,-0.41532964
sib_zul_119,0.78793126,-0.41532964
sib_zul_12,0.78793126,-0.41532964
sib_zul_120,0.78793126,-0.41532964
sib_zul_121,0.78793126,-0.41532964
sib_zul_122,0.78793126,-0.41532964
sib_zul_123,0.78793126,-0.41532964
sib_zul_124,0.78793126,-0.41532964
sib_zul_125,0.78793126,-0.41532964
sib_zul_126,0.706751,0.10293185
sib_zul_127,0.78793126,-0.41532964
sib_zul_128,0.78793126,-0.41532964
sib_zul_129,0.78793126,-0.41532964
sib_zul_13,0.78793126,-0.41532964
sib_zul_130,0.78793126,-0.41532964
sib_zul_131,0.6250029,0.50746787
sib_zul_132,0.78793126,-0.41532964
sib_zul_133,0.78793126,-0.41532964
sib_zul_134,0.78793126,-0.41532964
sib_zul_135,0.78793126,-0.41532964
sib_zul_136,0.78793126,-0.41532964
sib_zul_137,0.6303697,0.97473395
sib_zul_138,0.7096046,0.10541948
sib_zul_139,0.6566825,0.059603743
sib_zul_14,0.78793126,-0.41532964
sib_zul_140,0.78793126,-0.41532964
sib_zul_141,0.78793126,-0.41532964
sib_zul_142,0.78793126,-0.41532964
sib_zul_143,0.78793126,-0.41532964
sib_zul_144,0.6303697,0.97473395
sib_zul_145,0.706751,0.10293185
sib_zul_146,0.78793126,-0.41532964
sib_zul_147,0.7096046,0.10541948
sib_zul_148,0.6026998,0.47773477
sib_zul_149,0.78793126,-0.41532964
sib_zul_15,0.78793126,-0.41532964
sib_zul_150,0.7096046,0.10541948
sib_zul_151,0.78793126,-0.41532964
sib_zul_152,0.78793126,-0.41532964
sib_zul_153,0.7096046,0.10541948
sib_zul_154,0.78793126,-0.41532964
sib_zul_155,0.56108177,1.6892787
sib_zul_156,0.78793126,-0.41532964
sib_zul_157,0.56108177,1.6892787
sib_zul_158,0.78793126,-0.41532964
sib_zul_159,0.7096046,0.10541948
sib_zul_16,0.78793126,-0.41532964
sib_zul_160,0.6320151,0.03857096
sib_zul_161,0.78793126,-0.41532964
sib_zul_162,0.78793126,-0.41532964
sib_zul_163,0.56108177,1.6892787
sib_zul_164,0.78793126,-0.41532964
sib_zul_165,0.7096046,0.10541948
sib_zul_166,0.7096046,0.10541948
sib_zul_167,0.78793126,-0.41532964
sib_zul_168,0.78793126,-0.41532964
sib_zul_169,0.78793126,-0.41532964
sib_zul_17,0.78793126,-0.41532964
sib_zul_170,0.78793126,-0.41532964
sib_zul_171,0.53761923,0.39087477
sib_zul_172,0.6320151,0.03857096
sib_zul_173,0.78793126,-0.41532964
sib_zul_174,0.6250029,0.50746787
sib_zul_175,0.78793126,-0.41532964
sib_zul_176,0.7096046,0.10541948
sib_zul_177,0.6250029,0.50746787
sib_zul_178,0.6026998,0.47773477
sib_zul_179,0.56108177,1.6892787
sib_zul_18,0.78793126,-0.41532964
sib_zul_180,0.59545404,0.9141437
sib_zul_181,0.49763015,0.73766416
sib_zul_182,0.56108177,1.6892787
sib_zul_183,0.78793126,-0.41532964
sib_zul_184,0.56108177,1.6892787
sib_zul_185,0.78793126,-0.41532964
sib_zul_186,0.78793126,-0.41532964
sib_zul_187,0.53201306,0.8006286
sib_zul_188,0.53201306,0.8006286
sib_zul_189,0.78793126,-0.41532964
sib_zul_19,0.6250029,0.50746787
sib_zul_190,0.7096046,0.10541948
sib_zul_191,0.78793126,-0.41532964
sib_zul_192,0.56108177,1.6892787
sib_zul_193,0.6320151,0.03857096
sib_zul_194,0.706751,0.10293185
sib_zul_195,0.53201306,0.8006286
sib_zul_196,0.78793126,-0.41532964
sib_zul_197,0.78793126,-0.41532964
sib_zul_198,0.78793126,-0.41532964
sib_zul_199,0.59545404,0.9141437
sib_zul_2,0.78793126,-0.41532964
sib_zul_20,0.78793126,-0.41532964
sib_zul_200,0.78793126,-0.41532964
sib_zul_201,0.7096046,0.10541948
sib_zul_202,0.55150425,1.2537094
sib_zul_203,0.78793126,-0.41532964
sib_zul_21,0.78793126,-0.41532964
sib_zul_22,0.78793126,-0.41532964
sib_zul_23,0.706751,0.10293185
sib_zul_24,0.78793126,-0.41532964
sib_zul_25,0.78793126,-0.41532964
sib_zul_26,0.78793126,-0.41532964
sib_zul_27,0.78793126,-0.41532964
sib_zul_28,0.78793126,-0.41532964
sib_zul_29,0.78793126,-0.41532964
sib_zul_3,0.78793126,-0.41532964
sib_zul_30,0.78793126,-0.41532964
sib_zul_31,0.78793126,-0.41532964
sib_zul_32,0.5565002,0.41603404
sib_zul_33,0.78793126,-0.41532964
sib_zul_34,0.78793126,-0.41532964
sib_zul_35,0.78793126,-0.41532964
sib_zul_36,0.78793126,-0.41532964
sib_zul_37,0.78793126,-0.41532964
sib_zul_38,0.78793126,-0.41532964
sib_zul_39,0.78793126,-0.41532964
sib_zul_4,0.78793126,-0.41532964
sib_zul_40,0.78793126,-0.41532964
sib_zul_41,0.78793126,-0.41532964
sib_zul_42,0.59545404,0.9141437
sib_zul_43,0.78793126,-0.41532964
sib_zul_44,0.78793126,-0.41532964
sib_zul_45,0.6303697,0.97473395
sib_zul_46,0.6274433,0.51071554
sib_zul_47,0.78793126,-0.41532964
sib_zul_48,0.78793126,-0.41532964
sib_zul_49,0.6566825,0.059603743
sib_zul_5,0.59545404,0.9141437
sib_zul_50,0.78793126,-0.41532964
sib_zul_51,0.78793126,-0.41532964
sib_zul_52,0.78793126,-0.41532964
sib_zul_53,0.56108177,1.6892787
sib_zul_54,0.78793126,-0.41532964
sib_zul_55,0.7096046,0.10541948
sib_zul_56,0.78793126,-0.41532964
sib_zul_57,0.56108177,1.6892787
sib_zul_58,0.67854804,0.5783185
sib_zul_59,0.78793126,-0.41532964
sib_zul_6,0.78793126,-0.41532964
sib_zul_60,0.78793126,-0.41532964
sib_zul_61,0.78793126,-0.41532964
sib_zul_62,0.6303697,0.97473395
sib_zul_63,0.6274433,0.51071554
sib_zul_64,0.78793126,-0.41532964
sib_zul_65,0.5848147,1.3261219
sib_zul_66,0.78793126,-0.41532964
sib_zul_67,0.78793126,-0.41532964
sib_zul_68,0.78793126,-0.41532964
sib_zul_69,0.78793126,-0.41532964
sib_zul_7,0.706751,0.10293185
sib_zul_70,0.78793126,-0.41532964
sib_zul_71,0.6303697,0.97473395
sib_zul_72,0.67854804,0.5783185
sib_zul_73,0.67854804,0.5783185
sib_zul_74,0.6274433,0.51071554
sib_zul_75,0.56108177,1.6892787
sib_zul_76,0.78793126,-0.41532964
sib_zul_77,0.78793126,-0.41532964
sib_zul_78,0.6320151,0.03857096
sib_zul_79,0.78793126,-0.41532964
sib_zul_8,0.78793126,-0.41532964
sib_zul_80,0.7096046,0.10541948
sib_zul_81,0.6303697,0.9747339
sib_zul_82,0.67854804,0.5783185
sib_zul_83,0.7879313,-0.41532964
sib_zul_84,0.7879313,-0.41532964
sib_zul_85,0.706751,0.10293186
sib_zul_86,0.7879313,-0.41532964
sib_zul_87,0.65668243,0.05960375
sib_zul_88,0.7879313,-0.41532964
sib_zul_89,0.706751,0.10293186
sib_zul_9,0.7879313,-0.41532964
sib_zul_90,0.7879313,-0.41532964
sib_zul_91,0.7879313,-0.41532964
sib_zul_92,0.5848147,1.3261219
sib_zul_93,0.7879313,-0.41532964
sib_zul_94,0.7879313,-0.41532964
sib_zul_95,0.7879313,-0.41532964
sib_zul_96,0.7879313,-0.41532964
sib_zul_97,0.7879313,-0.41532964
sib_zul_98,0.7879313,-0.41532964
sib_zul_99,0.7879313,-0.41532964
